Name,Theme,Pieces,USD_MSRP,ppp
PreSchool Set,PreSchool,16.0,,
PreSchool Set,PreSchool,20.0,,
Pre-School Set,Duplo,21.0,,
PreSchool Set,PreSchool,32.0,,
Basic Set,Samsonite,330.0,,
Locomotive,Trains,87.0,,
Mobile Crane and Wagon,Trains,86.0,,
Tanker Wagon,Trains,83.0,,
Passenger Sleeping Car,Trains,82.0,,
Station,Trains,293.0,,
Train Set with Motor,Trains,369.0,,
Farm Set,Building Set with People,526.0,,
Airplane,Building Set with People,89.0,,
Building Ideas Book,Books,1.0,,
Helicopter and Pilot,Building Set with People,49.0,,
Family,Building Set with People,103.0,,
Farming Scene,Building Set with People,120.0,,
Windmill,LEGOLAND,215.0,,
Hospital,LEGOLAND,229.0,,
Harbour,LEGOLAND,518.0,,
Wild West,LEGOLAND,602.0,,
Space Module with Astronauts,LEGOLAND,364.0,,
1913 Cadillac,Hobby Set,200.0,,
1926 Renault,Hobby Set,237.0,,
Formula 1,Hobby Set,197.0,,
Biplane,LEGOLAND,18.0,,
Rescue Helicopter,LEGOLAND,62.0,,
Mobile Crane,LEGOLAND,46.0,,
Bricks and half bricks,Duplo,20.0,,
Bricks and half bricks and arches,Duplo,121.0,,
Bricks and half bricks and trolley,Duplo,17.0,,
Bricks and half bricks and arches and trolley,Duplo,240.0,,
Bricks and half bricks and two tolleys,Duplo,168.0,,
Bricks and half bricks all colours,Duplo,640.0,,
Brick Yard,LEGOLAND,216.0,,
Forklift,LEGOLAND,21.0,,
Police Patrol,LEGOLAND,49.0,,
Air Transporter,LEGOLAND,39.0,,
Road Repair Crew,LEGOLAND,57.0,,
Fire engine with firemen,LEGOLAND,62.0,,
Transport Truck,LEGOLAND,65.0,,
London Bus,LEGOLAND,110.0,,
Tractor,Building Set with People,93.0,,
Holdall Storage Bag,Gear,,,
Super Set,Universal Building Set,,,
"Basic Building Set, 3+",Basic,152.0,,
"Basic Building Set, 3+",Basic,217.0,,
"Basic Building Set, 3+",Basic,258.0,,
"Basic Building Set, 3+",Basic,258.0,,
"Basic Building Set, 3+",Basic,382.0,,
Basic Set,Samsonite,291.0,,
PreSchool Set,PreSchool,20.0,,
Police Station,PreSchool,28.0,,
Train Station,PreSchool,53.0,,
LEGOVille,PreSchool,66.0,,
Universal Motor,Basic,137.0,,
Battery box,Basic,1.0,,
Level Crossing,Trains,68.0,,
Refrigerated Wagon,Trains,115.0,,
Fuel Refinery,Trains,328.0,,
Straight Track,Trains,25.0,,
Curved Track,Trains,25.0,,
Straight Track with Crossing,Trains,25.0,,
Train Set with Motor and Signal,Trains,194.0,,
Family,Building Set with People,94.0,,
Farm Set,Building Set with People,120.0,,
Cowboys,Building Set with People,39.0,,
Mother and baby with dog,Building Set with People,46.0,,
Scooter,Building Set with People,23.0,,
Police Officers and Motorcycle,Building Set with People,86.0,,
Zoo (with Baseboard),Basic,486.0,,
Police Launch,LEGOLAND,53.0,,
Container Ship,LEGOLAND,95.0,,
Taxi Garage,LEGOLAND,156.0,,
Coast Guard Station,LEGOLAND,275.0,,
Police Headquarters,LEGOLAND,280.0,,
Jeep with Steering,LEGOLAND,57.0,,
Air Ambulance,LEGOLAND,151.0,,
Excavator and Dumper,LEGOLAND,159.0,,
Norton Motorcycle,Hobby Set,133.0,,
Harley-Davidson 1000cc,Hobby Set,143.0,,
1909 Rolls-Royce,Hobby Set,281.0,,
Thatcher Perkins Locomotive,Hobby Set,438.0,,
Fork Lift,LEGOLAND,21.0,,
Tipper Truck,LEGOLAND,17.0,,
Police Units,LEGOLAND,39.0,,
Learjet,LEGOLAND,46.0,,
Fire Truck,LEGOLAND,72.0,,
Puppy,Duplo,9.0,,
Elephants,Duplo,20.0,,
Pull-Along Ducks,Duplo,19.0,,
Windmill,LEGOLAND,210.0,,
Hospital,LEGOLAND,202.0,,
Moon Landing,LEGOLAND,364.0,,
Police Headquarters,LEGOLAND,300.0,,
Cargo Ship,Basic,31.0,,
Cowboys,LEGOLAND,42.0,,
Spirit of St. Louis,LEGOLAND,51.0,,
Dump Truck,LEGOLAND,27.0,,
Racing Car,LEGOLAND,67.0,,
Bus Station,LEGOLAND,80.0,,
Stage Coach,LEGOLAND,95.0,,
Western Train,Trains,291.0,,
Rescue Set,LEGOLAND,151.0,,
Road Construction Set,LEGOLAND,164.0,,
Universal Motor Set,Universal Building Set,31.0,,
"Advanced Basic Set, 6+",Basic,283.0,,
"Advanced Basic Set, 6+",Basic,401.0,,
"Advanced Basic Set with Motor, 6+",Basic,471.0,,
LEGO Number/Symbol Blocks,Dacta,100.0,,
Letter Bricks for Wall Board,Dacta,150.0,,
Educational LEGO Building Set,Dacta,683.0,,
House Accessories,Dacta,204.0,,
Supplementary Set,Dacta,198.0,,
Lufthansa Boeing 727,LEGOLAND,26.0,,
Airline Staff,Building Set with People,30.0,,
Biplane,LEGOLAND,25.0,,
Factory,LEGOLAND,194.0,,
Windmill,Basic,119.0,,
House,Basic,140.0,,
House,Basic,143.0,,
Small basic set,Minitalia,91.0,,
Medium basic set,Minitalia,128.0,,
Racer,PreSchool,4.0,,
Taxi,PreSchool,5.0,,
Camping,PreSchool,9.0,,
Mary's House,PreSchool,17.0,,
"Building Set, 3+",Universal Building Set,131.0,,
"Building Set, 3+",Universal Building Set,173.0,,
"Building Set, 3+",Universal Building Set,200.0,,
"Universal Building Set, 3+",Universal Building Set,258.0,,
"Building Set, 3+",Universal Building Set,390.0,,
Locomotive,Trains,210.0,,
Cargo Wagon,Trains,128.0,,
Policemen,Building Set with People,86.0,,
Cowboys,Building Set with People,41.0,,
Scooter,Building Set with People,45.0,,
Airplane ride,Building Set with People,48.0,,
Road repair crew,Building Set with People,68.0,,
Red Indians,Building Set with People,93.0,,
Service Station,Building Set with People,228.0,,
Firemen,Building Set with People,274.0,,
Building Ideas Book No. 2,Books,,,
Two Santas,Basic,37.0,,
Santa and Sleigh,Basic,1.0,,
Nurse and Child,Homemaker,90.0,,
Fireplace,Homemaker,82.0,,
Ladies' Hairdressers,Homemaker,160.0,,
Sea Plane,LEGOLAND,47.0,,
Texas Rangers,Universal Building Set,249.0,,
Offshore Rig with Fuel Tanker,LEGOLAND,460.0,,
"Building Set, 6+",Universal Building Set,294.0,,
"Building Set, 6+",Universal Building Set,401.0,,
"Building Set, 6+",Universal Building Set,467.0,,
Spirit of St. Louis,LEGOLAND,49.0,,
Formula 1 Racer,LEGOLAND,67.0,,
Truck with Payloader,LEGOLAND,45.0,,
Police Station,Duplo,23.0,,
Train and Station,Duplo,46.0,,
DUPLO Town,Duplo,54.0,,
Racer,Duplo,4.0,,
Taxi,Duplo,4.0,,
Camping,Duplo,10.0,,
Mary's House,Duplo,16.0,,
Police Helicopter,LEGOLAND,39.0,,
Rally Car,LEGOLAND,18.0,,
Hovercraft,LEGOLAND,60.0,,
TV Crew,LEGOLAND,46.0,,
Boeing Aeroplane,LEGOLAND,46.0,,
Photo Safari,LEGOLAND,130.0,,
Jeep CJ-5,LEGOLAND,56.0,,
Sea Plane,LEGOLAND,115.0,,
Locomotive,Trains,134.0,,
Storage Cloth,Basic,1.0,,
Storage Cloth,Basic,1.0,,
Fork-Lift Truck,Technic,210.0,,
Tractor,Technic,318.0,,
Helicopter,Technic,364.0,,
Car Chassis,Technic,601.0,,
"Technical Motor, 4.5V",Technic,22.0,,
Supplementary Set,Technic,78.0,,
Four Motor Wheel Bushes,Service Packs,4.0,,
Two Rubber Crawler Tracks,Service Packs,2.0,,
Magnetic Couplings for Railway Car,Service Packs,4.0,,
Four Locomotive Wheels,Service Packs,8.0,,
Train Sliding Wheel Blocks,Service Packs,2.0,,
Locomotive Piston Assemblies,Service Packs,6.0,,
"Propellers, Wheels and Rotor Unit",Service Packs,15.0,,
Digger Bucket Assembly,Service Packs,3.0,,
Replacement Motor 12V,Service Packs,1.0,,
Train Power Pick-Up Blocks,Service Packs,2.0,,
Electric Wire,Service Packs,2.0,,
Finnjet Ferry,Promotional,506.0,,
Silja Line Ferry,Promotional,414.0,,
Motor set,Technic,40.0,,
"Basic Building Set, 3+",Basic,64.0,,
"Basic Building Set, 3+",Basic,93.0,,
"Basic Building Set, 3+",Basic,116.0,,
Puppy,PreSchool,8.0,,
Ducks,PreSchool,5.0,,
Tub Boat,PreSchool,3.0,,
Passenger Coach,Trains,148.0,,
Cargo Station,Trains,268.0,,
Flat Wagon,Trains,53.0,,
Car Transport Wagon,Trains,102.0,,
People Set,Basic,120.0,,
Mother with baby,Building Set with People,46.0,,
Hairdressing Salon,Homemaker,215.0,,
Hospital,Homemaker,379.0,,
Bungalow,Homemaker,445.0,,
Television Room,Homemaker,104.0,,
Nursery,Homemaker,167.0,,
"Road Plates, Junction",Town,2.0,,
"Road Plates, Curved",Town,2.0,,
"Road Plates, Straight",Town,2.0,,
Fire Fighting Launch,LEGOLAND,133.0,,
Gas Station,Building Set with People,211.0,,
Fire Trucks,Building Set with People,274.0,,
Fire Station,Town,349.0,,
Castle,Castle,767.0,,
House with Garden,Town,221.0,,
Shell Service Station,Town,179.0,,
USS Constellation,Hobby Set,973.0,,
Rocket Launcher,Space,76.0,,
Alpha-1 Rocket Base,Space,187.0,,
Space Cruiser,Space,170.0,,
Space Command Center,Space,189.0,,
Building Set,Duplo,20.0,,
Animals,Duplo,39.0,,
Bath-Toy Boat,Duplo,3.0,,
Fuel Pumper,Town,79.0,,
Coast Guard Station,Town,319.0,,
Coast Guard Station (Canadian version),Town,284.0,,
Engine Co. No. 9,Town,353.0,,
Police Car,Town,23.0,,
Shell Filling Station,Town,13.0,,
Fire Chief's Car,Town,29.0,,
Motorbike,Town,26.0,,
Shell Service Car,Town,28.0,,
Street Crew,Town,18.0,,
Ambulance,Town,30.0,,
Fire Truck,Town,37.0,,
Police Car,Town,39.0,,
Tipper Truck,Town,45.0,,
Red Cross Car,Town,38.0,,
Tractor Digger,Town,31.0,,
Red Cross Helicopter,Town,37.0,,
Police Helicopter,LEGOLAND,39.0,,
Fire Truck and Trailer,Town,45.0,,
Excavator,Town,41.0,,
Tow Truck and Car,Town,44.0,,
Flatbed Truck,Town,39.0,,
Police Mobile Patrol,Town,64.0,,
Mobile Crane,Town,55.0,,
Shell Petrol Tanker,Town,77.0,,
Fire Engine and Trailer,Town,70.0,,
Rally Car and Motorbike,Town,65.0,,
Forklift and Truck,Town,55.0,,
Police Boat,Town,53.0,,
"Baseplate, Green",Basic,1.0,,
"Baseplates, Green and Yellow",Basic,2.0,,
"Baseplates, Red and Blue",Basic,2.0,,
Fire Fighter,LEGOLAND,133.0,,
Go-Kart,Technic,206.0,,
Mobile Crane,Technic,512.0,,
Two Gear Blocks,Technic,77.0,,
Go-Kart,Technic,206.0,,
Farm Tractor,Technic,316.0,,
Sky Copter,Technic,365.0,,
Auto Chassis,Technic,599.0,,
Power Pack,Technic,22.0,,
Parts Pack,Technic,78.0,,
Lighting Bricks,Basic,17.0,,
Axles and Bushes,Service Packs,24.0,,
4.5V Motor,Service Packs,1.0,,
Gear racks and turntables,Service Packs,4.0,,
Sterling Airways Aircraft,LEGOLAND,44.0,,
Town Square,Town,458.0,,
Airliner,LEGOLAND,23.0,,
Aeroplane,LEGOLAND,64.0,,
Chocolate Factory,Town,236.0,,
Educational Suitcase,Gear,,,
Town Minifigures,Town,3.0,,
Space minifigures,Space,4.0,,
Space minifigures,Space,4.0,,
Space minifigures,Space,4.0,,
Space minifigures,Space,18.0,,
Castle Minifigures,Castle,6.0,,
Nursery Furniture,Duplo,7.0,,
Living Room Furniture,Duplo,14.0,,
Farm Animals,Duplo,21.0,,
Play-Box,Duplo,4.0,,
Farm,Duplo,65.0,,
Block Box,Duplo,24.0,,
Roadster,Fabuland,22.0,,
Taxi Station,Fabuland,33.0,,
Cottage,Fabuland,113.0,,
Service Station,Fabuland,59.0,,
Hospital,Fabuland,106.0,,
Town Hall,Fabuland,134.0,,
Bathroom,Homemaker,164.0,,
Family Room,Homemaker,244.0,,
Kitchen,Homemaker,212.0,,
Two Crater Plates,Space,2.0,,
Two Lunar Landing Plates,Space,2.0,,
Bracelet,Scala,38.0,,
Bracelet,Scala,38.0,,
Pendant,Scala,29.0,,
Pendant,Scala,29.0,,
Bracelet and Pendant,Scala,1.0,,
Bracelet and Pendant,Scala,137.0,,
Ricky Racoon on his Scooter,Fabuland,2.0,,
Percy Pig with his Barrow,Fabuland,3.0,,
Michael Mouse and his New Car,Fabuland,22.0,,
Bernard Bear and his Delivery Lorry,Fabuland,27.0,,
Blondi the Pig and Taxi Station,Fabuland,37.0,,
Catherine Cat's House and Mortimer Mouse,Fabuland,123.0,,
Service Station with Billy Goat and Mike Monkey,Fabuland,80.0,,
Hospital - Lucy Lamb and Charlie Cat Visit Dr. Dog,Fabuland,205.0,,
Town Hall,Fabuland,122.0,,
Garage,Town,79.0,,
Bus Station,Town,172.0,,
Police Headquarters,Town,372.0,,
Knight's Joust,Castle,210.0,,
Space Shuttle,Space,39.0,,
Mobile Ground Tracking Station,Space,76.0,,
Two Crater Plates,Space,2.0,,
Two Lunar Landing Plates,Space,2.0,,
Galaxy Explorer,Space,338.0,,
Police Units,Town,33.0,,
Street Crew,Town,45.0,,
"Road Plates, Junction",Town,2.0,,
"Road Plates, Curved",Town,2.0,,
"Road Plates, Straight",Town,2.0,,
Emergency Van,Town,70.0,,
Road Crane,Town,55.0,,
Town House,Town,221.0,,
Police Headquarters,Town,372.0,,
Mini Loader,Town,23.0,,
Taxi,Town,25.0,,
Police Helicopter,Town,57.0,,
Auto Service,Town,43.0,,
Snack Bar,Town,64.0,,
Knight's Procession,Castle,48.0,,
Bulldozer,Technic,372.0,,
Motorbike with Sidecar,Technic,409.0,,
Yellow Beams with Connector Pegs,Technic,38.0,,
Red Beams with Connector Pegs,Technic,38.0,,
Blue Beams with Connector Pegs,Technic,38.0,,
Steering Gear Parts,Technic,24.0,,
Piston Parts,Technic,52.0,,
Gear Wheels with Chain Links,Technic,87.0,,
12 Volt Motor,Technic,22.0,,
Space Scooter,Space,20.0,,
Space Buggy,Space,20.0,,
Radar Truck,Space,29.0,,
Two Seater Space Scooter,Space,39.0,,
Mobile Ground Tracking Station,Space,76.0,,
Mobile rocket launcher,Space,76.0,,
Space Transport,Space,86.0,,
Rocket Launch Pad,Space,186.0,,
Space Transporter,Space,170.0,,
Command Centre,Space,173.0,,
Space Cruiser And Moonbase,Space,338.0,,
Forklift,Technic,208.0,,
Bulldozer,Technic,372.0,,
Mobile Crane,Technic,512.0,,
Supplementary LEGO Set,Dacta,304.0,,
50 x 50 LEGO Gray Baseplate,Dacta,1.0,,
Lego Educational Storage Cloth,Dacta,1.0,,
12V Technic Motor,Service Packs,1.0,,
Educational Refill Pack,Samsonite,1112.0,,
"Universal Building Set, 7+",Basic,301.0,,
"Universal Building Set, 7+",Basic,533.0,,
"Universal Building Set with Motor, 7+",Basic,537.0,,
Red Plates Parts Pack,Basic,34.0,,
Blue Plates Parts Pack,Basic,34.0,,
Red Bricks Parts Pack,Basic,46.0,,
Black Bricks Parts Pack,Basic,46.0,,
Blue Bricks Parts Pack,Basic,46.0,,
White Bricks Parts Pack,Basic,46.0,,
Yellow Bricks Parts Pack,Basic,46.0,,
Doors and Windows Parts Pack,Basic,37.0,,
Wheels and Tyres Parts Pack,Basic,28.0,,
"Red Roof Bricks Parts Pack, 45°",Basic,58.0,,
"Red Roof Bricks Parts Pack, 33°",Basic,42.0,,
"Baseplate, Green",Basic,1.0,,
"Baseplates, Green and Yellow",Basic,2.0,,
"Baseplates, Red and Blue",Basic,2.0,,
"Baseplate, Grey",Basic,1.0,,
Auto Engines,Technic,242.0,,
Wallboard/baseplate 40x80cm,Education,,,
Educational Duplo Building Set,Dacta,68.0,,
Universal set for boys and girls,Dacta,,,
{Town Vehicles},Dacta,172.0,,
LEGO People Supplementary Set,Dacta,304.0,,
LEGO Car and Truck Supplementary Set,Dacta,,,
Replacement 4.5V Motor,Service Packs,1.0,,
Battery Box,Service Packs,1.0,,
Two Connector Leads,Service Packs,2.0,,
Battery Tender for Trains,Service Packs,2.0,,
Two Shunting Trip-Posts and One Signal,Service Packs,4.0,,
Two Pairs of Magnetic Couplings,Service Packs,4.0,,
Eight Rubber Rims for Locomotive Wheels,Service Packs,8.0,,
Motor Frame 6 x 16 Stud Plus Four Buffers,Service Packs,5.0,,
Motor Frame 6 x 22 Stud,Service Packs,1.0,,
"Lighting Brick, 4.5V",Service Packs,1.0,,
"Two Tyres, 42 mm Diameter",Service Packs,2.0,,
Hinge Units,Service Packs,3.0,,
Ball and Socket Couplings & One Articulated Joint,Service Packs,8.0,,
Crane Grab Assembly,Service Packs,3.0,,
Spread Bag,Service Packs,34.0,,
Plastic Folder for Building Instructions,Service Packs,1.0,,
Danone Delivery Truck,Town,40.0,,
Town Square - Castle Scene,Town,471.0,,
Maersk Line Container Lorry,Town,305.0,,
Rock 'n' Roll Pull-Toy,Duplo,4.0,,
Rock 'n' Rattle Pull-Toy,Duplo,6.0,,
Sports Car,Duplo,2.0,,
Delivery Van,Duplo,6.0,,
Car with Boat and Trailer,Duplo,6.0,,
Pony Trailer,Duplo,5.0,,
Family Room,Duplo,9.0,,
Grocery Store,Duplo,23.0,,
Playbox,Duplo,1.0,,
Nursery School,Duplo,29.0,,
Farm,Duplo,60.0,,
Pram - Lisa Lamb Goes Walking,Fabuland,3.0,,
Mark Monkey with his Fruit Stall,Fabuland,3.0,,
Ricky Racoon and his Scooter,Fabuland,1.0,,
Charlie Crow's Carry-All,Fabuland,17.0,,
Harry Horse and Clara Cow's Ice Cream Shoppe,Fabuland,36.0,,
Rings,Scala,15.0,,
Rings,Scala,15.0,,
Picture Frame and Mirror,Scala,52.0,,
Bedroom,Homemaker,26.0,,
LEGOLAND Idea Book,Books,,,
"Road Plates, Cross",Town,2.0,,
Trees and Flowers,Town,12.0,,
Road Signs,Town,12.0,,
Auto Repair Shop,Town,141.0,,
Paramedic Unit,Town,137.0,,
Exxon Gas Station,Town,267.0,,
Main Street,Town,591.0,,
Race Car,Town,17.0,,
Convertible,Town,37.0,,
Highway Repair,Town,55.0,,
Dump Truck,Town,42.0,,
Pneumatic Crane,Town,60.0,,
Exxon Tow Truck,Town,79.0,,
Snorkel Pumper,Town,91.0,,
Shovel Buggy,Space,28.0,,
Mineral Detector,Space,44.0,,
X1 Patrol Craft,Space,55.0,,
Mobile Lab,Space,135.0,,
Beta I Command Base,Space,254.0,,
Push-Along Passenger Steam Train,Trains,447.0,,
Diesel Freight Train Set,Trains,425.0,,
Electric Goods Train Set,Trains,516.0,,
Inter-City Passenger Train Set,Trains,786.0,,
Steam Engine with Tender,Trains,263.0,,
Diesel Shunter Locomotive,Trains,150.0,,
Push-Along Steam Engine,Trains,97.0,,
Crane Wagon,Trains,113.0,,
Shell Tanker Wagon,Trains,120.0,,
Passenger Coach,Trains,114.0,,
Mail Van,Trains,212.0,,
Railway Station,Trains,384.0,,
Level Crossing,Trains,91.0,,
8 Straight Rails Grey 4.5V,Trains,32.0,,
8 Curved Rails Grey 4.5V,Trains,32.0,,
Left and Right Points Manual Grey 4.5V,Trains,14.0,,
"Crossing, Grey 4.5V",Trains,5.0,,
8 Straight Electric Rails Grey 12V,Trains,8.0,,
8 Curved Electric Rails Grey 12V,Trains,8.0,,
Left and Right Manual Points with Electric Rails Grey 12V,Trains,16.0,,
"Crossing, Electric Rails Grey 12V",Trains,5.0,,
Remote Controlled Points Right 12V,Trains,12.0,,
Remote Controlled Points Left 12V,Trains,12.0,,
Remote Controlled Signal 12V,Trains,24.0,,
Lighting Set Electric 12V,Trains,24.0,,
Remote Controlled Point Motor 12V,Trains,7.0,,
Transformer / Speed Controller 12V,Trains,33.0,,
Motor Replacement Unit for Battery or Motor-Less Trains 12V,Trains,19.0,,
Motorcycles,Technic,377.0,,
Auto Engines,Technic,242.0,,
Car Chassis,Technic,668.0,,
Ideas Book,Books,,,
WWF Female Minifigure Key Chain,Gear,,,
Basic Souvenir Box,Basic,38.0,,
Building Ideas Book,Books,,,
Basic Set,Basic,53.0,,
Basic Set,Basic,98.0,,
Universal Building Set,Basic,181.0,,
Basic Building Set,Basic,184.0,,
"Basic Building Set, 5+",Basic,141.0,,
"Basic Building Set, 5+",Basic,246.0,,
"Basic Building Set, 5+",Basic,288.0,,
"Basic Building Set, 5+",Basic,384.0,,
Wind-Up Motor,Basic,10.0,,
Road Plates and Signs,Dacta,30.0,,
Dacta Buildings,Dacta,396.0,,
Battery Wagon,Service Packs,4.0,,
 Battery Cable Kit,Service Packs,13.0,,
"Buffers, Magnetic Couplers",Service Packs,6.0,,
Train Couplings,Service Packs,4.0,,
Replacement Rubber Wheel Treads for Trains,Service Packs,8.0,,
Motor-Mount Plate with Magnetic Couplers,Service Packs,5.0,,
12V Light Bricks,Service Packs,2.0,,
Wheel Bricks with Small Red Train Wheels,Service Packs,2.0,,
Wheel Bricks with Small Black Train-Wheels,Service Packs,2.0,,
Wheel Bricks with Large Red Train Wheels,Service Packs,2.0,,
Train Baseplate,Service Packs,2.0,,
 Bogie Plate,Service Packs,2.0,,
"Pushrods, Cylinder Housings",Service Packs,6.0,,
"Light Prisms & Holder, Red/Yellow Light Covers",Service Packs,7.0,,
Lower part of housing for 4.5V/12V train motor,Service Packs,1.0,,
Silja Line Ferry,Promotional,182.0,,
Basic Set,Duplo,9.0,,
Basic Set,Duplo,17.0,,
Basic Building Set,Duplo,22.0,,
Basic Set,Duplo,32.0,,
Basic Set,Duplo,45.0,,
Helicopter,Duplo,2.0,,
Service Station,Duplo,14.0,,
Elton Elephant,Fabuland,6.0,,
Boris Bulldog and Mailbox,Fabuland,5.0,,
Percy Pig,Fabuland,4.0,,
Perry Panda and Chester Chimp,Fabuland,3.0,,
Barney Bear,Fabuland,16.0,,
Bonnie Bunny's Camper,Fabuland,25.0,,
Castle,Castle,767.0,,
Knight's Procession,Castle,48.0,,
Knight's Joust,Castle,211.0,,
Summer Cottage,Town,144.0,,
Fire Station,Town,390.0,,
Public Works Center,Town,421.0,,
Police Patrol,Town,23.0,,
Fire Unit I,Town,29.0,,
Gas Pumps,Town,29.0,,
Fire Chief's Car,Town,20.0,,
Rescue Helicopter,Town,37.0,,
Shell Tow Truck,Town,38.0,,
Ambulance,Town,39.0,,
Bucket Loader,Town,34.0,,
Fire and Rescue Van,Town,46.0,,
Ambulance,Town,63.0,,
Police Van,Town,82.0,,
Red Cross Helicopter,Town,107.0,,
Moon Buggy,Space,22.0,,
Space Digger,Space,33.0,,
Small Space Shuttle Craft,Space,46.0,,
Space Probe Launcher,Space,52.0,,
All-Terrain Vehicle,Space,170.0,,
Starfleet Voyager,Space,242.0,,
Electric Passenger Train Set,Trains,485.0,,
Trains Ideas Book,Books,,,
Remote Controlled Decoupling and Signal 12V,Trains,16.0,,
Technical Elements,Technic,124.0,,
Helicopter,Technic,316.0,,
Dune Buggy,Technic,174.0,,
Power Truck,Technic,398.0,,
Tractor,Technic,610.0,,
Space Mini-Figures,Space,24.0,,
"Basic Building Set, 5+",Basic,748.0,,
Technic I Simple Machines Set,Dacta,178.0,,
Little People with Accessories,Dacta,138.0,,
Roof Bricks,Dacta,336.0,,
Hooks,Service Packs,,,
Keys for wind-up motor,Service Packs,2.0,,
{Fences and Gates},Service Packs,10.0,,
Space Stands and Brackets,Service Packs,8.0,,
Rocket tops,Service Packs,6.0,,
Space Radar Disks,Service Packs,5.0,,
Yellow beams,Service Packs,8.0,,
Blue beams,Service Packs,8.0,,
Black beams,Service Packs,8.0,,
Red beams,Service Packs,8.0,,
Tractor wheels and tyres,Service Packs,12.0,,
Chain links,Service Packs,70.0,,
Breakdown Assistance,Town,233.0,,
Pampers Gift Pack,Duplo,5.0,,
Viking Line Ferry,Promotional,244.0,,
Viking Line Ferry 'Viking Saga',Promotional,207.0,,
Mini Building Set,Basic,36.0,,
3+ Building Set,Basic,85.0,,
Promo Basic Set,Basic,115.0,,
Basic Building Set with Storage Case,Basic,52.0,,
Building Plate Red,Duplo,1.0,,
Supplementary Bricks,Duplo,18.0,,
Basic Set,Duplo,25.0,,
Little Plane,Duplo,2.0,,
Fire Engine,Duplo,4.0,,
Barnyard,Duplo,21.0,,
Living Room,Duplo,26.0,,
Play-Box Home and Garage,Duplo,18.0,,
Lisa Lamb's House,Fabuland,32.0,,
Billy Bear and Mortimer Mouse's  Service Station,Fabuland,28.0,,
Pat and Freddy's Shop,Fabuland,58.0,,
Fire Station,Fabuland,33.0,,
The Motel,Fabuland,60.0,,
Lionel Lion's Lodge,Fabuland,123.0,,
Figure collection,Fabuland,,,
Figure collection,Fabuland,,,
Charlie Cat the fisherman,Fabuland,2.0,,
Peter Pig the Cook,Fabuland,2.0,,
Marjorie Mouse,Fabuland,2.0,,
Ernie Elephant,Fabuland,2.0,,
Clara Cow,Fabuland,2.0,,
Rufus Rabbit,Fabuland,3.0,,
Maximillian Mouse,Fabuland,4.0,,
Paul Parrot,Fabuland,4.0,,
Hugo Hog the Tinker,Fabuland,4.0,,
Boris Bulldog,Fabuland,8.0,,
Tug Boat,Boats,66.0,,
Freighter,Boats,80.0,,
Fire Boat,Boats,150.0,,
Schoolroom,Homemaker,231.0,,
Mini-Figure Set,Town,25.0,,
Policemen,Town,20.0,,
Post Office,Town,133.0,,
Town House,Town,217.0,,
Service Truck,Town,20.0,,
Tractor,Town,21.0,,
Mail Truck,Town,47.0,,
Highway Maintenance Truck,Town,56.0,,
Fire Copter 1,Town,99.0,,
Surface Explorer,Space,82.0,,
Cosmic Cruiser,Space,115.0,,
Mobile Rocket Transport,Space,209.0,,
Universal Set,Technic,141.0,,
Universal Motor Set,Technic,141.0,,
Universal Set,Technic,266.0,,
Power Pack,Technic,26.0,,
Tow Truck,Technic,379.0,,
50 Years of Play,Books,,,
"Basic Building Set, 7+",Basic,364.0,,
Storage Tray Red,Gear,,,
Storage Tray Blue,Gear,,,
Building Cards - 1030,Dacta,20.0,,
Mini Basic Pack,Dacta,,,
Jack,Service Packs,2.0,,
Pump cylinder,Service Packs,1.0,,
Super Model Building Instructions,Space,313.0,,
Crecer Feliz Giftbox,Duplo,2.0,,
Basic Set,Basic,34.0,,
Car,Basic,20.0,,
Boat,Basic,27.0,,
Helicopter,Basic,20.0,,
Aircraft,Basic,20.0,,
Animal,Duplo,6.0,,
Animal,Duplo,5.0,,
Bird,Duplo,5.0,,
Duplo Promotional Set,Duplo,4.0,,
Motorcycle,Technic,103.0,,
Universal Building Set with Storage Case,Basic,138.0,,
Special Three-Set Space Pack,Space,82.0,,
Town Value Pack,Town,100.0,,
Oval Rattle,Duplo,1.0,,
Square Rattle,Duplo,1.0,,
Duck Rattle,Duplo,1.0,,
Spin-A-Coaster,Duplo,2.0,,
Activity and Bath Toy,Duplo,2.0,,
Basic Set Safari,Duplo,34.0,,
Racer,Duplo,3.0,,
Police Car,Duplo,5.0,,
Camping,Duplo,11.0,,
Tip Truck,Duplo,7.0,,
Crane Set,Duplo,23.0,,
Train Set,Duplo,31.0,,
Passenger Train,Duplo,12.0,,
Straight Tracks,Duplo,4.0,,
Curved Tracks,Duplo,4.0,,
Roger Racoon and his Sports Car,Fabuland,16.0,,
Bonnie Bunny ,Fabuland,18.0,,
Gertrude Goat the painter,Fabuland,14.0,,
Fire Engine,Fabuland,17.0,,
Henry Horse the carpenter,Fabuland,2.0,,
Patrick Panda,Fabuland,2.0,,
Hannah Hippopotamus the public gardener,Fabuland,8.0,,
Paulette Poodles' Living Room,Fabuland,12.0,,
Town Figures,Town,20.0,,
Castle Figures,Castle,22.0,,
Firemen,Town,22.0,,
Shell Service Station,Town,261.0,,
Holiday Home,Town,249.0,,
Police Station,Town,389.0,,
Road Repair Set,Town,27.0,,
Police Car,Town,39.0,,
Delivery Van,Town,41.0,,
Construction Truck,Town,44.0,,
Motorcycle Transport,Town,42.0,,
Hamburger Stand,Town,69.0,,
Tractor Trailer,Town,96.0,,
Minifig Pack,Space,36.0,,
Minifig Pack,Space,24.0,,
Space Patrol,Space,25.0,,
Surface Transport,Space,27.0,,
Sismobile,Space,46.0,,
Space Supply Station,Space,206.0,,
Galaxy Commander,Space,443.0,,
Freight Steam Train Set,Trains,570.0,,
Diesel Heavy Shunting Locomotive,Trains,164.0,,
Passenger Carriage / Sleeper,Trains,228.0,,
Postal Container Wagon,Trains,183.0,,
Track & Lighting Maintenance Wagon,Trains,90.0,,
Railway Station,Trains,478.0,,
Freight Loading Depot,Trains,315.0,,
Remote Controlled Road Crossing 12V,Trains,191.0,,
4 Lighting Standards Electric 12V,Trains,52.0,,
Dune Buggy,Technic,180.0,,
Dragster,Technic,250.0,,
Castle Minifigures,Castle,10.0,,
Mail Van,Town,65.0,,
The Building Book,Books,,,
"Basic Building Set, 3+",Basic,83.0,,
"Basic Building Set, 5+",Basic,89.0,,
Storage Cabinet,Gear,,,
Storage Cabinet,Gear,,,
Fabuland Characters,Fabuland,,,
Mosaic Set,Dacta,,,
Technic II Powered Machines Set,Dacta,278.0,,
Basic Pack,Dacta,402.0,,
{Spare Elements},Dacta,699.0,,
Community Buildings,Dacta,914.0,,
{Spare Elements - Structures},Dacta,198.0,,
Upper part of housing for 4.5V/12V train motor,Service Packs,1.0,,
Trial Pack Duck,Duplo,6.0,,
Trial Size Offer,Basic,31.0,,
Basic Building Set with Storage Case,Basic,83.0,,
Basic Set with Storage Case,Basic,137.0,,
Town 3-Pack,Town,97.0,,
Town Value Pack,Town,78.0,,
Space Value Pack,Space,97.0,,
Squirrel Rattle,Duplo,2.0,,
Rocking Horse,Duplo,2.0,,
"Base Plate, Red",Duplo,1.0,,
Supplementary Set,Duplo,18.0,,
Supplementary Set,Duplo,25.0,,
Basic Set Animal,Duplo,9.0,,
Basic Set House,Duplo,15.0,,
Basic Set Vehicles,Duplo,25.0,,
Basic Set Town,Duplo,53.0,,
Deep Sea Diver,Duplo,2.0,,
Helicopter,Duplo,2.0,,
Tow Truck,Duplo,3.0,,
Petrol Station,Duplo,12.0,,
Sea Explorer,Duplo,36.0,,
Train Points,Duplo,10.0,,
Train Bridge,Duplo,5.0,,
Percy Pilot,Fabuland,8.0,,
Paddy Wagon,Fabuland,9.0,,
Bertie Bulldog (Police Chief) and Constable Bulldog,Fabuland,63.0,,
Service Station,Fabuland,52.0,,
Airport,Fabuland,49.0,,
Tubby and Tuba,Fabuland,4.0,,
Robby Rabbit,Fabuland,4.0,,
Mike Monkey,Fabuland,7.0,,
Constable Clarke,Fabuland,5.0,,
Wally Walrus,Fabuland,6.0,,
Supply Wagon,Castle,35.0,,
Jousting Knights,Castle,37.0,,
Horse Cart,Castle,42.0,,
Catapult,Castle,83.0,,
Blacksmith Shop,Castle,92.0,,
Siege Tower,Castle,216.0,,
Knight's Castle,Castle,408.0,,
King's Castle,Castle,664.0,,
Castle Figures,Castle,25.0,,
Fire & Rescue Squad,Town,112.0,,
Semi Truck,Town,155.0,,
Motorcycle Shop,Town,171.0,,
Cargo Center,Town,553.0,,
Road Racer,Town,20.0,,
Fire Truck,Town,38.0,,
Mailman on Motorcycle,Town,26.0,,
Construction Workers,Town,20.0,,
Auto & Tire Repair,Town,58.0,,
Police Patrol Squad,Town,77.0,,
Backhoe,Town,88.0,,
Car with Camper,Town,109.0,,
Tanker Truck,Town,106.0,,
Fuel Tanker,Town,106.0,,
Surface Rover,Space,21.0,,
Space Dart I,Space,48.0,,
Tri-Star Voyager,Space,69.0,,
Star Patrol Launcher,Space,63.0,,
Lunar Rocket Launcher,Space,97.0,,
Uranium Search Vehicle,Space,199.0,,
Robot Command Center,Space,295.0,,
Inter-Galactic Command Base,Space,328.0,,
Universal Set,Technic,119.0,,
Universal Set,Technic,163.0,,
Fork-Lift Truck,Technic,269.0,,
Excavator,Technic,347.0,,
Ideas Book,Books,,,
UNICEF Van,Town,59.0,,
Mail Truck,Town,124.0,,
Building Ideas Book,Books,,,
Basic Building Set,Basic,,,
"Basic Building Set, 3+",Basic,31.0,,
"Basic Building Set, 3+",Basic,30.0,,
"Basic Building Set, 3+",Basic,46.0,,
"Basic Building Set, 3+",Basic,77.0,,
"Basic Building Set, 3+",Basic,156.0,,
"Basic Building Set, 3+",Basic,214.0,,
"Basic Building Set, 3+",Basic,311.0,,
"Basic Building Set, 5+",Basic,41.0,,
"Basic Building Set, 5+",Basic,66.0,,
"Basic Building Set, 5+",Basic,98.0,,
"Basic Building Set, 5+",Basic,165.0,,
"Basic Building Set, 5+",Basic,269.0,,
"Basic Building Set, 5+",Basic,626.0,,
"Basic Building Set, 5+",Basic,569.0,,
"Basic Building Set, 7+",Basic,334.0,,
"Basic Building Set, 7+",Basic,412.0,,
"Basic Building Set, 7+",Basic,525.0,,
Storage Case,Gear,,,
Basic Motor Set,Basic,34.0,,
Wind-Up Motor,Basic,10.0,,
Numbers - 6 symbols,Dacta,,,
Letters Large,Dacta,192.0,,
Letter Bricks for Wall Board,Dacta,,,
Letters Small,Dacta,,,
Animals - 32 elements,Dacta,32.0,,
Figures and Furniture,Dacta,35.0,,
Play Boxes from 2 yrs,Dacta,2.0,,
Vehicles,Dacta,30.0,,
Building Cards - 1032,Dacta,20.0,,
Teachers Resource Set,Dacta,1501.0,,
Teacher's Guide to TECHNIC II,Books,,,
Universal Buggy - I,Dacta,117.0,,
Ships,Dacta,241.0,,
Basic School Pack - Topical/Thematic work,Dacta,809.0,,
Community Workers,Dacta,115.0,,
House Accessories,Dacta,184.0,,
Large Baseplate 48 x 48,Dacta,1.0,,
6 Lego Baseplates 8 x 16 Green,Dacta,6.0,,
Lego Basic Figures,Dacta,24.0,,
Basic Set with Storage Case,Basic,99.0,,
Basic Building Set with Storage Case,Basic,210.0,,
Rattle Round with Ball,Duplo,,,
Building Bricks,Duplo,10.0,,
Building Bricks with Figure,Duplo,10.0,,
Aircraft,Universal Building Set,26.0,,
Helicopter,Basic,36.0,,
Basic Set,Duplo,6.0,,
Duck,Basic,6.0,,
Maersk Truck and Trailer Unit,Town,352.0,,
Basic Building Set,Basic,27.0,,
Basic Building Set,Basic,32.0,,
Viking Line Ferry,Promotional,176.0,,
Building Set with Storage Bunny,Duplo,29.0,,
Basic Model,Duplo,5.0,,
Basic Model,Duplo,5.0,,
Special Value Set,Basic,96.0,,
Basic Set with Storage Case,Basic,,,
Basic Building Set,Basic,211.0,,
Basic Building Set,Basic,27.0,,
"Building Set, Trial Size Offer",Basic,32.0,,
Car Repair Shop,Town,296.0,,
Town Value Pack,Town,149.0,,
Heavy Payload Spacecraft (Schwernutzlast-Raumschiff),Space,177.0,,
Space Value Pack,Space,151.0,,
Go-Kart,Technic,98.0,,
Combi Pack,Duplo,,,
Town Value Pack,Town,97.0,,
Space Value Pack,Space,84.0,,
Clown Shape Sorter,Duplo,7.0,,
"Baseplates, Red",Duplo,2.0,,
Pre-School Basic Building Set,Duplo,6.0,,
Fire Chief Building Set,Duplo,4.0,,
Boat Yard Building Set,Duplo,10.0,,
Yellow Car,Duplo,2.0,,
Fire Engine,Duplo,3.0,,
Tractor and Farm Machinery,Duplo,7.0,,
Stunt Pilot and Plane,Duplo,2.0,,
Farm Animals,Duplo,17.0,,
Farm Set,Duplo,54.0,,
Flower Car,Fabuland,19.0,,
Sandy Seagull's Aeroplane,Fabuland,8.0,,
The Fabuland Big Band Peter Pig and Gabriel Gorilla,Fabuland,30.0,,
Car and Camper,Fabuland,22.0,,
Fire Engine,Fabuland,18.0,,
Police Van,Fabuland,9.0,,
Fisherman's Wharf,Fabuland,25.0,,
Paddle Steamer,Fabuland,61.0,,
Amusement Park,Fabuland,99.0,,
Workman and Barrow,Fabuland,6.0,,
Hannah's Flower Stand,Fabuland,14.0,,
Telephone,Fabuland,8.0,,
Mouse in a Tub Fishing,Fabuland,9.0,,
Bedroom,Fabuland,14.0,,
Boris Bulldog and Mailbox,Fabuland,12.0,,
Police Motorcycle,Fabuland,14.0,,
Catherine Cat in her Kitchen,Fabuland,28.0,,
Black Knight's Treasure,Castle,25.0,,
Prisoner Convoy,Castle,115.0,,
Castle Mini-Figures,Castle,36.0,,
Jet Airliner,Town,136.0,,
Auto Workshop,Town,134.0,,
Weekend Home,Town,173.0,,
Delivery Center,Town,305.0,,
Fire House-I,Town,407.0,,
Airport,Town,530.0,,
Ice Cream Cart,Town,30.0,,
Shovel Truck,Town,27.0,,
Formula 1 Racer,Town,31.0,,
Steam Shovel,Town,47.0,,
Tactical Patrol Truck,Town,44.0,,
Family Car,Town,40.0,,
Tow Truck,Town,53.0,,
Fire Patrol Copter,Town,66.0,,
Cement Mixer,Town,90.0,,
Ambulance,Town,72.0,,
Post-Station,Town,53.0,,
Rescue-I Helicopter,Town,82.0,,
Astro Dasher,Space,31.0,,
Surface Hopper,Space,23.0,,
Space Sledge with Astronaut and Robot,Space,24.0,,
Cosmic Comet,Space,40.0,,
Crater Crawler,Space,32.0,,
Space Dozer,Space,49.0,,
Inter-Planetary Shuttle,Space,62.0,,
Xenon X-Craft,Space,74.0,,
Walking Astro Grappler,Space,92.0,,
Gamma V Laser Craft,Space,144.0,,
FX Star Patroller,Space,239.0,,
Solar Power Transporter,Space,317.0,,
Push-Along Passenger Steam Train,Trains,449.0,,
Steam Cargo Train Set,Trains,495.0,,
Freight Train Set,Trains,509.0,,
High-Speed City Express Passenger Train Set,Trains,736.0,,
Crane Wagon,Trains,147.0,,
Road Crossing,Trains,129.0,,
V-belts / Rubber Bands,Service Packs,20.0,,
Shock Absorbers,Service Packs,4.0,,
Helicopter,Basic,24.0,,
Police Car,Basic,21.0,,
Fire Engine,Basic,23.0,,
Tow Truck,Basic,29.0,,
Extra Bricks Red,Basic,62.0,,
Extra Bricks Blue,Basic,82.0,,
Extra Bricks White,Basic,30.0,,
Extra Bricks Yellow,Basic,62.0,,
Extra Bricks Black,Basic,62.0,,
Extra Bricks Grey,Basic,62.0,,
Extra Plates Blue,Basic,42.0,,
Extra Plates Red,Basic,42.0,,
Wheels and Tyres,Basic,40.0,,
Doors and Windows,Basic,38.0,,
"Red Roof Bricks, Steep Pitch",Basic,59.0,,
"Red Roof Bricks, Shallow Pitch",Basic,60.0,,
"Baseplate, Green",Basic,1.0,,
"Baseplates, Green, Red and Yellow",Basic,3.0,,
"Baseplate, Grey",Basic,1.0,,
"Lighting Bricks, 4.5V",Basic,18.0,,
Mosaic Set,Dacta,191.0,,
"Mosaic Set (Pets: dogs, cats, hens, rabbits)",Dacta,80.0,,
Mosaic Set (Lion),Dacta,20.0,,
Basic Bricks - 90 elements,Dacta,86.0,,
Basic Vehicles - 78 elements,Dacta,94.0,,
Mini Basic Bricks - 29 elements,Dacta,29.0,,
Giant Red Baseplate,Dacta,1.0,,
6 x 12 Base Bricks,Dacta,6.0,,
Manual Control Set 1,Dacta,46.0,,
Farm Set,Dacta,82.0,,
Harbour,Dacta,77.0,,
Community People,Dacta,12.0,,
Farm Animals Set,Dacta,30.0,,
Community Vehicles,Dacta,33.0,,
Industrial Elements,Dacta,20.0,,
Train Set,Dacta,61.0,,
Extra Track,Dacta,12.0,,
Bridge and Crossing Tracks,Dacta,12.0,,
Basic Pack,Dacta,402.0,,
Bricks 2 x 2 and 2 x 4,Dacta,56.0,,
Supplementary Pack,Dacta,64.0,,
Technic Control 1,Dacta,404.0,,
Technic Control II,Dacta,463.0,,
Interface A,Dacta,3.0,,
Bogie plates,Service Packs,2.0,,
Motor housing,Service Packs,2.0,,
Replacement Space Siren,Service Packs,1.0,,
Hinges and Couplings,Service Packs,9.0,,
Optosensors (4.5V) and Discs,Service Packs,4.0,,
Basic Box,Basic,166.0,,
Car Building Set,Duplo,7.0,,
House Building Set,Duplo,13.0,,
House and Car Building Sets,Duplo,20.0,,
Town Value Pack,Town,88.0,,
Special Two-Set Space Pack,Space,96.0,,
Basic Building Set,Basic,59.0,,
Basic Building Set,Basic,27.0,,
Basic Building Set,Basic,38.0,,
LEGO Container Lorry,Town,154.0,,
 Unknown,Space,104.0,,
Dragster,Town,21.0,,
Silja Line Ferry,Promotional,176.0,,
Santa Claus,Basic,19.0,,
Christmas Hearts,Basic,10.0,,
Scooter,Space,26.0,,
Mobile Command Trailer,Space,70.0,,
Fabuland Character Polybag,Fabuland,4.0,,
Super Tow Truck,Town,67.0,,
Lunar Scout,Space,72.0,,
"Breakdown Assistance, Touring Club Schweiz Edition",Town,245.0,,
Storage Container,Duplo,47.0,,
Storage Container,Basic,260.0,,
DUPLO Combination Pack,Duplo,6.0,,
Basic Set with Storage Case,Basic,215.0,,
Oval Rattle,Duplo,1.0,,
Squirrel Rattle,Duplo,2.0,,
Spin-A-Coaster,Duplo,2.0,,
Clown Shape Sorter,Duplo,7.0,,
Rocking Horse Push-Along,Duplo,2.0,,
Activity and Bath Toy,Duplo,2.0,,
DUPLO Family,Duplo,7.0,,
Bedroom,Duplo,30.0,,
Bathroom,Duplo,10.0,,
Kitchen,Duplo,21.0,,
Living Room,Duplo,29.0,,
House Supplementary Set,Duplo,11.0,,
Play House,Duplo,64.0,,
Motor Boat with Walter Walrus,Fabuland,13.0,,
Mike Monkey and his Taxi,Fabuland,10.0,,
Merry-Go-Round with Ticket Booth,Fabuland,42.0,,
Flour Mill and Shop,Fabuland,73.0,,
Outdoor Cafe with Bonnie Bunny,Fabuland,6.0,,
Patricia Piglet at her Bakery,Fabuland,30.0,,
Off-Road 4 x 4,Model Team,285.0,,
Formula 1 Racer,Model Team,451.0,,
Highway Rig,Model Team,667.0,,
Siege Cart,Castle,54.0,,
Maiden's Cart,Castle,43.0,,
Armor Shop,Castle,114.0,,
Guarded Inn,Castle,230.0,,
Black Falcon's Fortress,Castle,430.0,,
Town Mini-Figures,Town,32.0,,
"Road Plates, Junction",Town,2.0,,
"Road Plates, Curved",Town,2.0,,
"Road Plates, Straight",Town,2.0,,
"Road Plates, Cross",Town,2.0,,
Horse Trailer,Town,141.0,,
Weekend Cottage,Town,113.0,,
Mobile Crane,Town,163.0,,
Shell Service Station,Town,291.0,,
Riding Stable,Town,275.0,,
Police Command Base,Town,381.0,,
Mobile Police Truck,Town,77.0,,
Hook and Ladder Truck,Town,118.0,,
Fire Chief's Car,Town,29.0,,
Telephone Booth,Town,24.0,,
Stock Car,Town,47.0,,
Bulldozer,Town,65.0,,
TV Camera Crew,Town,64.0,,
Mobile Command Unit,Town,100.0,,
Motocross Racing,Town,72.0,,
RV with Speedboat,Town,129.0,,
Space Mini-Figures,Space,56.0,,
Sonic Robot,Space,103.0,,
XT Starship,Space,201.0,,
Sonar Transmitting Cruiser,Space,363.0,,
Space Probe,Space,31.0,,
Starfire I,Space,34.0,,
Cosmic Charger,Space,51.0,,
Moon Rover,Space,66.0,,
Modular Space Transport,Space,150.0,,
Mobile Recovery Vehicle,Space,150.0,,
Alien Moon Stalker,Space,263.0,,
Cosmic Fleet Voyager,Space,413.0,,
Shell Tanker Wagon,Trains,121.0,,
Container Crane Depot,Trains,487.0,,
Car Transport Depot,Trains,340.0,,
Universal Set,Technic,174.0,,
Universal Motor Set,Technic,191.0,,
Snow Scooter,Technic,100.0,,
Polar Copter,Technic,238.0,,
Arctic Rescue Unit,Technic,385.0,,
Arctic Rescue Base,Technic,523.0,,
Go-Kart,Technic,281.0,,
Tractor,Technic,346.0,,
Play and Build Centre,Dacta,14.0,,
Baby set,Dacta,13.0,,
Building plates,Dacta,6.0,,
Duplo furniture,Dacta,74.0,,
Duplo family,Dacta,10.0,,
Town Environment,Dacta,605.0,,
Roadplates and Scenery,Dacta,85.0,,
2 For 1 Bonus Offer,Castle,151.0,,
Building Ideas Book,Books,1.0,,
"Basic Building Set, 3+",Basic,33.0,,
"Basic Building Set, 3+",Basic,33.0,,
Basic Building Set,Basic,68.0,,
Basic Building Set,Basic,99.0,,
Basic Building Set,Basic,212.0,,
Basic Building Set,Basic,328.0,,
Basic Building Set with Storage Case,Basic,,,
Basic Building Set,Basic,451.0,,
"Basic Building Set, 5+",Basic,35.0,,
"Basic Building Set, 5+",Basic,56.0,,
Basic Building Set 5+,Basic,115.0,,
Basic Building Set,Basic,192.0,,
"Basic Building Set, 5+",Basic,259.0,,
"Basic Building Set, 5+",Basic,563.0,,
"Basic Building Set, 5+",Basic,711.0,,
Rescue Helicopter,Town,39.0,,
Storage Cloth,Basic,1.0,,
TC logo - Activity Book Box Set,Dacta,,,
Animal Mosaic Puzzle,Dacta,80.0,,
Animal Mosaic Puzzle,Dacta,80.0,,
"Touch Sensors, 4.5V",Service Packs,2.0,,
Pre-school activities with LEGO bricks,Dacta,,,
Race Car,Town,46.0,,
Petrol Tanker,Town,40.0,,
Helicopter,Town,40.0,,
Petrol Pumps and Garage Staff,Town,32.0,,
Vacation House,Town,353.0,,
Combi Pack,Duplo,,,
Houses,Town,197.0,,
Building Set,Duplo,,,
Rally Car,Town,52.0,,
Pitstop and Crew,Town,109.0,,
Spy-Bot,Space,62.0,,
Twin Starfire,Space,89.0,,
Yellow Bucket,Duplo,68.0,,
Two Pick Set,Town,161.0,,
Town Value Pack,Town,161.0,,
Special Two-Set Space Pack,Space,151.0,,
Promotional Set,Fabuland,23.0,,
Rattle,Duplo,1.0,,
Basic Building Set,Basic,59.0,,
Basic Set 5+ with Board Game,Basic,230.0,,
Combi Pack,Duplo,,,
Basic Set with Storage Case,Basic,,,
Basic Set with Storage Case,Basic,,,
Basic Building Set,Basic,27.0,,
Trial Size Offer,Basic,33.0,,
Airliner,Basic,102.0,,
Basic Set 3+,Basic,16.0,,
Basic Set 3+,Basic,13.0,,
Basic Set 3+,Basic,17.0,,
Basic Set 3+,Basic,14.0,,
Red and Yellow Car,Basic,23.0,,
Helicopter,Basic,25.0,,
Aeroplane,Universal Building Set,24.0,,
Ship,Basic,27.0,,
"Basic Set, 3+",Basic,359.0,,
Basic Set,Basic,382.0,,
Pre-School Building Set,Duplo,67.0,,
Duck Rattle - Teether,Duplo,1.0,,
Telephone Rattle,Duplo,3.0,,
Touch and Learn Cot Toy,Duplo,6.0,,
Supplementary Bricks,Duplo,28.0,,
Supplementary Bricks,Duplo,39.0,,
Basic Set Animal,Duplo,12.0,,
Basic Set Circus,Duplo,19.0,,
Basic Set House and Car,Duplo,24.0,,
Basic Set Safari,Duplo,45.0,,
Basic Set Harbour,Duplo,45.0,,
Basic Set Town,Duplo,63.0,,
Windmill building set,Duplo,10.0,,
Transport Truck,Duplo,4.0,,
Delivery Truck,Duplo,4.0,,
Fire Engine,Duplo,5.0,,
Container Truck,Duplo,9.0,,
Train Crossings,Duplo,4.0,,
Lucy Lamb's Bedroom,Fabuland,21.0,,
School Room,Fabuland,24.0,,
Playground,Fabuland,16.0,,
Double-Decker Bus,Fabuland,32.0,,
Bonny Bunny's New House,Fabuland,44.0,,
General Store,Fabuland,103.0,,
Fire Station,Fabuland,149.0,,
Bus Stop with Maximilian Mouse,Fabuland,5.0,,
Fire Chief Boris Bulldog,Fabuland,8.0,,
Police Rescue Boat,Boats,83.0,,
Fire Fighter,Boats,206.0,,
Cargo Carrier,Boats,323.0,,
Replacement Motor 4.5V,Service Packs,1.0,,
4 Wheel Bushes for 4.5V Basic Motor,Service Packs,4.0,,
2 Rubber Crawler Tracks,Service Packs,2.0,,
2 Lighting Bricks 4.5V,Service Packs,2.0,,
2 Keys for Wind-Up Motor,Service Packs,2.0,,
Battery Box Grey 4.5V for use with Basic set 816,Service Packs,1.0,,
Replacement 2-Piece Battery Motor Housing,Service Packs,2.0,,
"2 Propellers, 3 Nose Wheels and Rotor Unit",Service Packs,15.0,,
Jack,Service Packs,1.0,,
Light and Sound 1 x 4 Lighting Brick and 4 Colour Globes,Service Packs,5.0,,
Light and Sound 1 x 2 Lighting Brick and 4 Colour Globes,Service Packs,5.0,,
Town Siren,Service Packs,1.0,,
Space Siren,Service Packs,1.0,,
Train Connector Leads 25 and 75 cm,Service Packs,6.0,,
Shunting Trip Posts and Signal 4.5V,Service Packs,4.0,,
Power Supply Rail for 12V Trains,Service Packs,1.0,,
Locomotive Wheels for Battery Train,Service Packs,8.0,,
Two-Way Plugs and Cable 3.0 m,Service Packs,11.0,,
Buffer Sets and Couplings,Service Packs,6.0,,
Rubber Wheel Rims,Service Packs,8.0,,
Locomotive Base Plate with Couplings (Motor Frame),Service Packs,5.0,,
2 Lighting Bricks 12V,Service Packs,2.0,,
"Wheel Sets Small, Black",Service Packs,2.0,,
"Wheel Sets Large, Red",Service Packs,2.0,,
Long Wagon or Carriage Base 6 x 28,Service Packs,1.0,,
Light Transmitting Elements,Service Packs,7.0,,
Bogie Plates,Service Packs,2.0,,
Tender 4.5V Battery Red. For Trains with Battery Motor 810,Service Packs,2.0,,
Battery Box (Tube) 4.5V,Service Packs,1.0,,
Motor 4.5V,Service Packs,1.0,,
Pneumatic Tube Black and Grey 60 and 100 cm,Service Packs,2.0,,
Pneumatic Spring Cylinder 48 mm Red,Service Packs,1.0,,
Pneumatic Piston Cylinder 48 mm Yellow,Service Packs,1.0,,
Pneumatic Piston Cylinder 64 mm Yellow,Service Packs,1.0,,
Two-Way Valve and Non-Return Valve,Service Packs,2.0,,
Wheels and Tyres,Service Packs,40.0,,
16 Inverted Slope Bricks,Service Packs,16.0,,
6 Fences and 2 Gates,Service Packs,10.0,,
"2 Turntables 4 x 4, 2 Turntables 2 x 2",Service Packs,4.0,,
"4 Hinges, 4 Tilting Bearings",Service Packs,16.0,,
Digger Bucket Assembly,Service Packs,4.0,,
Crane Set Assembly,Service Packs,7.0,,
Decorated Elements,Service Packs,28.0,,
"Round Bricks, Rocket Noses and Tails",Service Packs,30.0,,
"Space Wings, Sloping Frames, Space Motors and Seats",Service Packs,19.0,,
Wheels and Bearings (Grooved Tyres and Hubs),Service Packs,28.0,,
Space Equipment,Service Packs,26.0,,
Transparent Bricks,Service Packs,19.0,,
Town and Space Tools,Service Packs,35.0,,
Plane Accessories,Service Packs,23.0,,
Hinges and Couplings,Service Packs,24.0,,
Airport T-Junction and Circle Base Plates,Service Packs,2.0,,
Two Straight Airport Runways,Service Packs,2.0,,
20 Technic Beams and Plates Yellow,Service Packs,20.0,,
20 Technic Beams and Plates Blue,Service Packs,18.0,,
20 Technic Beams and Plates Black,Service Packs,20.0,,
8 Technic Beams Blue,Service Packs,8.0,,
8 Technic Beams Black,Service Packs,8.0,,
8 Technic Beams Red,Service Packs,8.0,,
34 Cross Axles,Service Packs,34.0,,
6 Wheel Hubs and Tyres 24 mm (4) and 43 mm (2),Service Packs,12.0,,
"Gear Rack and Wheels, Wedge-Belt and Crown Wheels",Service Packs,20.0,,
Differential Housing and Steering Elements,Service Packs,19.0,,
70 Chain Links,Service Packs,70.0,,
54 Crawler Track Links,Service Packs,54.0,,
2 Tyres and Hubs 81 mm,Service Packs,4.0,,
"Bushes, Piston Rods and Toggle Joints",Service Packs,66.0,,
2 Tyres and Hubs 62 mm,Service Packs,4.0,,
20 Technic Beams and Plates Red,Service Packs,20.0,,
8 Technic Beams Yellow,Service Packs,8.0,,
2 Tyres and Hubs 43 mm,Service Packs,4.0,,
Knights' Arsenal,Castle,37.0,,
King's Oarsmen,Castle,45.0,,
Castle Guard,Castle,52.0,,
Viking Voyager,Castle,99.0,,
Battering Ram,Castle,236.0,,
Camouflaged Outpost,Castle,211.0,,
Snorkel Squad,Town,153.0,,
Emergency Treatment Center,Town,308.0,,
Motor Speedway,Town,205.0,,
Big Rig Truck Stop,Town,621.0,,
Sport Convertible,Town,30.0,,
Turbo Racer,Town,24.0,,
Emergency Repair Truck,Town,58.0,,
Highway Patrol,Town,30.0,,
Red Cross,Town,51.0,,
4-Wheelin' Truck,Town,81.0,,
Turbo Prop I,Town,78.0,,
Refuse Collection Truck,Town,115.0,,
Cycle Fix-It Shop,Town,71.0,,
Galaxy Trekkor,Space,29.0,,
XT-5 and Droid,Space,39.0,,
Strata Scooter,Space,35.0,,
Satellite Patroller,Space,46.0,,
Terrestrial Rover,Space,109.0,,
Hyper Pod explorer,Space,102.0,,
Orion II Hyperspace,Space,163.0,,
Invader,Space,164.0,,
Stardefender 200,Space,251.0,,
Battrax,Space,284.0,,
Cosmic Laser Launcher,Space,208.0,,
Renegade,Space,313.0,,
Polaris I Space Lab,Space,390.0,,
Monorail Transport System,Space,731.0,,
Robot,Technic,327.0,,
Ideas Book,Books,,,
Technic Control Centre,Dacta,471.0,,
Basic Bricks,Dacta,18.0,,
BRICK KICKS Issue No. 1,Books,,,
The World of LEGO Toys,Books,,,
Air Canada Jet Plane,Town,92.0,,
Community Vehicles,Dacta,203.0,,
Town Bank,Town,187.0,,
Basic Building Set Trial Size,Basic,26.0,,
Oval Bricks,Duplo,2.0,,
Basic Building Set Trial Size,Basic,46.0,,
Space Value Pack,Space,83.0,,
Duplo Building Set,Duplo,55.0,,
Basic Set 3+,Basic,216.0,,
Knight's Challenge,Castle,132.0,,
Victory Racer,Town,25.0,,
Small Bucket,Basic,149.0,,
Small Bucket,Duplo,43.0,,
Toy Soldier,Basic,13.0,,
{duplo box},Duplo,,,
Motorbike & Rider,Duplo,1.0,,
Mother and Baby,Duplo,1.0,,
Car and Boat Vacation Trailer,Duplo,4.0,,
Jumbo Plane,Duplo,10.0,,
Circus Caravan,Duplo,16.0,,
Train and Station Set,Duplo,42.0,,
Barnyard Express,Duplo,10.0,,
Goods Station,Duplo,32.0,,
Rowboat with Lionel Lion and Hannah Hippopotamus,Fabuland,12.0,,
Beauty Salon,Fabuland,24.0,,
Catherine Cat in her Kitchen,Fabuland,53.0,,
Caravan and Rowboat,Fabuland,27.0,,
Amusement Park,Fabuland,93.0,,
Clive Crocodile on his Skateboard,Fabuland,10.0,,
Hannah Hippopotamus on a Picnic,Fabuland,24.0,,
Signal Masts and Base Supports,Service Packs,8.0,,
Twin-Arm Launcher,Castle,77.0,,
Forestmen's Hideout,Castle,201.0,,
Black Monarch's Castle,Castle,702.0,,
Castle Mini Figures,Castle,42.0,,
Town Mini-Figures,Town,37.0,,
Road Signs,Town,11.0,,
Flags and Fences,Town,38.0,,
Trees and Flowers,Town,24.0,,
Holiday Villa,Town,205.0,,
Med-Star Rescue Plane,Town,159.0,,
Stunt 'Copter N' Truck,Town,177.0,,
Metro Park & Service Tower,Town,620.0,,
Victory Lap Raceway,Town,606.0,,
Sprint Racer,Town,32.0,,
Tractor,Town,25.0,,
Fire Chief's Car,Town,23.0,,
Blizzard Blazer,Town,50.0,,
Vacation Camper,Town,116.0,,
Police Helicopter,Town,66.0,,
Fire Chief's Truck,Town,74.0,,
Crane Truck,Town,94.0,,
Road & Trail 4 x 4,Town,81.0,,
Minifig Pack,Space,42.0,,
Lunar Transporter Patroller,Space,117.0,,
Twin-Winged Spoiler,Space,57.0,,
Space Patroller,Space,51.0,,
Strategic Pursuer,Space,54.0,,
Hovercraft,Space,93.0,,
Alienator,Space,86.0,,
Crater Crawler,Space,100.0,,
Monorail Accessory Track,Space,46.0,,
Interplanetary Rover,Space,217.0,,
Message Intercept Base,Space,569.0,,
Technic Figures,Technic,10.0,,
Roadster,Technic,86.0,,
Excavator,Technic,326.0,,
Prop Plane,Technic,569.0,,
Test Car,Technic,900.0,,
Large Building Plates,Dacta,2.0,,
Circus,Dacta,60.0,,
Farm Scene Mosaics,Dacta,81.0,,
Town Scene Mosaics,Dacta,81.0,,
Duplo Play wall,Gear,,,
BRICK KICKS Issue No. 2,Books,,,
BRICK KICKS Issue No. 3,Books,,,
BRICK KICKS Issue No. 4,Books,,,
BRICK KICKS Fall 1988 Issue,Books,,,
BRICK KICKS Winter '88 - '89,Books,,,
Mobile Car Crane,Town,174.0,,
Universal Building Set,Basic,66.0,,
Town Value Pack,Town,105.0,,
Black Racing Car,Town,32.0,,
Racing Service Crew,Town,73.0,,
Basic Building Set Trial Size,Basic,24.0,,
Basic Building Set Trial Size,Basic,44.0,,
Special Two-Set Space Pack,Space,132.0,,
Astro Dart,Space,30.0,,
Lunar MPV Vehicle,Space,102.0,,
Snowman,Basic,40.0,,
Angel,Basic,33.0,,
Santa,Basic,36.0,,
Santa with Reindeer and Sleigh,Basic,63.0,,
Tuttle the Turtle,Duplo,6.0,,
Crocodile,Duplo,6.0,,
Sea Eagle,Basic,15.0,,
Lightning Striker,Basic,16.0,,
Wind Whirler,Basic,17.0,,
Gyro Bird,Basic,19.0,,
Land Laser,Basic,17.0,,
Turbo Force,Basic,14.0,,
Swamp  Stinger,Basic,16.0,,
Sea Skimmer,Basic,17.0,,
Container Set,Duplo,38.0,,
Basic Building Set,Basic,407.0,,
Basic Building Set,Basic,635.0,,
Basic Building Set,Basic,451.0,,
Rattle,Duplo,1.0,,
Dragster,Town,27.0,,
Race Car Number 1.,Town,24.0,,
Viking Line Ferry,Promotional,185.0,,
Milk Truck,Town,118.0,,
Mouse,Basic,14.0,,
Emirates Airliner,Town,136.0,,
Triple Pack,Assorted,159.0,,
Flyercracker USA,Town,74.0,,
Smuggler's Hayride,Castle,49.0,,
Star Quest,Space,36.0,,
Rock 'n' Roller,Duplo,3.0,,
Bath-Tub Buddies,Duplo,2.0,,
Baby Gift Pack,Duplo,5.0,,
Baby Bath Set,Duplo,10.0,,
Duplo Bucket,Duplo,82.0,,
Farm bucket,Duplo,56.0,,
{duplo box},Duplo,18.0,,
Tow Truck,Duplo,3.0,,
Fishing Boat,Duplo,15.0,,
Cannon Ball Clowns,Duplo,5.0,,
Circus Artists and Elephant,Duplo,6.0,,
Village Post Office,Duplo,23.0,,
Service Station,Duplo,43.0,,
Fire Station,Duplo,57.0,,
Lionel Lion's Classroom,Fabuland,42.0,,
Merry-Go-Round,Fabuland,23.0,,
Cathy Cat's Fun Park,Fabuland,43.0,,
"Basic Motor 4.5V, Motor and Gear Housing. For use with set 810",Service Packs,1.0,,
Current-Carrying Bricks 9V Assorted Sizes,Service Packs,9.0,,
Battery Box 9V Electric System,Service Packs,1.0,,
Monorail Stop / Reverse Switch,Service Packs,3.0,,
Monorail Motor 9 V,Service Packs,1.0,,
Space Track Connector Lead 9V (10 cm),Service Packs,1.0,,
Sliding Gates and Rails,Service Packs,6.0,,
Change-Over Unit 12V,Service Packs,1.0,,
Remote Control for Points 12V,Service Packs,1.0,,
Remote Control for Signal 12V,Service Packs,1.0,,
Flashlight Unit 12V,Service Packs,1.0,,
Remote Control for Crossing 12V,Service Packs,1.0,,
Lighting Bricks 12V for Signals,Service Packs,1.0,,
Insulating Track Plus Socket 12V (Isolating Rail),Service Packs,1.0,,
Duplo Fences,Service Packs,5.0,,
Duplo Millstone and Millwing,Service Packs,2.0,,
Pneumatic Pump Cylinder 48 mm,Service Packs,1.0,,
Double-Acting Pneumatic Piston Cylinder 48 mm,Service Packs,1.0,,
Pneumatic Tubing and T-Junctions,Service Packs,6.0,,
Hinges and Couplings,Service Packs,15.0,,
Hinges and Tilting Bearings,Service Packs,30.0,,
Castle Elements,Service Packs,34.0,,
Low Fences,Service Packs,10.0,,
"Bricks with Groove, Garage Panels",Service Packs,26.0,,
"Seats, Steering Wheels and Windscreens",Service Packs,10.0,,
Ladders / Stairs,Service Packs,16.0,,
Seats and Windscreens,Service Packs,7.0,,
Cypress Trees,Service Packs,2.0,,
Sloping Frames,Service Packs,6.0,,
Forklift Truck and Hinge Plates,Service Packs,3.0,,
Assorted Arches,Service Packs,6.0,,
"Crane, Crane Hooks and Ladders",Service Packs,5.0,,
"Lamp Holders, Tool Holder Plates",Service Packs,24.0,,
"Small Plates, Disks and Cones",Service Packs,56.0,,
Shock Absorbers Small,Service Packs,4.0,,
"Cross Axles Sizes 2, 3, 4 and 6",Service Packs,12.0,,
"Cross Axles Sizes 8, 10 and 12",Service Packs,9.0,,
Suspension Pack,Service Packs,12.0,,
Rotors and Bush / Cross Axles,Service Packs,24.0,,
Wheels with 43 and 24 mm Tyres,Service Packs,16.0,,
"Gear Racks, Gear Wheels and Pulley Wheels",Service Packs,22.0,,
Knight's Challenge,Castle,168.0,,
Forestmen's River Fortress,Castle,357.0,,
Double Pack,Pirates,45.0,,
Buried Treasure,Pirates,20.0,,
Harbour Sentry,Pirates,25.0,,
Pirate Minifigures,Pirates,33.0,,
Pirates Comic,Pirates,12.0,,
Castaway's Raft,Pirates,54.0,,
Shipwreck Island,Pirates,71.0,,
Sabre Island,Pirates,96.0,,
Forbidden Island,Pirates,182.0,,
Caribbean Clipper,Pirates,378.0,,
Eldorado Fortress,Pirates,506.0,,
Black Seas Barracuda,Pirates,909.0,,
Derby Trotter,Town,140.0,,
Coastal Rescue Base,Town,374.0,,
Holiday Home with Camper,Town,334.0,,
Construction Crew,Town,169.0,,
Rescue Helicopter,Town,198.0,,
Precinct Cruiser,Town,32.0,,
Mini Dumper,Town,30.0,,
Red Line Racer,Town,47.0,,
Tipper Truck,Town,43.0,,
Sand Storm Racer,Town,39.0,,
Nitro-Dragsters,Town,143.0,,
Hook & Haul Wrecker,Town,52.0,,
Mobile TV Studio,Town,78.0,,
Utility Repair Lift,Town,92.0,,
SP-Striker,Space,230.0,,
Laser Ranger,Space,41.0,,
Message Decoder,Space,34.0,,
Auxiliary Patroller,Space,46.0,,
Galactic Peace Keeper,Space,121.0,,
Spy Trak 1,Space,148.0,,
Space Lock-Up Isolation Base,Space,253.0,,
Mission Commander,Space,478.0,,
Universal Set,Technic,113.0,,
Universal Set,Technic,187.0,,
Universal Pneumatic Set,Technic,198.0,,
Universal Motor Set,Technic,196.0,,
Forklift,Technic,240.0,,
Power Crane,Technic,516.0,,
Backhoe Grader,Technic,671.0,,
Bridge and rails,Dacta,32.0,,
Supplementary bricks for LEGO play tables,Dacta,,,
BRICK KICKS Spring '89,Books,,,
BRICK KICKS Summer '89,Books,,,
BRICK KICKS Fall '89,Books,,,
BRICK KICKS Winter 1989,Books,,,
Idea Book,Books,1.0,,
"Basic Building Set, 3+",Basic,59.0,,
"Basic Building Set, 3+",Basic,104.0,,
"Basic Building Set, 3+",Basic,99.0,,
"Basic Building Set, 3+",Basic,333.0,,
"Basic Building Set, 3+",Basic,421.0,,
Build-N-Store Chest,Basic,535.0,,
"Basic Building Set, 5+",Basic,106.0,,
"Basic Building Set, 5+",Basic,175.0,,
"Basic Building Set, 5+",Basic,340.0,,
"Basic Building Set, 5+",Basic,409.0,,
"Basic Building Set, 5+",Basic,672.0,,
"Basic Building Set, 7+",Basic,395.0,,
"Basic Building Set, 7+",Basic,420.0,,
"Basic Building Set, 7+",Basic,537.0,,
"Pull-Back Motor, Red",Basic,8.0,,
"Brick Separator, Grey",Basic,1.0,,
Panda and Friends,Duplo,26.0,,
Clown Car,Duplo,4.0,,
Glory Glider,Town,22.0,,
Stunt Chopper,Town,31.0,,
Wave Jumper,Town,25.0,,
Track Blaster,Town,30.0,,
Helicopter,Town,27.0,,
Black Race Car,Town,23.0,,
Speedboat,Town,28.0,,
Mini Loader,Town,24.0,,
"Handy Bucket of Bricks, 3+",Basic,184.0,,
"Basic Building Set, 3+",Basic,491.0,,
Basic Set,Basic,454.0,,
"Basic Building Set, 5+",Basic,669.0,,
Duplo Building Set,Duplo,6.0,,
Dual FX Racers,Town,108.0,,
Circus Building Set,Duplo,18.0,,
Pre-School Bucket,Duplo,100.0,,
Three Set Bonus Pack,Assorted,150.0,,
"Basic Building Set, 3+",Basic,22.0,,
Rabbit,Basic,24.0,,
"Basic Building Set, 5+",Basic,39.0,,
Crusader's Cart,Castle,67.0,,
Space Shuttle Launch,Town,392.0,,
DUPLO Bucket,Duplo,51.0,,
XL Bucket,Duplo,,,
Helicopter,Town,27.0,,
Racer,Town,23.0,,
Tractor Loader,Town,24.0,,
Meteor Monitor,Space,29.0,,
Soil Scooper,Town,65.0,,
Crusader's Cart,Castle,56.0,,
Rabbit Rattle,Duplo,1.0,,
Basic Set,Basic,17.0,,
Silja Line Ferry,Promotional,370.0,,
School Room,Duplo,7.0,,
Windmill,Duplo,12.0,,
Airport,Duplo,15.0,,
Harbour,Duplo,15.0,,
Barnyard,Duplo,20.0,,
Tom's Adventure,Duplo,4.0,,
Racer,Duplo,1.0,,
Garbage Truck,Duplo,3.0,,
Nursey,Duplo,6.0,,
Car and Campervan,Duplo,11.0,,
Zoo Van,Duplo,3.0,,
Crocodile and Sea Lion,Duplo,14.0,,
Tiger and Panda Family,Duplo,24.0,,
Savannah and Polar Animals,Duplo,27.0,,
African Animals,Duplo,40.0,,
Maxi Zoo,Duplo,65.0,,
Element Separator Grey,Service Packs,1.0,,
Building Plate 16 x 32 Yellow,Service Packs,1.0,,
Building Plate 16 x 32 Green,Service Packs,1.0,,
Plates 2 x 8 White,Service Packs,6.0,,
"Cross Axles, Nuts",Service Packs,26.0,,
Plates 2 x 2 with Wire 128 cm 9V,Service Packs,1.0,,
"Loading Grabs, Crane Hook",Service Packs,3.0,,
Propeller,Service Packs,1.0,,
Pirate Accessories,Service Packs,27.0,,
Dustbins with Lids,Service Packs,8.0,,
Balloon Tyres,Service Packs,4.0,,
"Mini Antennas, Assorted Sticks and Antennas",Service Packs,32.0,,
Connector Pegs,Service Packs,30.0,,
"Connector Pegs, Toggle Joints and Wheels",Service Packs,25.0,,
"Crown Wheels, Gear Racks, Point Wheels, Worm Gears",Service Packs,10.0,,
"Universal Joint, Rubber Bands and Wheels",Service Packs,12.0,,
Connecting Rods and Stop Bushes,Service Packs,32.0,,
Plates and Gear Racks,Service Packs,14.0,,
Gear Wheels,Service Packs,9.0,,
"Universal Joint, Differential Housing and Point Wheels",Service Packs,6.0,,
Whirl and Wheel Super Truck,Model Team,1012.0,,
Battle Dragon,Castle,49.0,,
Black Monarch's Ghost,Castle,43.0,,
Dungeon Hunters,Castle,105.0,,
Knight's Stronghold,Castle,224.0,,
Forestmen's Crossing,Castle,207.0,,
King's Mountain Fortress,Castle,435.0,,
Pursuit Squad,Town,171.0,,
Trans Air Carrier,Town,208.0,,
Breezeway Café,Town,183.0,,
Fire Control Center,Town,533.0,,
International Jetport,Town,541.0,,
Airport Shuttle,Town,767.0,,
Wave Racer,Town,37.0,,
Ultra Lite I,Town,35.0,,
Sport Coupe,Town,43.0,,
Vacation Hideaway,Town,111.0,,
Road Rebel,Town,68.0,,
Safari Off-Road Vehicle,Town,67.0,,
Solo Trainer,Town,74.0,,
Pulsar Charger,Space,26.0,,
Beacon Tracer,Space,40.0,,
Vector Detector,Space,62.0,,
Celestial Forager,Space,90.0,,
Particle Ionizer,Space,203.0,,
Stellar Recon Voyager,Space,233.0,,
Mega Core Magnetizer,Space,503.0,,
Universal Motor Set,Technic,219.0,,
Control Centre,Technic,546.0,,
9V Motor Set ,Technic,57.0,,
Night Chopper,Technic,116.0,,
Rally 6-Wheeler,Technic,171.0,,
Rally Shock & Roll Racer,Technic,225.0,,
Rally Support Truck,Technic,354.0,,
Typesetter's Shop ,Dacta,482.0,,
Yellow Storage Box with Lid,Dacta,,,
Green Storage Box with Lid,Dacta,2.0,,
BRICK KICKS Spring 1990,Books,,,
BRICK KICKS Summer 1990,Books,,,
BRICK KICKS Fall 1990,Books,,,
BRICK KICKS Winter 1990-1991,Books,,,
Blue baseplate,Basic,1.0,,
Farm,Dacta,89.0,,
Basic Building Set with Gift Item,Basic,69.0,,
Airport Security Squad,Town,122.0,,
Five Set Bonus Pack,Assorted,158.0,,
Red Race Car Number 3,Town,39.0,,
Mobile Satellite Up-Link,Space,31.0,,
Two-Pilot Craft,Space,34.0,,
King's Catapult,Castle,33.0,,
Pirates Desert Island,Pirates,21.0,,
Sailor and Parrot,Duplo,19.0,,
Stena Line Ferry,Promotional,172.0,,
Arla Milk Delivery Truck,Town,116.0,,
Duplo Bucket,Duplo,32.0,,
Police Car,Town,23.0,,
Red Race Car,Town,21.0,,
Fire Dispatch,Duplo,18.0,,
Evacuation Team,Town,236.0,,
Brick Vac,Basic,132.0,,
"Building Set 5+, Special Offer",Basic,44.0,,
"Basic Building Set 3+, Special Offer",Basic,24.0,,
Small Bucket,Basic,393.0,,
"Play Bucket of Bricks, 3+",Basic,288.0,,
"Large Play Bucket, 3+",Basic,449.0,,
Pre-School Building Set (XL),Duplo,99.0,,
Santa Claus,Basic,39.0,,
Snowman,Basic,42.0,,
Santa's Elves,Basic,30.0,,
Red and Green Building Plates,Duplo,2.0,,
Large Red Building Plate,Duplo,1.0,,
Building Set,Duplo,29.0,,
Building Set,Duplo,38.0,,
Pull Back Motor,Duplo,1.0,,
"Barney, The Skateboard Bear",Duplo,8.0,,
Peter's Holiday Building Set,Duplo,17.0,,
Matt and Mutt Building Set,Duplo,23.0,,
Flying School,Duplo,36.0,,
Play Bucket,Duplo,36.0,,
Bucket of Bricks,Duplo,64.0,,
Circus Bucket,Duplo,50.0,,
Farm in a Bucket,Duplo,60.0,,
Farmyard,Duplo,60.0,,
Lil' Skipper,Duplo,6.0,,
Speedway,Duplo,9.0,,
Police Squad,Duplo,13.0,,
Corral,Duplo,24.0,,
Express Train,Duplo,38.0,,
Police Emergency Unit,Duplo,11.0,,
Zoo Nursery,Duplo,5.0,,
Grand Prix Racing Team,Duplo,7.0,,
Police Station,Duplo,16.0,,
DUPLO Family,Duplo,1.0,,
DUPLO World People,Duplo,12.0,,
Barbecue,Duplo,11.0,,
Bathroom,Duplo,6.0,,
Bedroom,Duplo,14.0,,
Living Room,Duplo,12.0,,
Kitchen,Duplo,11.0,,
Playhouse (Unfurnished),Duplo,10.0,,
Complete Playhouse,Duplo,50.0,,
Cabin Cruiser,Boats,90.0,,
Police Patrol,Boats,195.0,,
Firefighter,Boats,361.0,,
Straight Rails,Trains,8.0,12.99,1.62375
Curved Rails,Trains,8.0,12.99,1.62375
Manual Points with Track,Trains,6.0,27.99,4.665
Blue Hopper Car,Trains,166.0,,
Manual Level Crossing,Trains,110.0,,
Railroad Tractor Flatbed,Trains,178.0,,
Road & Rail Maintenance,Trains,77.0,,
Transformer and Speed Regulator,Trains,3.0,41.99,13.996666666666668
Crocodile Locomotive,Trains,314.0,,
Metro Station,Trains,600.0,,
Metroliner,Trains,784.0,,
Load N' Haul Railroad,Trains,476.0,,
"Space Light and Radar Plates, Disks and Cones (Transparent Lights)",Service Packs,50.0,,
"Mini Antennas, Control Sticks and Antennas",Service Packs,26.0,,
Harbour Base with Slipway,Service Packs,3.0,,
"Magnets, Magnet Holders",Service Packs,12.0,,
"Wheels, Tyres and Spring Suspension",Service Packs,10.0,,
Pneumatic Valves,Service Packs,1.0,,
Motor 9V,Service Packs,1.0,,
Battery Box 9V,Service Packs,1.0,,
Flex System Elements,Service Packs,35.0,,
Plane Accessories,Service Packs,23.0,,
Decorated Elements,Service Packs,26.0,,
"Sloping Frames, Space Wings, Motors and Seats",Service Packs,19.0,,
Transparent Bricks,Service Packs,17.0,,
Town and Space Tools,Service Packs,32.0,,
Runway T-Junction and Circle Base Plates,Service Packs,2.0,,
Two Straight Airport Runways,Service Packs,2.0,,
"Hinges, Turntables and Couplings",Service Packs,17.0,,
"Hinges, Couplings and Tilting Bearings",Service Packs,31.0,,
"Lamp Holders, Tool Holder Plates",Service Packs,18.0,,
Tyres and Hubs 49.6 mm White,Service Packs,4.0,,
Cylinder Motor,Service Packs,9.0,,
Train Motor 9V,Service Packs,3.0,,
Custom Rally Van,Model Team,525.0,,
Renegade's Raft,Pirates,38.0,,
Broadside's Brig,Pirates,68.0,,
Lagoon Lock-Up,Pirates,193.0,,
Rock Island Refuge,Pirates,381.0,,
Monorail Accessory Track,Town,54.0,,
Cargomaster Crane,Town,140.0,,
Coastal Cutter,Town,185.0,,
Night Patroller,Town,140.0,,
Jetport Fire Squad,Town,159.0,,
Red Devil Racer,Town,39.0,,
Mud Runner,Town,34.0,,
Flame Chaser,Town,55.0,,
Diesel Dumper,Town,46.0,,
Pier Police,Town,352.0,,
Intercoastal Seaport,Town,545.0,,
Launch & Load Seaport,Town,1080.0,,
Blaze Battler,Town,126.0,,
Street Sweeper,Town,65.0,,
Screaming Patriot,Town,65.0,,
Diesel Daredevil,Town,90.0,,
Dark Shark,Town,83.0,,
Minifig Pack,Space,44.0,,
Space Landing Pads,Space,2.0,,
Grid Trekkor,Space,25.0,,
Super Nova II,Space,42.0,,
Tri-Wheeled Tyrax,Space,39.0,,
Secret M:Tron Space Voyager,Space,333.0,,
Sub Orbital Guardian,Space,69.0,,
Allied Avenger,Space,100.0,,
Spectral Starguider,Space,208.0,,
Aerial Intruder,Space,267.0,,
Alpha Centauri Outpost,Space,406.0,,
Universal Set with Flex System,Technic,313.0,,
Cafe Racer,Technic,80.0,,
Speedway Bandit,Technic,77.0,,
Mountain Rambler,Technic,139.0,,
Shock Cycle,Technic,251.0,,
Whirlwind Rescue,Technic,517.0,,
Designer's Manual,Books,1.0,,
Theme Set,Dacta,924.0,,
Town Street Theme,Dacta,496.0,,
Dacta Space Theme Set,Dacta,538.0,,
People,Dacta,36.0,,
Road plates,Dacta,8.0,,
Giant LEGO topic set,Dacta,2165.0,,
BRICK KICKS Spring 1991,Books,,,
BRICK KICKS Summer 1991,Books,,,
BRICK KICKS Fall 1991,Books,,,
BRICK KICKS Winter 1991 - 1992,Books,,,
"Battery Motor, 9V",Basic,27.0,,
"Lighting Set, 9V",Basic,39.0,,
Turbo Force,Town,31.0,,
Galactic Scout,Space,23.0,,
Treasure Cart,Castle,23.0,,
Pirate Lookout,Pirates,17.0,,
Dual Defender,Castle,48.0,,
Battle Cove,Pirates,26.0,,
Build-A-Rabbit,Basic,27.0,,
Santa and Chimney,Basic,62.0,,
Clown Bucket,Duplo,30.0,,
Rabbit and Bear Friend,Duplo,13.0,,
Tote Pack,Duplo,30.0,,
Bird,Duplo,2.0,,
Special Offer Trial Size,Basic,30.0,,
Trial Size Box,Basic,26.0,,
Trial Size Box,Basic,31.0,,
Zoo Train,Duplo,8.0,,
Racing Car,Town,26.0,,
Galactic Scout,Space,23.0,,
Treasure Chest,Castle,23.0,,
Pirate Lookout,Pirates,17.0,,
Promotional Set,Town,33.0,,
Prop plane,Basic,23.0,,
Airport Container Truck,Town,80.0,,
Airline Maintenance Vehicle with Trailer,Town,109.0,,
Aircraft,Town,137.0,,
"Basic Building Set, 5+",Basic,425.0,,
5+ Bucket,Basic,559.0,,
"Handy Bucket of Bricks, 3+",Basic,189.0,,
"Play Bucket of Bricks, 3+",Basic,465.0,,
Scout Patrol Ship,Space,30.0,,
Black Knights Guardshack,Castle,49.0,,
Pirates Treasure Hold,Pirates,34.0,,
Octan Racer,Town,47.0,,
Four Set Value Pack,Assorted,160.0,,
Jungle Bucket,Duplo,37.0,,
Sky Patrol,Town,85.0,,
Trauma Team,Town,291.0,,
Viking Line Ferry,Promotional,203.0,,
Basic Building Set 3+,Basic,182.0,,
Large Building Plate,Duplo,1.0,14.99,14.99
Bucket,Duplo,59.0,,
Bucket,Duplo,61.0,,
Farm Bucket,Duplo,67.0,,
Playtime Bucket,Duplo,56.0,,
Grandma's Kitchen,Duplo,41.0,,
Family Home Bucket,Duplo,49.0,,
Dumper Truck,Duplo,18.0,,
Digger,Duplo,21.0,,
Mobile Crane,Duplo,29.0,,
Fire Truck,Duplo,34.0,,
Duplo Sleeping Bags,Service Packs,3.0,,
Duplo Toolo Screwdriver,Service Packs,1.0,,
Pneumatic Piston Cylinder 32 mm,Service Packs,1.0,,
Tyres and Hubs 62 mm,Service Packs,4.0,,
Tyres with Hubs 24 and 30 mm,Service Packs,16.0,,
"Wagon / Carriage Plate 6 x 28, Grey",Service Packs,1.0,,
Bogie Plates,Service Packs,2.0,,
Buffers and Magnetic Couplings,Service Packs,6.0,,
Wheel Sets,Service Packs,2.0,,
Train Connecting Lead 9V,Service Packs,1.0,,
"Plates 2 x 2 with Wire, 9V, 26 cm",Service Packs,1.0,,
Headlight Brick,Service Packs,3.0,,
Black Knight,Castle,24.0,,
Wolfpack Renegades,Castle,100.0,,
Sea Serpent,Castle,126.0,,
Wolfpack Tower,Castle,236.0,,
Black Knight's Castle,Castle,588.0,,
Bounty Boat,Pirates,36.0,,
Smuggler's Shanty,Pirates,70.0,,
Raft Raiders,Pirates,81.0,,
Imperial Flagship,Pirates,317.0,,
Imperial Trading Post,Pirates,608.0,,
City People,Town,33.0,,
Shuttle Launching Crew,Town,408.0,,
Surf N' Sail Camper,Town,188.0,,
Gas N' Wash Express,Town,470.0,,
Seaside Cabana,Town,45.0,,
Sunset Stables,Town,133.0,,
Sand Dollar Café,Town,168.0,,
Poolside Paradise,Town,229.0,,
Rolling Acres Ranch,Town,364.0,,
Rescue Runabout,Town,38.0,,
Landscape Loader,Town,37.0,,
Police 4 x 4,Town,62.0,,
Beach Bandit,Town,44.0,,
Checkered Flag 500,Town,193.0,,
Gas Transit,Town,124.0,,
Mag Racer,Town,62.0,,
Backhoe,Town,85.0,,
Recycle Truck,Town,109.0,,
Rebel Hunter,Space,140.0,,
Solar Snooper,Space,255.0,,
Galactic Mediator,Space,406.0,,
ATX Sport Cycle,Technic,95.0,,
Front End Loader,Technic,175.0,,
Sky Ranger,Technic,273.0,,
Pneumatic Excavator,Technic,257.0,,
Supply Ship,Technic,532.0,,
Air Tech Claw Rig,Technic,954.0,,
Basic Set,Dacta,177.0,,
Large building plates,Dacta,4.0,,
Function Set,Dacta,356.0,,
LEGO Technic and Pneumatic Elements,Dacta,124.0,,
Pneumatic Rubber Bands and Pneumatic Tubing,Dacta,144.0,,
Large Turntables,Dacta,2.0,,
BRICK KICKS Spring 1992,Books,,,
BRICK KICKS Summer 1992,Books,,,
BRICK KICKS Fall 1992,Books,,,
BRICK KICKS Winter 1992,Books,,,
{Bag of Bricks},Promotional,6.0,,
Create a Home Bucket,Basic,127.0,,
Build-n-Store Chest,Basic,333.0,,
"Family Bucket, 3+",Basic,229.0,,
Betsy's Bedroom,Duplo,39.0,,
Black Knights Boat,Castle,58.0,,
Animal Fun,Duplo,30.0,,
Girl with Cat,Duplo,17.0,,
Ghostly Hideout,Castle,37.0,,
Castle Value Pack,Castle,117.0,,
Build-A-Farm,Duplo,23.0,,
King's Archer,Castle,22.0,,
Basic Building Set Trial Size,Basic,30.0,,
"Mini Box, 5+",Basic,39.0,,
Midnight Transport,Town,262.0,,
"Large Play Bucket, 3+",Basic,216.0,,
"Small Bucket, 3+",Basic,179.0,,
20th Anniversary Jackpot Bucket,Basic,400.0,,
20th Anniversary Jackpot Bucket,Duplo,50.0,,
20th Anniversary Jackpot Bucket,Duplo,90.0,,
Large Bucket,Duplo,,,
20th Anniversary Jackpot Bucket,Basic,714.0,,
Super Scoop,Basic,140.0,,
Medium Bucket,Duplo,,,
Small Bucket,Duplo,39.0,,
Starion Patrol,Space,23.0,,
King's Catapult,Castle,22.0,,
Medium Bucket,Duplo,76.0,,
Color Line Ferry,Promotional,241.0,,
Windsurfer,Town,21.0,,
Ultra-Light,Town,30.0,,
Magical Adventure Pack,Castle,204.0,,
Five Set Bonus Pack,Assorted,156.0,,
Mini Robot,Space,38.0,,
Pirates Gun Cart,Pirates,31.0,,
Battering Ram,Castle,36.0,,
Octan F1 Race Car,Town,35.0,,
Racing Pick-Up Truck,Town,81.0,,
Dragsters,Town,104.0,,
Race Value Pack,Town,220.0,,
Clown,Duplo,16.0,,
Racing Bucket,Duplo,38.0,,
Zoo Bucket,Duplo,36.0,,
Farm Bucket,Duplo,53.0,,
Train Bucket,Duplo,41.0,,
Animal Bucket,Duplo,43.0,,
Choo Choo Train,Duplo,13.0,,
The Pony Stable,Duplo,27.0,,
Police Helicopter,Duplo,3.0,,
Private Plane,Duplo,7.0,,
Fire Helicopter,Duplo,7.0,,
Jumbo Jet,Duplo,12.0,,
Airport,Duplo,23.0,,
Electric Play Train Set,Duplo,54.0,,
Push-Along Play Train Set,Duplo,46.0,,
Push-Along Play Train,Duplo,9.0,,
Straight Track (Straight Rails),Duplo,6.0,4.99,0.8316666666666667
Curved Track (Curved Rails),Duplo,6.0,4.99,0.8316666666666667
Train Points,Duplo,4.0,,
Diamond Crossing and Track Pack,Duplo,9.0,,
Level Crossing,Duplo,7.0,,
Accessory Pack,Duplo,19.0,,
Construction Site,Duplo,47.0,,
Twin Tank Transporter,Trains,174.0,,
Railroad Club Car,Trains,293.0,,
Road 'N Rail Hauler,Trains,451.0,,
Blacktron II Space Value Pack,Space,209.0,,
"Motor for Basic Set 810, 9V",Service Packs,1.0,,
Signs for Use with Lighting Bricks 9V,Service Packs,16.0,,
"Hinges, Couplings and Turntables",Service Packs,27.0,,
Town Accessories,Service Packs,36.0,,
Transparent Windows and Bricks,Service Packs,8.0,,
Aeroplane Accessories,Service Packs,27.0,,
"Windscreens, Seats and Steering Wheels",Service Packs,14.0,,
Antennas and Control Sticks,Service Packs,39.0,,
"Small Plates with Tool Holders, Disks and Cones (Transparent Bricks)",Service Packs,76.0,,
Decorated Elements,Service Packs,28.0,,
Magnets and Magnet Holders,Service Packs,12.0,,
Space Elements,Service Packs,37.0,,
Space Accessories,Service Packs,27.0,,
Pirate Accessories,Service Packs,24.0,,
Castle Accessories,Service Packs,30.0,,
2 Pirate Cannons and 12 Cannon Balls,Service Packs,16.0,,
Crane Accessories (Container Crane Set),Service Packs,15.0,,
12V Motor,Service Packs,1.0,,
Duplo Battery Train with Polarity Switch,Service Packs,5.0,,
Compressor Pump for 8868,Service Packs,7.0,,
Micro Motor 9V,Service Packs,4.0,,
Polarity Reversal Switch for 8082 (9V),Service Packs,3.0,,
Small Beams and Plates,Service Packs,26.0,,
10 Large Technic Beams Black,Service Packs,10.0,,
Shock Absorbers Large,Service Packs,2.0,,
Assorted Cross Axles,Service Packs,16.0,,
Toggle Joints and Connector Pegs and Rods,Service Packs,48.0,,
"Gear Wheels, Worm Gears and Racks, Universal Joints",Service Packs,23.0,,
"Wedge Belt, Pulleys and V-Belts",Service Packs,12.0,,
"Steering Elements, Plates and Gear Racks",Service Packs,16.0,,
Lift-Arms and Triangles,Service Packs,10.0,,
Sea Jet,Model Team,401.0,,
Magic Flash,Model Team,784.0,,
Magic Shop,Castle,47.0,,
Dragon Defender,Castle,157.0,,
Majisto's Magical Workshop,Castle,185.0,,
Dragon Wagon,Castle,105.0,,
Dark Dragon's Den,Castle,214.0,,
Fire Breathing Fortress,Castle,397.0,,
Medieval Knights,Castle,41.0,,
Pirates Plunder,Pirates,21.0,,
Sea Mates,Pirates,32.0,,
Cannon Cove,Pirates,106.0,,
Renegade Runner,Pirates,178.0,,
Skull's Eye Schooner,Pirates,912.0,,
Trees and Fences,Town,37.0,,
Beach Rescue Chopper,Town,147.0,,
Jet Speed Justice,Town,157.0,,
Aerial Acrobats,Town,351.0,,
Central Precinct HQ,Town,615.0,,
Paradise Playground,Town,94.0,,
Island Arcade,Town,145.0,,
Glade Runner,Town,31.0,,
Aero Hawk,Town,48.0,,
Victory Cup Racers,Town,458.0,,
Rocky River Retreat,Town,241.0,,
Surf Shack,Town,93.0,,
Wave Rebel,Town,79.0,,
Chopper Cops,Town,67.0,,
Pothole Patcher,Town,97.0,,
Rescue Rig,Town,114.0,,
Galactic Chief,Space,24.0,,
Ice Tunnelator,Space,25.0,,
Celestial Sled,Space,55.0,,
Sonar Security,Space,61.0,,
Super Model Building Instruction,Space,1.0,,
Blizzard Baron,Space,82.0,,
Ice-Sat V,Space,135.0,,
Deep Freeze Defender,Space,417.0,,
Ice Station Odyssey,Space,343.0,,
Multi Model Starter Set,Technic,118.0,,
Multi Model Pneumatic Set,Technic,230.0,,
Multi Model Control Set,Technic,459.0,,
The LEGO Technic Guys,Technic,9.0,,
Dune Buggy,Technic,120.0,,
Hovercraft,Technic,194.0,,
Street Chopper,Technic,409.0,,
Forklift Transporter,Technic,763.0,,
XL Duplo Bulk Set,Dacta,550.0,,
Hospital,Dacta,522.0,,
Community Vehicles,Dacta,739.0,,
Gears Set,Dacta,67.0,,
Levers Set,Dacta,62.0,,
Pulleys Mini Set,Dacta,77.0,,
Control System Building Set,Dacta,221.0,,
Control Lab Software,Gear,,,
Sound element,Dacta,1.0,,
Brick Separators,Dacta,2.0,,
BRICK KICKS Spring 1993,Books,,,
BRICK KICKS Summer 1993,Books,,,
BRICK KICKS Fall 1993,Books,,,
BRICK KICKS Winter 1993,Books,,,
Card Fire Breathing Fortress - Lego Builders Club,Gear,,,
Card Dragon Wagon - Lego Builders Club,Gear,,,
Card Majisto's Magic Workshop - Lego Builders Club,Gear,,,
Card Rock Island Refuge - Lego Builders Club,Gear,,,
Card Imperial Trading Post - Lego Builders Club,Gear,,,
Card Imperial Flagship - Lego Builders Club,Gear,,,
Card Ice Station Odyessy - Lego Builders Club,Gear,,,
Card Solar Snooper - Lego Builders Club,Gear,,,
Card Deep Freeze Defender - Lego Builders Club,Gear,,,
1993 Full Sheet - Lego Builder's Club,Gear,,,
Happy Face Carry Case,Duplo,30.0,,
"Mini Box, 3+",Basic,26.0,,
Fire Fighter 4 x 4,Town,59.0,,
Dalmatian Station Building Set,Basic,172.0,,
(Unnamed),Space,47.0,,
Large Dinosaur Bucket,Basic,329.0,,
Small Bucket,Basic,,,
Blue Ribbon Savings!,Basic,650.0,,
Small Bucket,Basic,,,
Snowmobile,Town,24.0,,
Ice Planet Scooter,Space,19.0,,
Crossbow Cart,Castle,23.0,,
Shipwrecked Pirate,Pirates,23.0,,
Starter Set with Building Plates,Basic,201.0,,
Cactus Canyon Value Pack,Town,133.0,,
Sandypoint Marina Value Pack,Town,155.0,,
Town / Space Value Pack,Assorted,106.0,,
Castle / Pirates Value Pack,Assorted,72.0,,
Bird,Basic,9.0,,
Dinosaur,Basic,11.0,,
Girl,Basic,7.0,,
Horse,Basic,10.0,,
Barnacle Bay Value Pack,Pirates,89.0,,
Snow Scooter,Town,24.0,,
Ice Planet Scooter,Space,19.0,,
Crossbow Cart,Castle,23.0,,
Shipwrecked Pirate,Pirates,23.0,,
Bulk Box,Duplo,,,
(Unnamed),Town,16.0,,
(Unnamed),Town,36.0,,
(Unnamed),Town,81.0,,
Medium Bulk Bucket,Duplo,60.0,,
Large Bulk Bucket,Duplo,87.0,,
Aircraft,Town,153.0,,
Shark Fisherman,Town,19.0,,
Windsurfer & Van,Town,70.0,,
Pleasure Cruiser,Town,66.0,,
Dragon Master Chariot,Castle,36.0,,
Imperial Cannon,Pirates,36.0,,
Building Table,Basic,3.0,,
Airliner,Basic,28.0,,
Pirate's Cannon,Pirates,16.0,,
Soldiers Forge,Pirates,28.0,,
Pirates Treasure,Pirates,45.0,,
Special Bonus Pack,Assorted,88.0,,
Bulk Box,Duplo,,,
Majisto's Tower,Castle,195.0,,
Duplo Bucket,Duplo,50.0,,
Robbin Rabbit Building Set,Duplo,,,
Playmates building set,Duplo,16.0,,
Police Building Set,Duplo,11.0,,
Supplementary Set,Duplo,19.0,,
Rover's Building Set,Duplo,32.0,,
Barnaby Bear's Building Set,Duplo,41.0,,
Giraffe Bucket,Duplo,,,
Elephant Bucket,Duplo,46.0,,
Panda's Building Bonanza,Duplo,78.0,,
Maxi Building Bucket,Duplo,27.0,,
Medium Bucket,Duplo,40.0,,
Large Bucket,Duplo,50.0,,
Extra Large Bucket,Duplo,55.0,,
Circus Bucket,Duplo,41.0,,
Duplo Bucket,Duplo,65.0,,
Lil' Circus,Duplo,8.0,,
Farm Yard,Duplo,19.0,,
DUPLO Family,Duplo,5.0,,
Mini Safari,Duplo,4.0,,
Octan Motorbike Transporter,Duplo,4.0,,
Tractor,Duplo,2.0,,
Doctor's Surgery,Duplo,10.0,,
Lion Safari,Duplo,16.0,,
Ambulance,Duplo,5.0,,
Health Center,Duplo,34.0,,
Savannah Animals,Duplo,28.0,,
Train Bridge,Duplo,11.0,,
Mother and Baby,Duplo,2.0,,
Laundry Room,Duplo,8.0,,
Nursery,Duplo,11.0,,
Kitchen,Duplo,19.0,,
Bathroom,Duplo,17.0,,
Play Room,Duplo,29.0,,
Granny's House,Duplo,44.0,,
My House,Duplo,76.0,,
Playhouse Bucket,Duplo,34.0,,
Road and Rail Repair,Trains,84.0,,
Car Transport Wagon with Car,Trains,143.0,,
Freight Rail Runner,Trains,587.0,,
Two Duplo Sleeping Bags,Service Packs,2.0,,
Duplo Window and Shower Curtains,Service Packs,3.0,,
Decorated Elements,Service Packs,29.0,,
Pirate Accessories,Service Packs,22.0,,
Wheels and Bearings,Service Packs,28.0,,
Town Accessories,Service Packs,44.0,,
Castle Accessories,Service Packs,35.0,,
Pirate Cannon and Wheels,Service Packs,28.0,,
"Universal Joint, Differential Housing and Gear Wheels",Service Packs,6.0,,
Chain Links,Service Packs,35.0,,
Balloon Tyres 49.6 mm,Service Packs,4.0,,
Balloon Tyres 68.8 mm,Service Packs,4.0,,
Balloon Tyres 43.2 mm,Service Packs,4.0,,
Loading Grabs with Crane Hook,Service Packs,3.0,,
Two Large Shock Absorbers,Service Packs,2.0,,
Toggle Joints and Connectors,Service Packs,64.0,,
Headlight Brick,Service Packs,3.0,,
Mach II Red Bird Rig,Model Team,1172.0,,
Love 'N' Lullabies,Belville,52.0,,
Pretty Playland,Belville,92.0,,
Prize Pony Stables,Belville,119.0,,
Pretty Wishes Playhouse,Belville,213.0,,
King Kahuka,Pirates,45.0,,
Crocodile Cage,Pirates,59.0,,
Islander Catamaran,Pirates,63.0,,
King Kahuka's Throne,Pirates,146.0,,
Forbidden Cove,Pirates,214.0,,
Enchanted Island,Pirates,428.0,,
Hook & Ladder,Town,177.0,,
Gas and Go Flyer,Town,106.0,,
Surveillance Squad,Town,311.0,,
Pizza To Go,Town,152.0,,
Sidewalk Café,Town,47.0,,
Cabana Beach,Town,152.0,,
Coastal Patrol,Town,243.0,,
Trail Ranger,Town,36.0,,
Stunt Copter,Town,35.0,,
Hydro Racer,Town,50.0,,
Rebel Roadster,Town,57.0,,
Sail N' Fly Marina,Town,709.0,,
Hot Rod Club,Town,237.0,,
Flame Fighters,Town,428.0,,
Century Skyway,Town,894.0,,
River Runners,Town,77.0,,
Ambulance,Town,79.0,,
Space Explorers,Space,39.0,,
Saucer Scout,Space,47.0,,
Recon Robot,Space,135.0,,
Saucer Centurion,Space,222.0,,
Robo-Guardian,Space,369.0,,
Lunar Launch Site,Space,287.0,,
Monorail Transport Base,Space,573.0,,
Multi Functional Starter Set,Technic,215.0,,
Briefcase Set,Technic,403.0,,
F1 Racer ,Technic,94.0,,
Helicopter,Technic,147.0,,
Off-Roader,Technic,184.0,,
Dune Blaster,Technic,278.0,,
Rebel Wrecker,Technic,461.0,,
Super Car,Technic,1343.0,,
Spyrius Key Chain,Gear,,,
Technology Activity Set (Manufacturing Systems Set),Dacta,298.0,,
Technology Group Activity Set,Dacta,1132.0,,
BRICK KICKS Spring 1994,Books,,,
BRICK KICKS Summer 1994,Books,,,
BRICK KICKS Fall 1994,Books,,,
Mania Magazine Winter 1994,Books,,,
Value Pack Italy,Assorted,91.0,,
Value Pack Italy,Town,156.0,,
Trial Size Bag (Coloraction promotion),Creator,15.0,,
Kronprins Frederik Ferry,Promotional,163.0,,
Surveillance Scooter,Space,22.0,,
Standard Bricks,Basic,400.0,,
Freestyle Bricks and Plates,Freestyle,199.0,,
Large Clown Bucket,Duplo,77.0,,
Wizard's Cart,Castle,17.0,,
"Standard Bricks, 5+",Basic,400.0,,
Medium Bucket,Duplo,51.0,,
"Standard Bricks, 3+",Basic,404.0,,
Wiz the Wizard,Castle,17.0,,
Animals,Basic,8.0,,
Animals,Basic,7.0,,
Parrot,Duplo,7.0,,
Go-Kart,Town,16.0,,
Paradisa Speedboat,Town,21.0,,
Go-Kart,Town,16.0,,
Birthday Building Set,Duplo,100.0,,
Small Bucket,Duplo,34.0,,
Small Freestyle Bucket,Freestyle,109.0,,
Animals,Basic,6.0,,
Animals,Basic,10.0,,
Crater Critters,Space,143.0,,
Jailbreak Joe,Town,186.0,,
Crater Cruiser,Space,183.0,,
Treasure Chest,Pirates,159.0,,
Star Hawk II,Space,292.0,,
Space Station Zenon,Space,346.0,,
Small Bucket,Duplo,32.0,,
Santa Claus and Sleigh,Town,17.0,,
Safari,Duplo,27.0,,
Starter Set,Duplo,23.0,,
Large Bucket,Basic,950.0,,
Primo Sample Set,Primo,,,
Sea Claw 7,Aquazone,192.0,,
Animals,Basic,7.0,,
Maersk Line Container Lorry,Town,211.0,,
Animal Friends,Freestyle,9.0,,
Freestyle Set,Freestyle,11.0,,
Animal Friends,Freestyle,16.0,,
Freestyle Set,Freestyle,19.0,,
Trial Size Bag,Freestyle,23.0,,
Large Green Bucket,Duplo,90.0,,
Trial Size Bag,Freestyle,27.0,,
Alligator Bucket,Duplo,43.0,,
Trial Size Bag,Freestyle,30.0,,
Freestyle Trial Set,Freestyle,11.0,,
Trial Size Bag,Freestyle,36.0,,
Surveillance Scooter,Space,23.0,,
Small Stack 'n' Learn Set,Duplo,9.0,,
Medium Stack 'n' Learn Set,Duplo,9.0,,
Large Stack 'n' Learn Set,Duplo,14.0,,
XLarge Stack 'n' Learn Set,Duplo,18.0,,
Baby Storage Bear,Primo,18.0,,
Small Basic Box,Basic,10.0,,
Large Giraffe Bucket,Duplo,48.0,,
Green elephant bucket XL,Duplo,63.0,,
Kitty Cat's Building Set,Duplo,36.0,,
Small Animals Bucket,Duplo,35.0,,
Large Circus Bucket,Duplo,57.0,,
Circus Bucket Green,Duplo,40.0,,
XLarge Basic Bucket,Duplo,71.0,,
Baby Animals,Duplo,8.0,,
Water Animals,Duplo,20.0,,
Wild Cats,Duplo,21.0,,
Animals Park,Duplo,42.0,,
Water Park,Duplo,42.0,,
Fire Chief,Duplo,6.0,,
Fire Engine,Duplo,12.0,,
Fire Heliport,Duplo,18.0,,
Fire Station,Duplo,47.0,,
Ironing Room,Duplo,6.0,,
Living Room,Duplo,9.0,,
Pink Carry Case with Handle,Duplo,21.0,,
Mini Digger,Duplo,16.0,,
Helicopter,Duplo,20.0,,
Space Center,Duplo,47.0,,
Tool Box,Duplo,42.0,,
Daft 'n' Dotty,Freestyle,37.0,,
"Freestyle Building Set, 3+",Freestyle,71.0,,
3+ Tote Pack,Freestyle,111.0,,
"Freestyle Bucket, 3+",Freestyle,135.0,,
"Freestyle Bucket, 3+",Freestyle,252.0,,
"Freestyle Building Set, 4+",Freestyle,98.0,,
"Freestyle Building Set, 4+",Freestyle,196.0,,
"Freestyle Brick Vac Bus, 4+",Freestyle,141.0,,
"Freestyle Playcase (M), 4+",Freestyle,249.0,,
"Freestyle Bucket, 4+",Freestyle,410.0,,
Building Set 5+,Freestyle,88.0,,
"Girl's Freestyle Set, 5+",Freestyle,272.0,,
"Freestyle Bucket, 5+",Freestyle,400.0,,
"Freestyle Playcase (L), 5+",Freestyle,687.0,,
"Girl's Freestyle Suitcase, 6+",Freestyle,283.0,,
"Freestyle Multibox, 6+",Freestyle,592.0,,
"Electric Freestyle Set, 6+",Freestyle,349.0,,
Cargo Crane,Trains,282.0,,
Cargo Station,Trains,389.0,,
Duplo Long Beams 2 x 8 Red and Yellow,Service Packs,4.0,,
Space Port Accessories (Launch Command Accessories),Service Packs,31.0,,
Crane and Digger Accessories,Service Packs,18.0,,
Antennas and Control Sticks,Service Packs,37.0,,
"Wheels, Bearings and Suspension",Service Packs,32.0,,
Pirate Cannons with Wheels,Service Packs,28.0,,
Castle Accessories,Service Packs,30.0,,
Belville Accessories,Service Packs,10.0,,
Aquazone Accessories,Service Packs,18.0,,
Small Low Profile Tyres,Service Packs,8.0,,
Lift-Arms and Triangles,Service Packs,12.0,,
Plates and Gear Racks,Service Packs,18.0,,
"Gear Blocks, Housings and Axles",Service Packs,12.0,,
Blue Fury,Model Team,421.0,,
Vanity Fun,Belville,23.0,,
Fun-Day Sundaes,Belville,29.0,,
Garden Playmates,Belville,87.0,,
Royal King,Castle,10.0,,
Skeleton Surprise,Castle,74.0,,
King's Carriage,Castle,124.0,,
Royal Drawbridge,Castle,258.0,,
Royal Knight's Castle,Castle,764.0,,
Shark Scout,Aquazone,28.0,,
Sea Sprint 9,Aquazone,32.0,,
Deep Sea Predator,Aquazone,103.0,,
Crystal Explorer Sub,Aquazone,167.0,,
Neptune Discovery Lab,Aquazone,508.0,,
Rocky Reef,Pirates,103.0,,
Imperial Outpost,Pirates,216.0,,
Skull Island,Pirates,378.0,,
Launch Response Unit,Town,185.0,,
Hurricane Harbour,Town,364.0,,
Shuttle Launch Pad,Town,564.0,,
Dolphin Point,Town,207.0,,
F1 Hauler,Town,269.0,,
Moon Walker,Town,34.0,,
Blaze Commander,Town,50.0,,
Dumper,Town,42.0,,
Shuttle Transcon 2,Town,342.0,,
Gas Stop Shop,Town,221.0,,
Wave Master,Town,134.0,,
Launch Evac 1,Town,122.0,,
Raven Racer,Town,66.0,,
Street Sweeper,Town,63.0,,
Nitro GTX bike,Technic,86.0,,
Road Rally V,Technic,96.0,,
Front End Loader,Technic,165.0,,
Fire Engine,Technic,424.0,,
Nighthawk,Technic,286.0,,
Circuit Shock Racer,Technic,315.0,,
Formula Flash,Technic,414.0,,
Pneumatic Crane Truck,Technic,850.0,,
Control Centre II,Technic,1079.0,,
Community People Set,Dacta,18.0,,
World People,Dacta,24.0,,
Medical Centre,Dacta,69.0,,
4.5V Technic Resource Set,Dacta,268.0,,
Technology Resource Set,Dacta,1733.0,,
Wheels and Axles Set,Dacta,75.0,,
Fun Time Gears,Dacta,27.0,,
Mechanical Toy Shop,Dacta,32.0,,
Early Structures,Dacta,107.0,,
Control Lab Building Set,Dacta,557.0,,
Control Lab Serial Interface & Adapter,Dacta,2.0,,
Angle Sensor,Dacta,1.0,,
Conveyor Belt Links,Dacta,36.0,,
LEGO Festival Bonus Offer Pack,Basic,414.0,,
Mania Magazine January - February 1995,Books,,,
Mania Magazine March - April 1995,Books,,,
Mania Magazine May - June 1995,Books,,,
Mania Magazine July - August 1995,Books,,,
Mania Magazine September - October 1995,Books,,,
Mania Magazine November - December 1995,Books,,,
"Basic Motor, 9V",Basic,27.0,,
"Building Plate, Green",Basic,1.0,4.99,4.99
"Building Plate, Blue",Basic,1.0,,
X-Large Baseplate Grey,Basic,1.0,14.99,14.99
Three Building Plates,Basic,3.0,,
"Brick Separator, Green",Basic,1.0,2.49,2.49
Doors and Windows,Basic,52.0,,
Wheels and Tyres,Basic,60.0,,
Roof Tiles,Basic,50.0,,
Extra Bricks in Red,Basic,62.0,,
Extra Bricks in White,Basic,62.0,,
"Pull Back Motor, 3+",Basic,8.0,,
Play Table,Basic,3.0,,
"Lots of Extra Basic Bricks, 3+",Basic,404.0,,
"Lots of Extra Basic Bricks, 5+",Basic,400.0,,
LEGO MANIA T-Shirt,Gear,,,
Crystal Crawler,Aquazone,97.0,,
Scorpion Detector,Space,196.0,,
Treasure Surprise,Pirates,22.0,,
Paravane,Aquazone,16.0,,
Small Bulk Bucket,Duplo,27.0,,
Boat with Armor,Castle,21.0,,
Medium Bulk Bucket,Duplo,47.0,,
Supplementary Set,Duplo,100.0,,
Bonus Value Bucket,Basic,950.0,,
Plane,Basic,10.0,,
Boat,Basic,9.0,,
Helicopter,Basic,10.0,,
Animals Bulk Box,Duplo,21.0,,
Freestyle Bucket,Freestyle,641.0,,
Bonus Bucket,Duplo,90.0,,
Tidy Treasure,Pirates,22.0,,
Crossbow Boat,Castle,21.0,,
Underwater Scooter,Aquazone,16.0,,
Light Aircraft and Ground Support,Town,122.0,,
Aeroplane,Basic,29.0,,
Paradisa Lifeguard,Town,36.0,,
Sea Plane with Hut and Boat,Town,135.0,,
Aircraft and Ground Support Equipment and Vehicle.,Town,203.0,,
Rally Racers,Town,196.0,,
Yacht,Basic,10.0,,
Space/Castle value pack,Assorted,48.0,,
{Spacecraft},Space,,,
{Catapult},Castle,48.0,,
Freestyle Set,Freestyle,25.0,,
Freestyle Set,Freestyle,33.0,,
Hypno Cruiser,Time Cruisers,157.0,,
House with Roof-Windows,Town,144.0,,
Water Park Tub,Duplo,71.0,,
Super Value Brick Pack,Basic,950.0,,
Droid Scout,Space,23.0,,
Aeroplane,Basic,9.0,,
Box of Bricks,Duplo,49.0,,
Stack-n-Learn Sampler,Duplo,2.0,,
Freestyle Box,Freestyle,220.0,,
South African Flag,Basic,80.0,,
Jumbo Building Tub,Duplo,51.0,,
Duplo Primo,Primo,17.0,,
Primo Box,Duplo,19.0,,
Starter Box,Primo,4.0,,
Primo Tumbler,Duplo,20.0,,
Primo Cannister,Duplo,10.0,,
Souvenir Box,Basic,,,
Small Freestyle Bucket,Freestyle,,,
Freestyle Set,Freestyle,,,
Roadside Recovery Van and Tow Truck,Town,255.0,,
Sort and Store Suitcase,Freestyle,803.0,,
Train Station,Trains,599.0,,
Build 'n' Play Fire Theme,Duplo,54.0,,
Build 'n' Play Circus Theme,Duplo,81.0,,
Happy Birthday Building Set,Duplo,32.0,,
Basic Box,Duplo,49.0,,
Train Oval Suitcase,Duplo,54.0,,
Basic Storage Unit,Duplo,41.0,,
Duplo Jumbo Tub,Duplo,117.0,,
Motorcycle Patrol,Duplo,5.0,,
Racing Team,Duplo,7.0,,
Police Station,Duplo,34.0,,
Water Park,Duplo,47.0,,
Play Farm,Duplo,40.0,,
Pony Carriage,Duplo,3.0,,
Farm Tractor,Duplo,10.0,,
Farm Animals,Duplo,16.0,,
Farm,Duplo,32.0,,
The DUPLO Farm,Duplo,64.0,,
Push-Along Play Train,Duplo,9.0,,
Tip Wagon,Duplo,10.0,,
Electric Train Starter Set,Duplo,34.0,,
Deluxe Electric Train Set,Duplo,83.0,,
Bathroom,Duplo,24.0,,
Playground,Duplo,31.0,,
Aeroplane,Duplo,19.0,,
Fire Engine,Duplo,34.0,,
Riptide Racer,Boats,54.0,,
Wave Cops,Boats,99.0,,
C26 Sea Cutter,Boats,193.0,,
"Freestyle Canister, 3+",Freestyle,121.0,,
"Freestyle Canister, 4+",Freestyle,187.0,,
Manual Level Crossing,Trains,135.0,,
Cargo Railway,Trains,842.0,,
Freight and Crane Railway,Trains,914.0,,
Duplo Start / Stop Rail Plus Straight Rail,Service Packs,3.0,,
Duplo Primo Plate 4 x 4 Blue,Service Packs,1.0,,
"Duplo Family, Caucasian",Service Packs,5.0,,
Duplo Toolo Wrench,Service Packs,1.0,,
"Duplo Family, African American",Service Packs,5.0,,
"Duplo Family, Asian",Service Packs,5.0,,
"Duplo Family, Hispanic",Service Packs,5.0,,
Pneumatic Value Pack,Service Packs,9.0,,
"Transparent Plates, Bricks, Toolholders",Service Packs,80.0,,
Space Accessories (Exploriens),Service Packs,25.0,,
"Windows, Seats, Steering Wheels",Service Packs,14.0,,
"Hinges, Couplings, Turntables",Service Packs,27.0,,
Town Accessories,Service Packs,47.0,,
Basic Bricks Red,Service Packs,62.0,,
Basic Bricks Blue,Service Packs,62.0,,
Basic Bricks White,Service Packs,62.0,,
Basic Bricks Yellow,Service Packs,62.0,,
Basic Bricks Black,Service Packs,62.0,,
Basic Bricks Grey,Service Packs,62.0,,
Plates Assorted Blue,Service Packs,42.0,,
Plates Assorted Red,Service Packs,42.0,,
Doors and Windows,Service Packs,38.0,,
Roof Bricks Steep 45 Degrees Red,Service Packs,59.0,,
Roof Bricks Shallow 25 Degrees Red,Service Packs,60.0,,
Toggle Joints and Connectors,Service Packs,64.0,,
"Plates, Gear Racks",Service Packs,16.0,,
"Lift-Arms, Triangles",Service Packs,12.0,,
Technic Suitcase,Service Packs,1.0,,
Battery Box - Basic and Technic,Service Packs,1.0,,
Wagon Plate Red 6 x 28,Service Packs,1.0,,
Light Brick Conductor (9V),Service Packs,4.0,,
"Two 2 x 2 Plates with Wire, 25.6 cm",Service Packs,1.0,,
Belville Hospital Accessories,Service Packs,5.0,,
Transparent Windows and Bricks,Service Packs,8.0,,
Magnet and Magnet Holder,Service Packs,12.0,,
Decorated Elements,Service Packs,43.0,,
Giant Truck,Model Team,1757.0,,
Belville Garden Fun,Belville,29.0,,
Belville Dance Studio,Belville,36.0,,
Belville Hospital Ward,Belville,96.0,,
Belville Hospital Ward,Belville,96.0,,
Villa Belville,Belville,312.0,,
Bandit Ambush,Castle,59.0,,
Hemlock Stronghold,Castle,216.0,,
Dark Forest Fortress,Castle,464.0,,
Aquacessories,Aquazone,20.0,,
Spy Shark,Aquazone,57.0,,
Crystal Crawler,Aquazone,96.0,,
Shark's Crystal Cave,Aquazone,258.0,,
Skeleton Crew,Pirates,28.0,,
Armada Sentry,Pirates,71.0,,
Volcano Island,Pirates,119.0,,
Armada Flagship,Pirates,284.0,,
Red Beard Runner,Pirates,703.0,,
Shipwreck Island,Pirates,216.0,,
"Flowers, Trees and Fences",Town,49.0,,
Patriot Jet,Town,161.0,,
Wave Jump Racers,Town,181.0,,
Indy Transport,Town,397.0,,
Fast Track Finish,Town,329.0,,
Carriage Ride,Town,62.0,,
Country Club,Town,280.0,,
Rocket Racer,Time Cruisers,58.0,,
Hypno Cruiser,Time Cruisers,152.0,,
Flying Time Vessel,Time Cruisers,237.0,,
Magic Mountain Time Lab,Time Cruisers,504.0,,
Holiday Village,Town,,,
Water Jet,Town,29.0,,
Baja Buggy,Town,37.0,,
Search N' Rescue,Town,286.0,,
Slick Racer,Town,39.0,,
Gator Landing,Town,233.0,,
Dig 'N' Dump,Town,127.0,,
Metro PD Station,Town,552.0,,
Eagle Stunt Flyer,Town,76.0,,
Speed Trackers,Town,62.0,,
Sheriff's Showdown,Western,28.0,,
Covered Wagon,Western,64.0,,
Sheriff's Lock-Up,Western,176.0,,
Bandit's Secret Hide-Out,Western,250.0,,
Gold City Junction,Western,350.0,,
Fort Legoredo,Western,687.0,,
Hovertron,Space,29.0,,
Alien Fossilizer,Space,53.0,,
Planetary Decoder,Space,80.0,,
Nebula Outpost,Space,158.0,,
Scorpion Detector,Space,196.0,,
Android Base,Space,267.0,,
Explorien Starship,Space,662.0,,
Dune Duster,Technic,86.0,,
Hydrofoil 7,Technic,124.0,,
Coastal Cop Buggy,Technic,175.0,,
Convertables,Technic,275.0,,
3-In-1 Car,Technic,734.0,,
Desert Ranger,Technic,289.0,,
Black Falcon,Technic,465.0,,
Pneumatic Log Loader,Technic,327.0,,
Fiber Optic Multi Set,Technic,404.0,,
Space Shuttle,Technic,1368.0,,
Sloped Bricks,Dacta,330.0,,
Bonus Lego Basic Town,Education,2456.0,,
Community Workers,Dacta,182.0,,
Explorien Key Chain,Gear,,,
Intelligent House,Dacta,155.0,,
Control Centre (9V),Dacta,15.0,,
Transformer 9 V,Dacta,1.0,23.99,23.99
Mania Magazine January - February 1996,Books,,,
Mania Magazine March - April 1996,Books,,,
Mania Magazine May - June 1996,Books,,,
Mania Magazine July - August 1996,Books,,,
Mania Magazine September - October 1996,Books,,,
Mania Magazine November - December 1996,Books,,,
UFO Action Pack,Space,94.0,,
Building Ideas Book,Books,1.0,,
Penguin,Duplo,8.0,,
Dinosaur Babies,Duplo,90.0,,
Discovery Station,Town,322.0,,
Primo Rattle,Primo,2.0,,
Flying Duck,Basic,17.0,,
Racing Car,Basic,19.0,,
Bird? Boat? Plane?,Basic,19.0,,
Helicopter,Basic,19.0,,
Medium Bulk Bucket,Basic,400.0,,
Jumbo Building Bag,Primo,80.0,,
{?},Primo,,,
Large Bulk Box,Primo,25.0,,
Baby Walker,Primo,14.0,,
Stack 'n' Learn Starter Set,Primo,6.0,,
Medium Stack 'n' Learn Set,Primo,8.0,,
Frederick Frog,Primo,13.0,,
Polly Parrot Storage Bird,Primo,20.0,,
Stack 'n' Learn Gift Set,Primo,23.0,,
The Ladybird Rattle,Primo,1.0,,
Cozy Duck,Primo,2.0,,
Roll 'n' Play Ball,Primo,2.0,,
Stack-a-Mouse,Primo,6.0,,
Caterpillar and Friends,Primo,3.0,,
Bathtime Boat,Primo,2.0,,
The Shape Sorter,Primo,7.0,,
Stomper,Basic,11.0,,
Bob,Basic,14.0,,
Spinner,Basic,12.0,,
Green Bucket,Duplo,39.0,,
Large Bucket,Duplo,70.0,,
Train Cars,Trains,378.0,,
Nanas,Basic,13.0,,
Blast-Off Dragster,Technic,63.0,,
Aeroplane,Basic,9.0,,
Aeroplane,Basic,11.0,,
Swamp Boat,Basic,8.0,,
Helicopter,Basic,8.0,,
Boat,Basic,12.0,,
Dragon Fly,Town,183.0,,
LEGO Truck,Town,105.0,,
Color Line Container Lorry,Town,191.0,,
Robo Raider,Space,136.0,,
Robo Raptor,Space,221.0,,
Robo Stalker,Space,280.0,,
Robo Master,Space,366.0,,
Crystal Scavenger,Aquazone,110.0,,
Aqua Dozer,Aquazone,136.0,,
Hydro Reef Wrecker,Aquazone,287.0,,
Toucan,Basic,9.0,,
Whale,Basic,9.0,,
Rhinocerous,Basic,10.0,,
Elephant,Basic,10.0,,
Penguin,Basic,8.0,,
Rattle,Primo,2.0,,
Infomaniac,Town,4.0,,
XL Bulk Bucket,Basic,1000.0,,
Freestyle Set,Freestyle,73.0,,
Freestyle Set,Freestyle,60.0,,
Freestyle Set,Freestyle,56.0,,
Pony Set,Duplo,3.0,,
JUBEL 3+ BULK,Basic,228.0,,
Large Bulk Bucket,Basic,466.0,,
Basic Set,Duplo,32.0,,
Extra Bricks (S),Duplo,50.0,,
Farmhouse Bucket,Duplo,46.0,,
Large Basic Set,Duplo,,,
Extra Bricks (M),Duplo,99.0,,
Basic Set,Duplo,,,
Horse 'n' Home,Duplo,72.0,,
Basic Cannister Set,Duplo,36.0,,
Happy Gardener,Duplo,10.0,,
Basic Set,Duplo,20.0,,
Medium Bucket,Duplo,48.0,,
Large Puppy Clearpack,Duplo,71.0,,
Extra Large Value Bucket,Duplo,91.0,,
School Bus,Duplo,70.0,,
Mother & Baby,Duplo,7.0,,
Dinosaurs Family Home,Duplo,27.0,,
Dinosaur Tub,Duplo,70.0,,
Dino World,Duplo,58.0,,
Dinosaur Park,Duplo,42.0,,
Dump Truck,Duplo,6.0,,
Speed Car,Duplo,4.0,,
Dinghy,Duplo,3.0,,
Harbour,Duplo,47.0,,
Pony Stables,Duplo,41.0,,
Family Fun Playground,Duplo,46.0,,
Pony Club,Duplo,13.0,,
Dino Mini Set,Duplo,4.0,,
Girl,Basic,10.0,,
Boy,Basic,9.0,,
Girl,Basic,8.0,,
Boy,Basic,8.0,,
Doggy,Basic,8.0,,
Indian Chief,Western,20.0,,
Indian Kayak,Western,18.0,,
Flyer,Space,15.0,,
Flying Machine,Castle,19.0,,
Helicopter,Town,20.0,,
Medium Dino Bucket,Duplo,31.0,,
Large Dino Bucket,Duplo,57.0,,
Paradisa Barbeque,Town,19.0,,
Diver and Shark,Town,16.0,,
Witch and Fireplace,Castle,19.0,,
Christmas Set,Basic,9.0,,
Christmas Set,Basic,9.0,,
Mouse,Basic,9.0,,
Christmas Set,Basic,9.0,,
Snowman,Basic,9.0,,
Santa Claus,Basic,16.0,,
Open-Top Jeep,Town,29.0,,
Parking Gate Attendant,Town,19.0,,
Speedboat,Town,22.0,,
Swamp Racer,Town,28.0,,
Microlight,Town,20.0,,
Ice Cream Seller,Town,27.0,,
Formula 1 Racing Car,Town,25.0,,
Petrol Station Attendant and Pump,Town,15.0,,
Treasure Cart,Castle,23.0,,
Stone Bomber,Castle,21.0,,
Beauty Studio,Scala,31.0,,
Living Room,Scala,31.0,,
Laundry Room,Scala,42.0,,
Dressing Table,Scala,18.0,,
Ashley's Miniature Garden,Scala,54.0,,
Nursery,Scala,54.0,,
Bathroom,Scala,76.0,,
Kitchen,Scala,92.0,,
Dream Cottage,Scala,120.0,,
The Big Family House,Scala,265.0,,
Value Bucket Medium,Freestyle,322.0,,
XL Value Bucket,Freestyle,650.0,,
Trial Size Bag,Freestyle,27.0,,
"Freestyle Clearpack (S), 3+",Freestyle,131.0,,
Value Set with Carry Bag,Freestyle,400.0,,
"Freestyle Bucket, 3+",Freestyle,249.0,,
Large Clearpack,Freestyle,219.0,,
Trial Size Bag 5+,Freestyle,33.0,,
Building Set 5+,Freestyle,128.0,,
Funimal,Freestyle,290.0,,
"Freestyle Gift Item, 3+",Freestyle,,,
"Duplo Start / Stop Rail, Single Rail, Change of Direction Switch",Service Packs,4.0,,
"Toolo Loader, Hook and Turntable",Service Packs,3.0,,
Angle Bricks Assorted,Service Packs,20.0,,
"Angle Beams, Red and Blue",Service Packs,8.0,,
Fibre Optic Cables,Service Packs,8.0,,
"Technic Beams and Plates with Holes, Black",Service Packs,26.0,,
Technic Gear Wheels and Differential Housing,Service Packs,23.0,,
Battery Box 9V For Electric System,Service Packs,1.0,,
Western Accessories,Service Packs,34.0,,
Headgear (Hats and Hair),Service Packs,31.0,,
3 Horses and Saddles,Service Packs,12.0,,
Big Foot 4 x 4,Model Team,761.0,,
LEGO Island,Gear,,,
Pamela's Picnic Time,Belville,9.0,,
Jennifer and Foal,Belville,5.0,,
Lucinda and Cressida,Belville,5.0,,
Pony Trekking,Belville,47.0,,
Riding Stables,Belville,148.0,,
Nursery,Belville,62.0,,
Crossbow Cart,Castle,20.0,,
Crossbow Cart,Castle,20.0,,
Bat Lord,Castle,12.0,,
Bat Lord's Catapult,Castle,55.0,,
Witch's Windship,Castle,56.0,,
Traitor Transport,Castle,139.0,,
Witch's Magic Manor,Castle,250.0,,
Night Lord's Castle,Castle,601.0,,
Traitor Transport,Castle,140.0,,
Buccaneers,Pirates,36.0,,
Pirates Ambush,Pirates,156.0,,
Cross Bone Clipper,Pirates,154.0,,
Pirates Perilous Pitfall,Pirates,395.0,,
"Road Plates, Junction",Town,2.0,,
"Road Plates, Curved",Town,2.0,,
"Road Plates, Straight",Town,2.0,,
"Road Plates, Cross",Town,2.0,6.99,3.495
Go-Kart,Town,22.0,,
Go-Kart,Town,22.0,,
Fire Chief,Town,24.0,,
Show Jumping Event,Town,36.0,,
Deep Reef Refuge,Town,433.0,,
Sting Ray Explorer,Town,147.0,,
Outback Airstrip,Town,167.0,,
Fire Engine,Town,64.0,,
Mountain Rescue,Town,67.0,,
Seaside Holiday Cottage,Town,84.0,,
Amazon Crossing,Town,117.0,,
Time Tunnelator,Time Cruisers,81.0,,
Whirling Time Warper,Time Cruisers,147.0,,
Twisted Time Train,Time Cruisers,300.0,,
Time Tunnelator,Time Cruisers,80.0,,
Fun Fair,Town,176.0,,
Octan Gas Station,Town,120.0,,
Roadblock Runners,Town,181.0,,
Outback Racer,Town,48.0,,
Crisis News Crew,Town,133.0,,
Blaze Brigade,Town,250.0,,
Sea Hunter,Town,30.0,,
Scuba Squad,Town,72.0,,
Treasure Hunters,Town,139.0,,
Shark Cage Cove,Town,185.0,,
Deep Sea Bounty,Town,344.0,,
Diving Expedition Explorer,Town,464.0,,
Recycle Truck,Town,34.0,,
Construction Crew,Town,73.0,,
Bank,Town,96.0,,
Shark Attack,Town,55.0,,
Frontier Patrol,Western,25.0,,
Tribal Chief,Western,16.0,,
Raindance Ridge,Western,71.0,,
Chief's Tepee,Western,131.0,,
Boulder Cliff Canyon,Western,250.0,,
Rapid River Village,Western,343.0,,
Bandit with Gun,Western,19.0,,
Bandit's Wheelgun,Western,19.0,,
Showdown Canyon,Western,69.0,,
Cyber Blaster,Space,19.0,,
Cyber Blaster,Space,19.0,,
Cyborg Scout,Space,35.0,,
Radon Rover,Space,52.0,,
V-Wing Fighter,Space,40.0,,
Cyber Saucer,Space,114.0,,
Warp Wing Fighter,Space,236.0,,
Alien Avenger,Space,369.0,,
Interstellar Starfighter,Space,292.0,,
Cyber Saucer,Space,114.0,,
Bungee Blaster,Technic,64.0,,
Gyro Copter,Technic,108.0,,
Turbo 1,Technic,91.0,,
VTOL,Technic,141.0,,
Tread Trekker,Technic,186.0,,
Chopper Force,Technic,280.0,,
Search Sub,Technic,383.0,,
Giant Model Set,Technic,546.0,,
Search Sub,Technic,0.0,,
Mountain Rambler,Technic,244.0,,
Future Car,Technic,419.0,,
Pneumatic Front-End Loader,Technic,591.0,,
Barcode Multi-Set,Technic,1280.0,,
"Motor Set, 9V",Technic,60.0,,
Search Sub CD-ROM,Gear,,,
Giant Basic Set,Dacta,1417.0,,
Medium LEGO DACTA Basic Set,Dacta,822.0,,
Town Set,Dacta,413.0,,
Castle Set,Dacta,321.0,,
Universal School Set,Dacta,716.0,,
Motor Add-On for Simple Mechanisms,Dacta,3.0,,
Introducing Air Power ,Dacta,89.0,,
Simple Mechanisms Set,Dacta,277.0,,
Advanced Air Power Set,Education,238.0,,
Intelligent House Activity Pack,Gear,,,
9v Lamps,Dacta,9.0,,
Cyber Saucer ,Space,114.0,,
Mania Magazine January - February 1997,Books,,,
Mania Magazine March - April 1997,Books,,,
Mania Magazine May - June 1997,Books,,,
Mania Magazine July - August 1997,Books,,,
Mania Magazine September - October 1997,Books,,,
Mania Magazine November - December 1997,Books,,,
{Bag of Bricks} ,Promotional,3.0,,
UFO Value Pack,Space,115.0,,
Advent Calendar,Classic,158.0,,
Turtle,Duplo,6.0,,
Sally Starfish,Primo,1.0,,
Sun Set,Primo,3.0,,
Jumbo Building Bag,Primo,80.0,,
Singing Camel,Primo,1.0,,
My Home Stack 'n' Learn Set,Primo,5.0,,
Lucy Ladybug,Primo,13.0,,
My First Train Stack 'n' Learn Set,Primo,10.0,,
Choo Choo Train,Primo,13.0,,
Little Brother Stack 'n' Learn Set,Primo,19.0,,
Bumper Stack and Learn Set,Primo,30.0,,
Clarence Caterpillar and Friends Gift Set,Primo,7.0,,
Edward Elephant,Primo,11.0,,
Try-Me-Set with Bee,Primo,5.0,,
Duck,Basic,7.0,,
Hippo,Basic,6.0,,
Cow,Basic,10.0,,
Bull,Basic,12.0,,
Bison,Basic,10.0,,
Building Plates,Duplo,3.0,6.99,2.33
Tunnel Fun,Duplo,33.0,,
Spooky House,Duplo,39.0,,
Duplo Tub,Duplo,118.0,,
Duplo Bucket,Duplo,50.0,,
Police Chase,Town,146.0,,
Katie Cat Bucket,Duplo,49.0,,
Build a Zoo,Duplo,89.0,,
Spotty Dog Set,Duplo,6.0,,
Boy with Barrow,Duplo,4.0,,
Boy with Cat,Duplo,8.0,,
Tubular Motion,Duplo,90.0,,
Big Chief Brown Bear and Canoe,Duplo,3.0,,
Big Chief's Camp,Duplo,18.0,,
Stagecoach,Duplo,8.0,,
Sheriff Jake,Duplo,33.0,,
Western Town,Duplo,37.0,,
Big Chief Brown Bear's Camp,Duplo,45.0,,
Sheriff Canister,Duplo,69.0,,
Big Western Set,Duplo,62.0,,
"Basic Building Set, 3+",Basic,466.0,,
Large Bulk Bucket,Basic,1000.0,,
Insectoids Combined Set,Space,172.0,,
Purple Bucket Set,Basic,400.0,,
Rescue Chopper,Town,97.0,,
Aircraft and Ground Crew,Town,143.0,,
Formula 1 Racing Car,Town,29.0,,
Divers Jet Ski,Town,23.0,,
Extreme Team Raft,Town,24.0,,
Fire-Cart,Castle,20.0,,
Flying Machine,Castle,21.0,,
Catapault Cart,Castle,28.0,,
Adventurers Car,Adventurers,24.0,,
Adventurers Aeroplane,Adventurers,21.0,,
Spacecraft,Space,18.0,,
Motorcycle,Technic,27.0,,
Formula 1 Pit Stop,Town,168.0,,
Belville Swing Set,Belville,47.0,,
Ferrari Formula 1 Racing Car,Model Team,580.0,,
Fire Truck,Duplo,,,
Biker Bob,Town,22.0,,
LEGO Loco Stationmaster,Trains,23.0,,
The Crazy LEGO King,Castle,26.0,,
Racing Team,Duplo,13.0,,
Bronto Dinosaurs,Duplo,30.0,,
Inflight Air 2000,Town,142.0,,
Playground Bucket,Duplo,50.0,,
Bike Ride,Duplo,5.0,,
LEGO DUPLO Party Time,Duplo,30.0,,
Family Home,Duplo,56.0,,
Native American Family,Duplo,77.0,,
Big Value Collectors' Bucket,Space,154.0,,
Bungee Chopper,Technic,72.0,,
Baby tiger,Primo,4.0,,
Zoo Babies,Duplo,8.0,,
Wild Animals,Duplo,16.0,,
Children's Zoo,Duplo,25.0,,
Attraction Centre,Duplo,43.0,,
Desert Expedition,Adventurers,196.0,,
Wizard Trader,Castle,17.0,,
Thunder Arrow Boat,Castle,20.0,,
Rooster on Wheels,Duplo,19.0,,
Flower,Primo,1.0,,
Bumblebee and Flower,Primo,2.0,,
"Play Desk Set, Blue",Freestyle,303.0,,
Dinosaur Blocks,Duplo,28.0,,
Res-Q Lifeguard,Town,70.0,,
Extreme Team Racer,Town,84.0,,
Space Spider,Space,45.0,,
Hornet Scout,Space,73.0,,
Adventurers Car,Adventurers,68.0,,
Adventurers Tomb,Adventurers,81.0,,
Duplo Bucket,Duplo,40.0,,
Stena Line Ferry,Promotional,197.0,,
Space Hover,Space,20.0,,
Space Jet,Space,23.0,,
Ice Planet Scooter,Space,19.0,,
Space Police Car,Space,23.0,,
Master and Heavy Gun,Castle,24.0,,
Ninpo Water Spider,Castle,25.0,,
LEGO Shogun Go!,Castle,25.0,,
Ninpo Big Bat,Castle,22.0,,
Jones' Raft,Adventurers,18.0,,
King Farao Third,Adventurers,17.0,,
Harry Cane's Airplane,Adventurers,23.0,,
Sly Boot's Car,Adventurers,24.0,,
Limited Edition Silver Brick Bucket,Basic,601.0,,
Limited Edition Silver Brick Tub,Basic,1201.0,,
Limited Edition Silver Freestyle Bucket,Freestyle,411.0,,
Limited Edition Silver Freestyle Tub,Freestyle,836.0,,
Limited Edition Silver Duplo Bucket,Duplo,71.0,,
Limited Edition Tub with Silver Brick,Duplo,141.0,,
Special Value Blue Tub,Basic,1200.0,,
Strata Tub,Duplo,140.0,,
Super Challenge,Technic,366.0,,
Challenger Set 200,Basic,153.0,,
Basic Building Set,Basic,187.0,,
Halloween Bucket,Freestyle,251.0,,
Motorcycle,Technic,30.0,,
Adventurers Car,Adventurers,16.0,,
Go-Kart,Town,22.0,,
Car,Basic,17.0,,
Duck,Basic,14.0,,
Plane,Basic,17.0,,
Helicopter,Basic,17.0,,
Sporty SCALA Girl,Scala,14.0,,
Dressing Up,Scala,11.0,,
Leisure Wear for Christian,Scala,11.0,,
Christian in Blue Blazer,Scala,9.0,,
'Ashley' / 'Caroline',Scala,7.0,,
Emma in Flower Dress,Scala,8.0,,
Marie in Rainbow Skirt,Scala,10.0,,
Andrea in Sun Dress,Scala,8.0,,
Birthday Accessories,Scala,25.0,,
Four Animal Friends,Scala,16.0,,
Baby's Nursery,Scala,32.0,,
My Place,Scala,49.0,,
Kitchen,Scala,41.0,,
Cool Ice Cream Café,Scala,65.0,,
SCALA Flashy Pool,Scala,83.0,,
Fun Fashion Boutique,Scala,119.0,,
Sunshine Home,Scala,168.0,,
Additional Room,Scala,1.0,,
Auntie Jane and Cousin Sophie,Scala,27.0,,
Julie's Picnic Lunch,Scala,26.0,,
Ashley's Snack Time,Scala,18.0,,
Party Dress and Accessories,Scala,22.0,,
Accessories for Anna,Scala,21.0,,
Christian with Gifts,Scala,16.0,,
Classic Train,Trains,281.0,,
Cars and Planes Set,Freestyle,311.0,,
Field Bases,Town,2.0,,
Goals and Linesmen,Town,48.0,,
Dutch Footballer,Town,4.0,,
World Team / Scottish Footballer,Town,4.0,,
Goalkeepers,Town,8.0,,
Side Stand,Town,84.0,,
Head Stand,Town,96.0,,
Press Box,Town,93.0,,
Television Tower,Town,99.0,,
Paramedic Unit,Town,78.0,,
Lighting Towers,Town,96.0,,
Police Unit,Town,143.0,,
German Footballer,Town,4.0,,
English Footballer,Town,4.0,,
Austrian Footballer,Town,4.0,,
German Footballer and Ball,Town,5.0,,
World Footballer and Ball,Town,5.0,,
Racing Car,Basic,17.0,,
Bird,Basic,14.0,,
Plane,Basic,18.0,,
Helicopter,Basic,17.0,,
LEGOLAND California Truck,Town,106.0,,
Jet-Car,Znap,27.0,,
Bi-Wing,Znap,25.0,,
Mini-Sonic,Znap,22.0,,
Hook-Truck,Znap,32.0,,
Promotional Set,Znap,25.0,,
Tri-Bike,Znap,29.0,,
Jet-Ski,Znap,25.0,,
Dino-Jet,Znap,80.0,,
Hover Sub,Znap,123.0,,
Blackmobile,Znap,142.0,,
Formula Z Car in Storage Case,Znap,171.0,,
Rota-Beast,Znap,264.0,,
Treasure Tomb,Adventurers,164.0,,
Anniversary Bucket,Basic,600.0,,
Anniversary Tub,Basic,1200.0,,
Anniversary Bucket,Freestyle,410.0,,
Anniversary Tub,Freestyle,835.0,,
Limited Edition Duplo Bucket,Duplo,70.0,,
Three '8's,Freestyle,182.0,,
Magic Wizard Key Chain ,Gear,,,
"Basic Building Set, 3+",Basic,53.0,,
"Basic Building Set, 3+",Basic,95.0,,
"Basic Building Set, 3+",Basic,489.0,,
My Little Farm,Basic,243.0,,
Starter Set 300,Basic,253.0,,
Superset 100,Basic,480.0,,
"Basic Building Set, 3+",Basic,219.0,,
"Basic Building Set, 3+",Basic,288.0,,
Brick Pack 200,Basic,428.0,,
"Basic Building Set, 5+",Basic,61.0,,
Basic Box 5+,Basic,355.0,,
"Basic Building Set, 5+",Basic,546.0,,
My Home Bucket,Basic,359.0,,
Challenger Set 350,Basic,242.0,,
Freestyle Bucket,Basic,508.0,,
"Basic Building Set, 5+",Basic,812.0,,
Trial Size Bag 3+,Freestyle,30.0,,
Trial Size Bag 5+,Freestyle,37.0,,
XL Bucket Red,Freestyle,416.0,,
Play Table with Cars and Planes,Freestyle,305.0,,
Backpack Set Blue,Freestyle,400.0,,
Imagination Celebration Playscape,Freestyle,1001.0,,
Value Bucket XL,Freestyle,651.0,,
Blue Bucket,Freestyle,462.0,,
Value Bucket,Freestyle,316.0,,
Boxed Set Medium,Freestyle,179.0,,
Play Table Set,Freestyle,248.0,,
Play Desk Blue,Freestyle,509.0,,
"Basic Bucket, Blue",Basic,400.0,,
Build and Store Chest,Freestyle,801.0,,
Trial Size ,Freestyle,39.0,,
Chopper Cop,Town,17.0,,
Cyborg Scout,Space,36.0,,
Primo / Duplo Converter Bricks,Service Packs,4.0,,
Duplo Farm Fences,Service Packs,4.0,,
Technic Geared Motor,Service Packs,1.0,,
Technic Assorted Cross Axles,Service Packs,18.0,,
Toggle Joints and Connectors,Service Packs,60.0,,
Steering Accessories,Service Packs,12.0,,
Adventure Accessories,Service Packs,27.0,,
Aquazone Accessories,Service Packs,19.0,,
Castle Accessories,Service Packs,34.0,,
Space Accessories,Service Packs,21.0,,
Antenna and Control Sticks,Service Packs,38.0,,
Belville Beach Accessories,Service Packs,13.0,,
"Hinges, Couplings, Turn Tables",Service Packs,26.0,,
Diving Accessories,Service Packs,37.0,,
Crane and Digger Accessories,Service Packs,14.0,,
LEGO Scala Fashion Accessories,Service Packs,12.0,,
LEGO Scala Kitchen Accessories,Service Packs,14.0,,
LEGO Scala Floor Plate 17.5 x 35 cm,Service Packs,1.0,,
LEGO Scala Floor Plate 35 x 35 cm,Service Packs,1.0,,
LEGO Scala Basic House,Service Packs,28.0,,
LEGO Scala Floor Plate 17.5 x 35 cm,Service Packs,1.0,,
Black Thunder,Model Team,483.0,,
Radio Control Racer,Racers,298.0,,
LEGO Creator,Gear,,,
LEGO Loco,Gear,,,
LEGO Chess,Gear,,,
Beach Fun,Belville,41.0,,
Dolphin Windsurfer,Belville,16.0,,
Dolphin Show,Belville,50.0,,
Desert Island,Belville,87.0,,
Surfer's Paradise,Belville,130.0,,
The Belville Luxury Cruiser,Belville,223.0,,
Adventurer - Johnny Thunder,Adventurers,13.0,,
Treasure Raiders,Adventurers,197.0,,
Scorpion Tracker,Adventurers,35.0,,
The Valley of the Kings,Adventurers,164.0,,
Bi-Wing Baron,Adventurers,70.0,,
Oasis Ambush,Adventurers,77.0,,
Desert Expedition,Adventurers,196.0,,
Mummy's Tomb,Adventurers,260.0,,
Sphinx Secret Surprise,Adventurers,347.0,,
The Temple of Anubis,Adventurers,711.0,,
Samurai Swordsman,Castle,13.0,,
Treasure Chest,Castle,22.0,,
Treasure Guard,Castle,22.0,,
Fright Force,Castle,30.0,,
Treasure Transport,Castle,51.0,,
Ninja Surprise,Castle,112.0,,
Samurai Stronghold,Castle,195.0,,
Robber's Retreat,Castle,273.0,,
Stone Tower Bridge,Castle,409.0,,
Flying Ninja Fortress,Castle,694.0,,
Aqua Dart,Aquazone,24.0,,
Recon Ray,Aquazone,17.0,,
Sea Creeper,Aquazone,79.0,,
Solo Sub,Aquazone,25.0,,
Crab,Aquazone,78.0,,
Crystal Detector,Aquazone,104.0,,
Crystal Detector,Aquazone,104.0,,
Sea Scorpion,Aquazone,301.0,,
Hydro Search Sub,Aquazone,297.0,,
Sting Ray Stormer,Aquazone,408.0,,
Hydro Crystalation Station,Aquazone,482.0,,
Chopper Cop,Town,17.0,,
Package Pick-Up,Town,28.0,,
Town Folk,Town,35.0,,
Turbo Champ,Town,48.0,,
Helicopter Transport,Town,102.0,,
Truck Stop,Town,137.0,,
Cargo Center,Town,228.0,,
Command Post Central,Town,270.0,,
Race and Chase,Town,50.0,,
Res-Q Jet-Ski,Town,18.0,,
Mail Carrier,Town,12.0,,
Telephone Repair,Town,43.0,,
Rig Racers,Town,101.0,,
Super Cycle Center,Town,152.0,,
Wave Saver,Town,18.0,,
Road Rescue,Town,48.0,,
Emergency Evac,Town,101.0,,
River Response,Town,153.0,,
Aerial Recovery,Town,194.0,,
Res-Q Cruiser,Town,296.0,,
Emergency Response Center,Town,423.0,,
Speed Splasher,Town,28.0,,
Drag Race Rally,Town,292.0,,
Wind Runners,Town,52.0,,
Land Jet 7,Town,109.0,,
Daredevil Flight Squad,Town,287.0,,
Extreme Team Challenge,Town,350.0,,
Hang-Glider,Town,19.0,,
Radical Racer,Town,82.0,,
Beta Buzzer,Space,32.0,,
Cosmic Creeper,Space,58.0,,
Space Plane,Space,19.0,,
Space Plane,Space,19.0,,
Bug Blaster,Space,25.0,,
Bi-Wing Blaster,Space,114.0,,
Sonic Stinger,Space,96.0,,
Sonic Stinger (Promotional Pack),Space,96.0,,
Planetary Prowler,Space,250.0,,
Celestial Stinger,Space,252.0,,
Arachnoid Star Base,Space,437.0,,
Bungee Chopper,Technic,72.0,,
Rover Discovery,Technic,38.0,,
Sky Flyer 1,Technic,41.0,,
Custom Cruiser,Technic,53.0,,
Future F1,Technic,49.0,,
Spy Runner,Technic,98.0,,
The Wasp,Technic,64.0,,
Trike Tourer,Technic,70.0,,
Racer,Technic,101.0,,
Mud Masher,Technic,127.0,,
Blue Thunder vs. The Stinger,Technic,119.0,,
Cyber Slam Spider,Technic,119.0,,
Robot's Revenge,Technic,223.0,,
Forklift,Technic,231.0,,
Cyber Strikers,Technic,367.0,,
Blue Flash Versus The Arachnophob,Technic,366.0,,
Mag Wheel Master,Technic,315.0,,
Red Hot Machine with CD-ROM,Technic,472.0,,
Concept Car,Technic,471.0,,
Tow Truck,Technic,774.0,,
CyberMaster,Technic,889.0,,
CyberMaster,Technic,894.0,,
LEGO Soft Starter Set,Dacta,84.0,,
Building Plates,Dacta,2.0,,
Farm Animals Set,Dacta,32.0,,
Push Train Set,Dacta,74.0,,
"Doors, Windows and Roof Tiles",Dacta,240.0,,
LEGO BASIC Just Bricks,Dacta,576.0,,
Roof Tiles,Dacta,250.0,,
Wheels and Axles,Dacta,288.0,,
Small Building Plates,Dacta,9.0,14.99,1.6655555555555557
Building Plates Set,Dacta,4.0,,
Road Plates,Dacta,10.0,,
Adventurers combined set,Dacta,3.0,,
Structures Set,Dacta,463.0,,
Early Simple Machines II Set,Dacta,99.0,,
Fun Time Gears II Set,Dacta,46.0,,
Infrared Transmission Tower,Mindstorms,2.0,,
Robotics Invention System,Mindstorms,733.0,,
Amusement Park Set,Dacta,301.0,,
Robo Sports,Mindstorms,91.0,,
Extreme Creatures,Mindstorms,148.0,,
Play Table,Gear,,,
Small Chain Links,Dacta,108.0,,
Action Pack,Town,91.0,,
Competition Racers and Stop Watch,Technic,,,
World Cup Starter Set,Town,7.0,,
Crazy Action Contraptions: A LEGO Ideas Book,Books,60.0,,
Mania Magazine January - February 1998,Books,,,
Mania Magazine March - April 1998,Books,,,
Mania Magazine May - June 1998,Books,,,
Mania Magazine July - August 1998,Books,,,
Mania Magazine September - October 1998,Books,,,
Mania Magazine November - December 1998,Books,,,
Milk Delivery Truck,Town,95.0,,
Stena Line Ferry,Promotional,212.0,,
Single Disc Pack,Technic,1.0,,
Air Patrol,Town,20.0,,
Speedboat,Town,22.0,,
Stunt Flyer,Town,20.0,,
Advent Calendar,Basic,229.0,,
Road Burner,Town,25.0,,
Johnny Thunder,Adventurers,13.0,,
Super Sub,Aquazone,24.0,,
Race Buggy,Town,23.0,,
Res-Q Runner,Town,18.0,,
Hang Glider,Town,19.0,,
Ninja Blaster,Castle,24.0,,
"Basic Building Set, 5+",Basic,411.0,,
Santa,Seasonal,39.0,,
Santa on Skis,Seasonal,21.0,,
Santa on Reindeer,Seasonal,34.0,,
Space Port Moon Buggy,Town,25.0,,
Space Jet,Town,23.0,,
Adventurers Raft,Adventurers,18.0,,
Mummy and Cart,Adventurers,17.0,,
Cart,Castle,24.0,,
Raft,Castle,25.0,,
Cart,Castle,25.0,,
Glider,Castle,23.0,,
Fire Formula,Town,38.0,,
Rocket Boat,Town,30.0,,
Retro Buggy,Town,45.0,,
Try Bird,Town,34.0,,
Stack N' Learn Gift Box,Primo,38.0,,
Water Park Tub ,Duplo,44.0,,
Birthday Table Set,Classic,400.0,,
Helicopter,Town,26.0,,
Patrol Car,Town,32.0,,
Fire Boat,Town,24.0,,
Tri-motorbike,Town,14.0,,
Dragster,Town,25.0,,
Go-Cart,Town,26.0,,
Shell Tanker,Town,107.0,,
Shell Race Car Transporter,Town,102.0,,
Shell Convenience Store,Town,159.0,,
Shell Car Wash,Town,137.0,,
Shell Service Station,Town,144.0,,
Tricycle,Technic,24.0,,
Propeller Car,Technic,29.0,,
Motorbike,Technic,28.0,,
Car,Technic,26.0,,
Moon Buggy,Town,25.0,,
Space Probe,Town,23.0,,
Bike Blaster,Technic,28.0,,
White Ninja,Castle,23.0,,
Jungle Surprise,Adventurers,33.0,,
Light Hover,Rock Raiders,25.0,,
Chainsaw Bulldozer,Rock Raiders,22.0,,
Helicopter Transport,Rock Raiders,22.0,,
Drill Craft,Rock Raiders,27.0,,
{Aeroplane},Classic,13.0,,
{Racer},Classic,15.0,,
{Boat},Classic,12.0,,
Squirting Frog,Primo,1.0,,
Tiny Turtle,Primo,1.0,,
{Helicopter},Classic,18.0,,
Paddleboat,Primo,1.0,,
Waterlily Princess and Friend,Primo,2.0,,
{Car},Classic,17.0,,
Fishing Fun,Primo,5.0,,
{Aeroplane},Classic,13.0,,
Water Friends,Primo,6.0,,
{Boat},Classic,15.0,,
My First Plane,Primo,1.0,,
{Aeroplane},Classic,14.0,,
Cubby House,Primo,4.0,,
Circus Catapult,Primo,6.0,,
Busy Builder Starter Set,Primo,7.0,,
Wilma Whale,Primo,13.0,,
Scoop 'n' Squirt Fun Pack,Primo,7.0,,
Turtle Wagon,Primo,29.0,,
Perky Paddler,Primo,3.0,,
{unknown},Primo,14.0,,
Peek-A-Boo Playmat,Primo,4.0,,
Storage Frog,Primo,13.0,,
"Basic Building Set, 3+",Basic,201.0,,
Big Tubular Playtime,Duplo,88.0,,
Brick Runner,Duplo,30.0,,
Maxi Brick Runner,Duplo,47.0,,
Clown Go Round,Duplo,14.0,,
Ladybug,Duplo,9.0,,
Pingo,Duplo,11.0,,
"Small Bucket, Green",Duplo,48.0,,
"Medium Bucket, Yellow",Duplo,,,
DUPLO Bucket,Duplo,86.0,,
Safari Hippo,Duplo,80.0,,
Safari Building Set,Duplo,78.0,,
Heli-Monster,Basic,9.0,,
The Chopper,Basic,11.0,,
Quattro Leg,Basic,17.0,,
Loudspeaker,Basic,9.0,,
Pendulum Nose,Basic,21.0,,
Propeller Man,Basic,10.0,,
Bad Monkey,Basic,9.0,,
Rotor-Head,Basic,14.0,,
Aircraft and Boat,Town,97.0,,
Red Tiger,Town,141.0,,
Dinosaur Babies,Duplo,17.0,,
Big Wheeler,Duplo,5.0,,
My Own Building Site,Duplo,11.0,,
Fire and Police Station,Duplo,45.0,,
Building Team,Duplo,38.0,,
Brick Mixer,Duplo,68.0,,
Dinosaurs Fun Forest,Duplo,33.0,,
Supper Time,Duplo,4.0,,
Nap Time,Duplo,4.0,,
The Strawberries,Duplo,12.0,,
The Toadstools,Duplo,13.0,,
The Bluebells,Duplo,10.0,,
"Lila, the Big Bluebell",Duplo,32.0,,
The Meadowsweet's' Home,Duplo,41.0,,
Girl with Two Cats,Belville,5.0,,
Boy with ghost,Duplo,2.0,,
Pooh and his Honeypot,Duplo,7.0,,
Pooh's Birthday,Duplo,7.0,,
Pooh and Tigger Play Hide and Seek,Duplo,12.0,,
Pooh and Piglet go Honey-Hunting,Duplo,20.0,,
Tigger's Slippery Slide,Duplo,17.0,,
Welcome to the Hundred Acre Wood,Duplo,32.0,,
A Surprise for Eeyore,Duplo,28.0,,
Tribuggy,Technic,24.0,,
Propeller Car,Technic,29.0,,
Bike,Technic,28.0,,
Piston Car,Technic,26.0,,
Building Table,Duplo,21.0,,
Special Value Bucket,Basic,600.0,,
Large Bucket,Duplo,70.0,,
Adventurers Plane,Adventurers,23.0,,
"Basic Building Set, 5+",Basic,464.0,,
Shanghai Surprise,Castle,104.0,,
Blaze Attack,Castle,145.0,,
Ninja Fire Fortress,Castle,169.0,,
Emperor's Stronghold,Castle,331.0,,
Cosmo Glider,Town,19.0,,
Test Shuttle X,Town,21.0,,
Radar Buggy,Town,25.0,,
Cosmic Wing,Town,23.0,,
Mosquito,Space,20.0,,
Light Flyer,Space,19.0,,
Megatax,Space,23.0,,
Kana Booster,Space,21.0,,
Red Ninja's Dragon Glider,Castle,20.0,,
Ninja Master's Boat,Castle,21.0,,
White Ninja's Tank,Castle,23.0,,
Ninja Shogun's Mini Base,Castle,22.0,,
Swinging Stroller,Scala,17.0,,
Emma,Scala,10.0,,
Andrea in Jogging Suit,Scala,9.0,,
Marie in Happy Flowers,Scala,9.0,,
Olivia in Fancy Wear,Scala,10.0,,
Chris,Scala,8.0,,
Casual Wear for Men,Scala,3.0,,
Fashion Wear for Ladies,Scala,3.0,,
Windbreaker and Jeans,Scala,3.0,,
Dancing Circle Dress for Girls,Scala,4.0,,
Snuggly Baby Wear,Scala,4.0,,
Marie's Room,Scala,112.0,,
Camping Trip,Scala,60.0,,
Horse Stable,Scala,35.0,,
Carry and Shopping Accessories,Scala,12.0,,
Freestyle Contraption,Freestyle,28.0,,
Contraption Set,Freestyle,27.0,,
McDonalds Restaurant,Town,88.0,,
Aeroplane,Znap,23.0,,
Motorbike,Znap,26.0,,
Forklift,Znap,39.0,,
Racer,Znap,35.0,,
Helicopter,Znap,79.0,,
Jeep,Znap,262.0,,
Super Constructor Set,Znap,258.0,,
Robotics Invention System Upgrade Kit,Mindstorms,70.0,,
Darth Vader,Gear,,,
Luke Skywalker,Gear,,,
Trial Classic Bag 3+,Classic,25.0,,
Trial Classic Bag 5+,Classic,37.0,,
Trial Size Box 3+,Classic,53.0,,
Trial Size Box 5+,Classic,121.0,,
"Basic Building Set, 5+",Basic,256.0,,
Classic Bucket,Classic,400.0,,
Big Box Playscape,Classic,762.0,,
Value Pack,Classic,806.0,,
Rail Crossing,Trains,1.0,9.99,9.99
Train Track Snow Remover,Trains,58.0,,
Rail and Road Service Truck,Trains,122.0,,
Train Wash,Trains,185.0,,
Train Station,Trains,236.0,,
Freight Loading Station,Trains,215.0,,
Railway Express,Trains,658.0,,
Railway Express,Trains,665.0,,
Ninja Knights,Castle,31.0,,
The Hover Scout,Rock Raiders,40.0,,
Rapid Rider,Rock Raiders,39.0,,
Rock Raiders Crew,Rock Raiders,46.0,,
The Granite Grinder,Rock Raiders,109.0,,
The Loader-Dozer,Rock Raiders,90.0,,
The Loader-Dozer,Rock Raiders,87.0,,
The Chrome Crusher,Rock Raiders,168.0,,
The Tunnel Transport,Rock Raiders,351.0,,
The Rock Raiders HQ,Rock Raiders,406.0,,
Primo Wagons,Service Packs,2.0,,
Duplo Tubes with Balls,Service Packs,7.0,,
Technic Alloy Wheels (and Tyres),Service Packs,4.0,,
Technic Competition Accessories,Service Packs,11.0,,
Technic Wheels and Rubber Bands,Service Packs,14.0,,
Green Bricks Assorted,Service Packs,62.0,,
Black Roof Bricks Assorted,Service Packs,57.0,,
Black Plates Assorted,Service Packs,42.0,,
Town / Space Accessories,Service Packs,17.0,,
Town / Res-Q Equipment,Service Packs,31.0,,
Connectors,Service Packs,60.0,,
Transparent Accessories,Service Packs,62.0,,
Wild West Accessories,Service Packs,39.0,,
Head Wear,Service Packs,23.0,,
Decorated Elements,Service Packs,19.0,,
"Small Plates Assorted, White",Service Packs,66.0,,
Large White Plates Assorted,Service Packs,10.0,,
Belville Accessories,Service Packs,25.0,,
LEGO Scala Service,Service Packs,21.0,,
LEGO Scala Crazy Cooking,Service Packs,24.0,,
LEGO Scala,Service Packs,15.0,,
Red Fury,Model Team,393.0,,
Racing Truck,Model Team,788.0,,
LEGO Racers,Gear,,,
LEGO Racers,Gear,,,
LEGO Racers,Gear,,,
LEGOLAND,Gear,,,
LEGO Friends,Gear,,,
LEGO Rock Raiders,Gear,,,
LEGO Rock Raiders,Gear,,,
Millimy the Fairy,Belville,14.0,,
Princess Rosaline,Belville,9.0,,
Iris,Belville,6.0,,
Witch's Cottage,Belville,38.0,,
Princess Rosaline's Room,Belville,69.0,,
The Royal Stable,Belville,61.0,,
The Enchanted Palace,Belville,213.0,,
Prince Justin,Belville,5.0,,
King,Belville,8.0,,
River Raft,Adventurers,19.0,,
River Raft,Adventurers,19.0,,
Hidden Treasure,Adventurers,33.0,,
Ruler of the Jungle,Adventurers,24.0,,
Pontoon Plane,Adventurers,72.0,,
Spider's Secret,Adventurers,128.0,,
Expedition Balloon,Adventurers,175.0,,
River Expedition,Adventurers,318.0,,
Amazon Ancient Ruins,Adventurers,458.0,,
TV Chopper,Town,37.0,,
Road Signs,Town,43.0,,
Blaze Responder,Town,45.0,,
Speedway Transport,Town,134.0,,
Coast Watch,Town,90.0,,
Roadside Repair,Town,210.0,,
Coast Guard HQ,Town,221.0,,
Go-Kart,Town,22.0,,
Beach Buggy,Town,28.0,,
Mini Dumper,Town,30.0,,
Crane Truck,Town,26.0,,
Dumper,Town,49.0,,
Mini Rocket Launcher,Town,32.0,,
Com-Link Cruiser,Town,60.0,,
Countdown Corner,Town,133.0,,
Space Simulation Station,Town,245.0,,
Mission Control,Town,494.0,,
Astronaut Figure,Town,18.0,,
Satellite with Astronaut,Town,31.0,,
Fuel Truck,Town,112.0,,
{unknown},Town,16.0,,
Surveillance Chopper,Town,30.0,,
Lunar Rover,Town,36.0,,
Super Rescue Complex,Town,334.0,,
Space Port Jet,Town,66.0,,
Power Pitstop,Town,66.0,,
Tow-n-Go Value Pack,Town,50.0,,
Space Port Value Pack,Town,129.0,,
Go-Kart,Town,22.0,,
Zo Weevil,Space,20.0,,
Speed Sled,Space,20.0,,
Lightsaber Duel,Star Wars,52.0,,
Landspeeder,Star Wars,49.0,,
Droid Fighter,Star Wars,62.0,,
Naboo Swamp,Star Wars,82.0,,
Speeder Bikes,Star Wars,93.0,,
Snowspeeder,Star Wars,215.0,,
Anakin's Podracer,Star Wars,136.0,,
X-wing Fighter,Star Wars,266.0,,
Naboo Fighter,Star Wars,179.0,,
TIE Fighter & Y-wing,Star Wars,409.0,,
Sith Infiltrator,Star Wars,244.0,,
Gungan Sub,Star Wars,379.0,,
Mos Espa Podrace,Star Wars,896.0,,
Hydro Racer,Technic,46.0,,
Road Rebel,Technic,44.0,,
Sonic Cycle,Technic,89.0,,
Beach Buster,Technic,183.0,,
Fire Helicopter,Technic,210.0,,
Rescue Bike,Technic,202.0,,
Scorpion Attack,Technic,85.0,,
Cyber Stinger,Technic,345.0,,
Air Enforcer,Technic,309.0,,
Indy Storm,Technic,446.0,,
Crane Truck,Technic,582.0,,
Super Street Sensation,Technic,1437.0,,
The Mission,Technic,643.0,,
Torch,Technic,33.0,,
Ski,Technic,34.0,,
Turbo,Technic,45.0,,
Scuba,Technic,39.0,,
Jet,Technic,44.0,,
Amazon,Technic,36.0,,
Granite,Technic,34.0,,
Electro,Technic,37.0,,
Supplementary Discs,Technic,5.0,,
Millennium Slizer,Technic,135.0,,
Brick Bulk Set,Education,144.0,,
Vehicles,Duplo,86.0,,
Traffic Signs,Education,172.0,,
Numbers Set,Education,168.0,,
"Energy Work, Power Starter Set",Education,804.0,,
eLAB Renewable Energy Set,Education,721.0,,
RCX Programmable LEGO Brick,Mindstorms,1.0,,
Robotics Discovery Set,Mindstorms,390.0,,
RCX Remote Control Unit,Mindstorms,1.0,,
Robotics Invention System 1.5,Mindstorms,717.0,,
Droid Developer Kit,Mindstorms,657.0,,
Temperature Sensor,Mindstorms,1.0,,
Rotation Sensor,Mindstorms,1.0,,
Touch Sensor,Mindstorms,2.0,,
Light Sensor,Mindstorms,1.0,,
ROBOLAB Starter Building Set,Education,1615.0,,
Duplo Play Wall,Education,4.0,,
Solar Cell,Education,1.0,,
Capacitor,Education,1.0,,
Super Value Pack,Assorted,,,
BAU MIT!,Promotional,1.0,,
LEGO Modellers: Animals,Books,,,
LEGO Modellers: Fabulous Figures,Books,,,
The Ultimate LEGO Book,Books,1.0,,
Mania Magazine January - February 1999,Books,,,
Mania Magazine March - April 1999,Books,,,
Mania Magazine May - June 1999,Books,,,
Mania Magazine July - August 1999,Books,,,
Mania Magazine September - October 1999,Books,,,
Mania Magazine November - December 1999,Books,,,
Quasar Digital Watch,Gear,,,
Bulk Bucket,Duplo,48.0,,
Santa's Truck,Town,27.0,,
Telekom Race Cyclist,Town,7.0,,
Telekom Race Cyclist and Television Motorbike,Town,26.0,,
Telekom Race Cyclists and Service Crew,Town,81.0,,
Telekom Race Cyclists and Winners' Podium,Town,129.0,,
Tea With Bumble Bee,Duplo,10.0,,
Easter Bunny,Seasonal,27.0,,
Easter Chicks,Seasonal,26.0,,
Blue Racer,Town,23.0,,
Red Four Wheel Driver,Town,20.0,,
Jones and Baby Tyranno,Adventurers,23.0,,
Cunningham's Dinofinder,Adventurers,21.0,,
Dr. Kilroy's Microcopter,Adventurers,28.0,,
Mike's Dinohunter,Adventurers,24.0,,
Blue Racer,Town,23.0,,
Red Four Wheel Driver,Town,20.0,,
Green Buggy,Town,23.0,,
Yellow Tiger,Town,23.0,,
King Leo's Spear Cart,Castle,22.0,,
Richard's Arrowseat,Castle,15.0,,
Bull's Fire Attacker,Castle,24.0,,
Weezil's Stone Bomber,Castle,22.0,,
Lava Buggy,Technic,35.0,,
Power Bike,Technic,32.0,,
Frost Flyer,Technic,33.0,,
Swamp Craft,Technic,25.0,,
Fire Helicopter,Town,31.0,,
Water Rider,Town,30.0,,
Land Scooper,Town,30.0,,
Speed Patroller,Town,34.0,,
Steven Spielberg Moviemaker Set,Studios,442.0,,
DUPLO Bucket,Duplo,50.0,,
Classic Pen Series 1,Gear,,,
Decoder Pen Series 1,Gear,,,
Hieroglyph Pen Series 1,Gear,,,
Race Pen Series 1,Gear,,,
Sport Pen Series 1,Gear,,,
Adventure Pen Series 1,Gear,,,
Soccer Pen Series 2,Gear,,,
Arctic Pen Series 2,Gear,,,
Dino Island Pen Series 2,Gear,,,
World Pen Series 2,Gear,,,
Pen Pack Alpha,Gear,,,
Pen Pack Classic,Gear,,,
Pen Pack Dream Star,Gear,,,
Pen Pack Safari,Gear,,,
My Bumble Bee,Baby,12.0,,
Water-Plane,Basic,18.0,,
Racer,Basic,17.0,,
Speed Boat,Basic,16.0,,
Copter,Basic,10.0,,
Heavy Loader,Duplo,70.0,,
Advent Calendar,Basic,240.0,,
Cute Building Animals,Duplo,11.0,,
DUPLO Bucket (XL) - Elephants,Duplo,88.0,,
Cute Building Vehicles,Duplo,31.0,,
My First Rattle,Baby,2.0,,
Basic Building Set,Duplo,30.0,,
Musical Apple,Baby,2.0,,
Activity Friends,Baby,9.0,,
My Rattle Friends,Baby,3.0,,
Play Book,Baby,2.0,,
My Racing Bugs,Baby,4.0,,
Tim & Tom's Adventure,Baby,1.0,,
Play Train,Baby,6.0,,
Timmy on Tour Stack 'n' Learn,Baby,9.0,,
Happy Explorers Stack 'n' Learn,Baby,17.0,,
Baby Mickey & Baby Minnie,Baby,18.0,,
Baby Mickey,Baby,8.0,,
Baby Mickey & Baby Minnie Playground,Baby,9.0,,
Glider,Basic,9.0,,
Aircraft,Basic,12.0,,
Snowmobile,Basic,8.0,,
Helicopter,Basic,8.0,,
Ship,Basic,12.0,,
Egg Fun,Duplo,,,
Happy Bucket,Duplo,49.0,,
XL Fun-time Bucket,Duplo,90.0,,
The Meadowsweets,Duplo,15.0,,
"Read, Listen and Play Box",Duplo,38.0,,
Motorbike,Action Wheelers,11.0,,
Helicopter,Action Wheelers,18.0,,
Radical Racer,Action Wheelers,16.0,,
Construction,Action Wheelers,29.0,,
Rescue Base,Action Wheelers,44.0,,
MyBot,Action Wheelers,31.0,,
Push Locomotive,Duplo,10.0,,
Train Starter Set with Motor,Duplo,29.0,,
Deluxe Train Set with Motor,Duplo,75.0,,
Train Station,Duplo,40.0,,
Supplementary Wagon,Duplo,9.0,,
Train Tunnel,Duplo,14.0,,
Play House,Duplo,73.0,,
Special Tubes,Duplo,37.0,,
Animal Safari,Duplo,48.0,,
Pooh's Honeypot,Duplo,44.0,,
Tigger's Tree-House,Duplo,33.0,,
Medium Idea Bucket,Duplo,49.0,,
XL Idea Bucket,Duplo,78.0,,
Create 'N' Race,Books,105.0,,
Busy City,Books,73.0,,
Mars Mission,Books,85.0,,
Duplo Storage Chest,Duplo,142.0,,
Carla's Winter Camp,Scala,167.0,,
Happy Home,Scala,265.0,,
Puppy Playground,Scala,35.0,,
Emma on the Move,Scala,65.0,,
Playroom for the Baby Thomas,Scala,81.0,,
Olivia in Smooth Dress,Scala,6.0,,
Hot Wear for Woman,Scala,3.0,,
Cool Wear for Girls,Scala,2.0,,
Christian in Tough Wear,Scala,7.0,,
Celebration,Scala,41.0,,
Half-Tub Green,Duplo,90.0,,
"Star Wars #1 - Emperor Palpatine, Darth Maul and Darth Vader",Star Wars,32.0,,
"Star Wars #2 - Luke Skywalker, Han Solo and Boba Fett",Star Wars,22.0,,
Star Wars #3 - Chewbacca and 2 Biker Scouts,Star Wars,22.0,,
Star Wars #4 - Battle Droid Commander and 2 Battle Droids,Star Wars,30.0,,
One Minifig Pack - Ninja #1,Castle,9.0,,
Three Minifig Pack - Ninja #2,Castle,21.0,,
Three Minifig Pack - Ninja #3,Castle,22.0,,
Mini Heroes Collection: Rock Raiders #1,Rock Raiders,8.0,,
Mini Heroes Collection: Rock Raiders #2,Rock Raiders,23.0,,
Mini Heroes Collection: Rock Raiders #3,Rock Raiders,26.0,,
Three Minifig Pack - City #1,Town,24.0,,
Three Minifig Pack - City #2,Town,21.0,,
Shoot 'n' Score,Sports,22.0,,
Shoot 'n' Score (Zidane Edition),Sports,22.0,,
Stand with Lights,Sports,62.0,,
Fans' Grandstand with Scoreboard,Sports,81.0,,
Black Team Bus,Sports,127.0,,
Blue Team Bus,Sports,131.0,,
Americas Team Bus,Sports,133.0,,
French Team Bus,Sports,,,
Red Team Bus,Sports,133.0,,
Super Sports Coverage,Sports,222.0,,
Championship Challenge,Sports,294.0,,
Field Expander,Sports,49.0,,
Team Transport,Sports,131.0,,
Point Shooting,Sports,24.0,,
Goalkeeper,Sports,27.0,,
Precision Shooting,Sports,24.0,,
Spy Runner,Town,107.0,,
LEGO Mosaic,Basic,2427.0,,
2x4 Ridge Roof Tiles Steep Sloped Black,Bulk Bricks,25.0,,
2x4 Ridge Roof Tiles Steep Sloped Red,Bulk Bricks,25.0,,
2x2 Window White,Bulk Bricks,25.0,,
1x3x4 Wall Element Transparent Blue,Bulk Bricks,25.0,,
1x4x5 Black Window Frames with Clear Panes,Bulk Bricks,20.0,,
1x4x6 Black Door and Frames with Transparent Blue Panes,Bulk Bricks,10.0,,
Statue of Liberty,Advanced models,2882.0,,
2x2 Black Bricks,Bulk Bricks,100.0,,
2x2 Light Grey Bricks,Bulk Bricks,100.0,,
2x2 White Bricks,Bulk Bricks,100.0,,
2x2 Dark Green Bricks,Bulk Bricks,100.0,,
2x2 Red Bricks,Bulk Bricks,100.0,,
2x4 Black Bricks,Bulk Bricks,50.0,6.99,0.1398
2x4 Light Grey Bricks,Bulk Bricks,50.0,,
2x4 White Bricks,Bulk Bricks,50.0,,
2x4 Dark Green Bricks,Bulk Bricks,50.0,6.99,0.1398
2x4 Red Bricks,Bulk Bricks,50.0,6.99,0.1398
2x8 Black Bricks,Bulk Bricks,25.0,,
2x8 Light Grey Bricks,Bulk Bricks,25.0,,
2x8 White Bricks,Bulk Bricks,25.0,,
2x8 Dark Green Bricks,Bulk Bricks,25.0,,
2x8 Red Bricks,Bulk Bricks,25.0,,
1x4 Black Bricks,Bulk Bricks,50.0,,
1x4 Light Grey Bricks,Bulk Bricks,50.0,,
1x4 White Bricks,Bulk Bricks,50.0,5.99,0.1198
1x4 Dark Green Bricks,Bulk Bricks,50.0,,
1x4 Red Bricks,Bulk Bricks,50.0,,
1x6 Black Bricks,Bulk Bricks,50.0,,
1x6 Light Grey Bricks,Bulk Bricks,50.0,,
1x6 White Bricks,Bulk Bricks,50.0,,
1x6 Dark Green Bricks,Bulk Bricks,50.0,,
1x6 Red Bricks,Bulk Bricks,50.0,,
1x8 Black Bricks,Bulk Bricks,25.0,,
1x8 Light Grey Bricks,Bulk Bricks,25.0,,
1x8 White Bricks,Bulk Bricks,25.0,,
1x8 Dark Green Bricks,Bulk Bricks,25.0,,
1x8 Red Bricks,Bulk Bricks,25.0,,
2x4 Black Plates,Bulk Bricks,100.0,,
2x4 White Plates,Bulk Bricks,100.0,,
2x4 Red Plates,Bulk Bricks,100.0,8.99,0.08990000000000001
1x6 Black Plates,Bulk Bricks,50.0,,
1x6 White Plates,Bulk Bricks,50.0,,
1x6 Red Plates,Bulk Bricks,50.0,,
2x8 Black Plates,Bulk Bricks,25.0,4.99,0.1996
2x8 White Plates,Bulk Bricks,25.0,,
2x8 Red Plates,Bulk Bricks,25.0,,
2x2 Black Smooth Tiles,Bulk Bricks,100.0,,
2x2 White Smooth Tiles,Bulk Bricks,100.0,,
2x2 Red Smooth Tiles,Bulk Bricks,100.0,,
2x2 Roof Tiles Steep Sloped Black,Bulk Bricks,100.0,,
2x2 Roof Tiles Steep Sloped Red,Bulk Bricks,100.0,,
2x4 Roof Tiles Steep Sloped Black,Bulk Bricks,50.0,,
2x4 Roof Tiles Steep Sloped Red,Bulk Bricks,50.0,,
Small Spruce Tree,Bulk Bricks,25.0,,
LEGO Mini-Figure,Advanced models,1850.0,,
1x2 Light Grey Bricks,Bulk Bricks,100.0,,
1x2 Dark Grey Bricks,Bulk Bricks,100.0,,
1x2 Tan Bricks,Bulk Bricks,100.0,,
2x4 Dark Grey Bricks,Bulk Bricks,50.0,,
2x4 Tan Bricks,Bulk Bricks,50.0,,
Pumpkin Pack,Bulk Bricks,87.0,9.99,0.11482758620689655
Castle Expander Pack,Bulk Bricks,24.0,4.99,0.20791666666666667
Grey Train Windows with Panes,Bulk Bricks,20.0,,
Blue Train Windows with Panes,Bulk Bricks,20.0,5.99,0.2995
Grey Train Doors with Panes,Bulk Bricks,20.0,,
Blue Train Doors with Panes,Bulk Bricks,20.0,,
Train Accessories,Bulk Bricks,15.0,,
Spruce Tree Large 2 1/2,Bulk Bricks,10.0,,
Ultimate Accessory Set,Mindstorms,45.0,,
Bracelet,Scala,20.0,,
Astronaut Key Chain,Gear,,,
Ninja Key Chain,Gear,,,
Darth Vader,Gear,,4.99,
Luke Skywalker,Gear,,,
Race Car Driver Key Chain,Gear,,,
Rock Raider Key Chain,Gear,,,
Darth Maul,Gear,,,
King Leo Key Chain,Gear,,,
Police Officer Key Chain,Gear,,,
Santa Key Chain,Gear,,,
Johnny Thunder Key Chain,Gear,,,
Brick Tricks: Cool Cars,Books,,,
Brick Tricks: Fantastic Fliers,Books,,,
"Basic Building Set, 4+",Basic,201.0,,
Mickey's Fire Engine,Mickey Mouse,26.0,,
Minnie's Birthday Party,Mickey Mouse,82.0,,
Mickey's Car Garage,Mickey Mouse,88.0,,
Mickey's Mansion,Mickey Mouse,119.0,,
Mickey's Fishing Adventure,Mickey Mouse,104.0,,
Suitcase Set,Basic,256.0,,
Medium Bucket,Duplo,50.0,,
Time Cruiser Watch,Gear,,,
Star Pilot Watch,Gear,,,
Team Spirit Watch,Gear,,,
X-Tracker Watch,Gear,,,
Grinder Watch,Gear,,,
Y-10 Watch,Gear,,,
X-10 Watch,Gear,,,
Dreamstar Watch,Gear,,,
Defense Archer,Castle,15.0,,
Axe Cart,Castle,28.0,,
Fire Attack,Castle,24.0,,
Defense Archer,Castle,15.0,,
Knights' Catapult,Castle,50.0,,
Dungeon,Castle,38.0,,
Dragon Rider,Castle,11.0,,
Bulls' Attack Wagon,Castle,49.0,,
"Duplo Bucket, Medium",Duplo,49.0,,
Duplo Bucket,Duplo,69.0,,
Speed Computer,Technic,19.0,,
Pneumatic Pack,Technic,147.0,,
Silver Wheel Multi Pack,Technic,28.0,,
Vehicle Styling Pack,Technic,221.0,,
Motorised Base Pack,Technic,55.0,,
Vehicle Chassis Pack,Technic,137.0,,
LEGO Stunt Rally,Gear,,,
LEGO Stunt Rally,Gear,,,
LEGO Alpha Team,Gear,,,
LEGO My Style: Preschool,Gear,,,
LEGO My Style: Kindergarden,Gear,,,
LEGO Racers,Gear,,,
LEGO Creator: Knights' Kingdom,Gear,,,
LEGO Stunt Rally,Gear,,,
LEGO Alpha Team,Gear,,,
The Good Fairy's Bedroom,Belville,36.0,,
The Good Fairy's House,Belville,66.0,,
Stella and the Fairy,Belville,54.0,,
The Queen's Room,Belville,79.0,,
Royal Coach,Belville,83.0,,
Johnny Thunder and Baby T,Adventurers,23.0,,
Microcopter,Adventurers,28.0,,
Johnny Thunder's Plane,Adventurers,22.0,,
Mike's Swamp Boat,Adventurers,19.0,,
Dr. Kilroy's Car,Adventurers,21.0,,
Sam Sinister and Baby T,Adventurers,21.0,,
Island Racer,Adventurers,50.0,,
Research Glider,Adventurers,57.0,,
Dino Explorer,Adventurers,88.0,,
Island Hopper,Adventurers,205.0,,
All Terrain Trapper,Adventurers,185.0,,
T-Rex Transport,Adventurers,321.0,,
Dino Research Compound,Adventurers,617.0,,
King Leo,Castle,21.0,,
Catapult Crusher,Castle,56.0,,
King Leo's Castle,Castle,529.0,,
Guarded Treasure,Castle,103.0,,
Royal Joust,Castle,101.0,,
Bull's Attack,Castle,313.0,,
King Leo's Castle,Castle,529.0,,
Mini Tow Truck,Town,35.0,,
Mini Dump Truck,Town,24.0,,
4WD Police Patrol,Town,30.0,,
4-Wheeled Front Shovel,Town,47.0,,
Fire Fighters' Lift Truck,Town,114.0,,
Fire Fighters' HQ,Town,237.0,,
Turbo Tiger,Town,47.0,,
Mobile Outpost,Town,218.0,,
Polar Explorer,Town,78.0,,
{snowmobile},Town,50.0,,
Arctic Expedition,Town,121.0,,
Polar Base,Town,441.0,,
{sledge},Town,25.0,,
Snow Scooter,Town,21.0,,
Polar Explorer,Town,22.0,,
Ice Surfer,Town,43.0,,
Polar Scout,Town,56.0,,
Highway Construction,Town,317.0,,
Scorpion Buggy,Town,78.0,,
Rocket Dragster,Town,147.0,,
Tough Truck Rally,Town,383.0,,
Blue Racer,Town,23.0,,
Red Four Wheel Driver,Town,20.0,,
Snow Scooter,Town,20.0,,
Green Buggy,Town,23.0,,
Grip 'n' Go Challenge,Town,291.0,,
Speed Dragster,Town,80.0,,
Desert Skiff,Star Wars,55.0,,
Gungan Patrol,Star Wars,77.0,,
Flash Speeder,Star Wars,106.0,,
A-wing Fighter,Star Wars,125.0,,
Slave I,Star Wars,166.0,,
Trade Federation AAT,Star Wars,158.0,,
Star Wars Podracing Bucket,Star Wars,292.0,,
B-wing at Rebel Control Center,Star Wars,338.0,,
TIE Interceptor,Star Wars,703.0,,
Trade Federation MTT,Star Wars,470.0,,
Millennium Falcon,Star Wars,663.0,,
X-wing Fighter,Star Wars,1300.0,,
XL Bucket,Duplo,107.0,,
Pit Droid,Star Wars,223.0,,
Battle Droid,Star Wars,363.0,,
Destroyer Droid,Star Wars,558.0,,
Volcano Climber,Technic,35.0,,
Dirt Bike,Technic,32.0,,
Ice Explorer,Technic,34.0,,
Swamp Craft,Technic,25.0,,
Bike Burner,Technic,60.0,,
Formula Force,Technic,107.0,,
Dueling Dragsters,Technic,202.0,,
4WD X-Track,Technic,449.0,,
LEGO Technic Guys,Technic,5.0,,
Duel Bikes,Technic,192.0,,
Stunt Race,Technic,392.0,,
Power Puller,Technic,979.0,,
Silver Champion,Technic,1431.0,,
Swamp,Technic,45.0,,
Lava,Technic,35.0,,
Frost,Technic,44.0,,
Onyx,Technic,37.0,,
Dust,Technic,46.0,,
Power,Technic,32.0,,
RoboRider Wheels,Technic,4.0,,
The Boss,Technic,125.0,,
Flare,Technic,44.0,,
Spark,Technic,35.0,,
Blaster,Technic,88.0,,
Soft Brick Activity Set,Education,7.0,,
Mosaic Tiles,Education,258.0,,
Camera and Software Kit,Education,2.0,,
Cities & Transportation,Education,388.0,,
Vision Command,Mindstorms,138.0,,
Exploration Mars,Mindstorms,155.0,,
Micro Scout PC Link,Mindstorms,,,
Dark Side Developer Kit,Mindstorms,578.0,,
Volcanic Panic Challenge Kit,Education,177.0,,
Volcanic Panic Expansion Set,Education,,,
DCP Sensor Connector Cable,Education,1.0,,
Lunchbox Blue,Gear,,,
"1x4x5 Black Window Frames, Transparent Blue Panes",Bulk Bricks,20.0,,
"1x4x3 Thin Wall Element, Clear",Bulk Bricks,25.0,,
"1x4x6 Red Door and Frames, Transparent Green Panes",Bulk Bricks,10.0,9.99,0.999
"2 x 4 Ridge Roof Tiles, Low Sloped Black",Bulk Bricks,25.0,,
"2 x 4 Ridge Roof Tiles, Low Sloped Red",Bulk Bricks,25.0,4.99,0.1996
Mania Magazine January - February 2000,Books,,,
Mania Magazine March - April 2000,Books,,,
Mania Magazine May - June 2000,Books,,,
Mania Magazine July - August 2000,Books,,,
Mania Magazine September - October 2000,Books,,,
Mania Magazine November - December 2000,Books,,,
Sky Pirates,Town,108.0,,
Alien Encounter,Space,42.0,,
Chicken Run,Duplo,6.0,,
Single Racers Figure Pack,Racers,1.0,,
Honda Asimo,Technic,56.0,,
Medium Bucket,Duplo,,,
Subzero,Racers,4.0,,
Movie Backdrop Studio,Studios,211.0,,
Explosion Studio,Studios,233.0,,
Car Stunt Studio,Studios,166.0,,
Dino Head Attack,Studios,94.0,,
Temple of Gloom,Studios,58.0,,
Stuntman Catapult,Studios,29.0,,
Cameraman,Studios,21.0,,
Director's Copter,Studios,22.0,,
Camera Car,Studios,20.0,,
Air Boat,Studios,24.0,,
Stunt Go-Cart,Studios,25.0,,
Raptor Rumble,Studios,157.0,,
Spinosaurus Attack,Studios,155.0,,
Huki,Bionicle,8.0,,
Onepu,Bionicle,8.0,,
Maku,Bionicle,8.0,,
Jala,Bionicle,8.0,,
Kongu,Bionicle,8.0,,
Matoro,Bionicle,8.0,,
Racing Leopard,Duplo,2.0,,
Racing Tiger,Duplo,2.0,,
Racing Lion,Duplo,2.0,,
Nursing the Baby,Duplo,5.0,,
Cooking with Mummy,Duplo,6.0,,
Walking the dog with Daddy,Duplo,4.0,,
Pirates Treasure Hunt,Studios,31.0,,
Rover,Space,29.0,,
Double Hover,Space,21.0,,
Jet Scooter,Space,24.0,,
Worker Robot,Space,30.0,,
Vakama,Bionicle,28.0,,
Matau,Bionicle,26.0,,
Nokama,Bionicle,27.0,,
Nuju,Bionicle,29.0,,
Director's Copter,Studios,22.0,,
Camera Cart,Studios,20.0,,
Air Boat,Studios,24.0,,
Stunt Go-Kart,Studios,25.0,,
Flower,Baby,1.0,,
Butterfly,Baby,,,
Stack-n-Learn,Baby,3.0,,
Squirt Frog,Baby,1.0,,
Caterpillar,Baby,3.0,,
Pen Baseball,Gear,,,
Pen Basketball,Gear,,,
Pen Football,Gear,,,
Pen Aquazone,Gear,,,
Pen Mini Figure Faces,Gear,,,
Pen Legoland,Gear,,,
Pen Knights' Kingdom,Gear,,,
Pen Dream Star,Gear,,,
Pen Safari,Gear,,,
Pen Classic II,Gear,,,
Pen Pack Gali,Gear,,,
Pen Pack Kopaka,Gear,,,
Pen Pack Lewa,Gear,,,
Pen Pack Onua,Gear,,,
Pen Pack Pohatu,Gear,,,
Pen Pack Tahu,Gear,,,
Limited Edition Pen,Gear,,,
Pen Pack Space Port,Gear,,,
Friendly Animal Bus,Duplo,103.0,,
Box of Bricks,Duplo,100.0,,
 Santa Claus Mos Burger Gift Box- Hawaiian Shirt Santa,Seasonal,1.0,,
 Santa Claus Mos Burger Gift Box - Tuxedo Santa,Seasonal,1.0,,
 Santa Claus Mos Burger Gift Box - Soccer Santa,Seasonal,1.0,,
 Santa Claus Mos Burger Gift Box - King and Queen Santa,Seasonal,1.0,,
{House with CD-ROM},Duplo,,,
MyBot Expansion Kit,Action Wheelers,14.0,,
Speedbike,Action Wheelers,13.0,,
Remote Control Dozer,Action Wheelers,21.0,,
Lisa,Duplo,4.0,,
Marie,Duplo,6.0,,
Anna,Duplo,4.0,,
Picnic,Duplo,14.0,,
Sarah,Duplo,32.0,,
Bedroom,Duplo,20.0,,
Action Policebike,Duplo,5.0,,
Musical Apple,Baby,1.0,,
Play Train,Baby,6.0,,
Bouncing with Tigger,Duplo,11.0,,
Acorn Adventure with Piglet,Duplo,11.0,,
Eeyore and the Little Raincloud,Duplo,9.0,,
Build and Play in the Pop-Up 100 Acre Wood,Duplo,13.0,,
Pooh and the Honeybees,Duplo,11.0,,
Surprise Birthday Party for Eeyore,Duplo,25.0,,
Flying Action,Duplo,9.0,,
Race Action,Duplo,46.0,,
Circus Princess,Duplo,7.0,,
Growing Garden,Duplo,19.0,,
Adventure Trip,Duplo,29.0,,
Forest Picnic,Duplo,24.0,,
Big Gas Truck,Duplo,3.0,,
Friendly Farm,Duplo,10.0,,
Fun Playground,Duplo,24.0,,
Wildlife Park,Duplo,32.0,,
Summer Day Out,Scala,20.0,,
1-2-3 ... Marie,Scala,17.0,,
Emma's Chill-Out Kitchen,Scala,58.0,,
Indie's Stable,Scala,95.0,,
Green Bucket,Duplo,40.0,,
Play Plane,Baby,1.0,,
Soft Stacking Hen,Baby,5.0,,
Take Along Friend,Baby,1.0,,
Crib and Mirror Adventure,Baby,2.0,,
Light and Sound Stacker,Baby,10.0,,
Soft Frog Rattle,Baby,1.0,,
Caterpillar Teether,Baby,1.0,,
Aircraft,Basic,15.0,,
Star Teether,Baby,1.0,,
Soft Ladybird and Bee,Baby,1.0,,
Roll 'n' Play,Baby,1.0,,
Stacking Tower,Baby,5.0,,
Shape and Colour Sorter,Baby,9.0,,
Goozle,Duplo,10.0,,
Tez,Duplo,9.0,,
Wazo,Duplo,6.0,,
Tubes,Duplo,58.0,,
Brick Runner,Duplo,25.0,,
Bob's Workshop,Duplo,10.0,,
Scoop on the Road,Duplo,21.0,,
"Bob, Lofty and the Mice",Duplo,18.0,,
Bob and Muck Repair the Barn,Duplo,35.0,,
Bob's Big Building Box,Duplo,51.0,,
Muck and Scoop,Duplo,52.0,,
Japanese Soccer Team,Sports,,,
Women's Team,Sports,62.0,,
Point Shooting,Sports,24.0,,
Precision Shooting,Sports,24.0,,
Sopwith Camel,Advanced models,574.0,,
1x4x3 Wall Element Clear,Bulk Bricks,25.0,,
1x4x5 Black Window with Transparent Light Blue Pane,Bulk Bricks,20.0,,
LEGO Dragon,Advanced models,1530.0,,
Small Locomotive,Trains,67.0,,
Large Locomotive,Trains,92.0,,
Tender,Trains,39.0,,
Locomotive Blue Bricks,Trains,106.0,,
Locomotive Green Bricks,Trains,106.0,,
Locomotive Black Bricks,Trains,106.0,,
Locomotive Brown Bricks,Trains,106.0,,
Locomotive Dark Grey Bricks,Trains,106.0,,
Light Unit for Train,Trains,4.0,,
Life On Mars Accessories,Bulk Bricks,48.0,4.99,0.10395833333333333
1x2 Brown Bricks,Bulk Bricks,100.0,,
1x6 Brown Bricks,Bulk Bricks,50.0,,
2x2 Brown Bricks,Bulk Bricks,100.0,,
2x4 Brown Bricks,Bulk Bricks,50.0,,
2x4 Roof Tiles Steep Sloped Brown,Bulk Bricks,50.0,,
2x4 Ridge Roof Tiles Steep Sloped Brown,Bulk Bricks,25.0,,
Ultimate Builders Set,Mindstorms,321.0,,
Robotics Invention System V2.0,Mindstorms,717.0,,
Robotics Invention System Upgrade Kit,Mindstorms,1.0,,
Jack Stone Video,Gear,,,
Red Brick Key Chain,Gear,,,
Director Key Chain,Gear,,,
Brickster Key Chain,Gear,,,
Stormtrooper,Gear,,,
Cowboy Key Chain,Gear,,,
Racer,Creator,21.0,,
Sea Helicopter,Creator,13.0,,
Ship,Creator,12.0,,
Aeroplane,Creator,17.0,,
Nesquik Bunny Film Set,Studios,28.0,,
Nesquik Bunny,Studios,4.0,,
Director,Studios,4.0,,
Cameraman,Studios,5.0,,
Color Light,Studios,13.0,,
Spot Light,Studios,10.0,,
Cameraman 1,Studios,4.0,,
Director,Studios,4.0,,
Grip,Studios,4.0,,
Assistant,Studios,4.0,,
Actress,Studios,4.0,,
Cameraman 2,Studios,4.0,,
Actor 2,Studios,4.0,,
Actor 3,Studios,4.0,,
Actor 1,Studios,4.0,,
Buggy,Studios,15.0,,
Handy Camera,Studios,6.0,,
Katinco & Megaphone,Studios,4.0,,
Stand Camera,Studios,7.0,,
Bottles,Studios,8.0,,
Skeleton,Studios,6.0,,
Tree 1,Studios,6.0,,
Tree 3,Studios,14.0,,
Tree 2,Studios,13.0,,
Pteranodon,Studios,17.0,,
Plesiosaur,Studios,13.0,,
T-Rex,Studios,18.0,,
Mini Rex,Studios,4.0,,
Basic Building Set,Basic,201.0,,
Brick Adventures Bucket,Creator,124.0,,
All That Drives Bucket,Creator,165.0,,
Animal Adventures Bucket,Creator,209.0,,
Fantastic Flyers and Cool Cars,Creator,257.0,,
"Buildings, Mansions and Shops",Creator,361.0,,
Regular and Transparent Bricks,Creator,234.0,,
Fun and Cool Transportation,Creator,606.0,,
All Kinds of Animals,Creator,171.0,,
Advent Calendar,Creator,231.0,,
Spot and Friends,Creator,53.0,,
Tina's House,Creator,42.0,,
Max's Pitstop,Creator,58.0,,
Max Goes Flying,Creator,172.0,,
Adventures with Max and Tina,Creator,217.0,,
The Race of the Year,Creator,323.0,,
Building Stories with Nana Bird,Creator,373.0,,
Creator Bulk (Exclusive),Creator,234.0,,
Time Teaching Clock,Gear,,,
Football / Soccer Clock,Gear,,,
Gear,Racers,8.0,,
Surfer,Racers,8.0,,
Loopin,Racers,8.0,,
Warrior,Racers,8.0,,
Shredd,Racers,8.0,,
Spiky,Racers,8.0,,
Scratch,Racers,8.0,,
Lightor,Racers,8.0,,
Rip,Racers,8.0,,
Pulse,Racers,8.0,,
Duster,Racers,7.0,,
Snake,Racers,8.0,,
Ghost,Racers,8.0,,
Freeze & Chill,Racers,114.0,,
Police Cruiser,Jack Stone,22.0,,
Fire Cruiser,Jack Stone,21.0,,
Res-Q Wrecker,Jack Stone,29.0,,
Police Copter,Jack Stone,14.0,,
Fire Response SUV,Jack Stone,28.0,,
Aqua Res-Q Transport,Jack Stone,38.0,,
Copter Transport,Jack Stone,64.0,,
Bank Breakout,Jack Stone,65.0,,
Fire Attack Team,Jack Stone,90.0,,
Aqua Res-Q Super Station,Jack Stone,88.0,,
Police HQ,Jack Stone,132.0,,
Sorting Hat,Harry Potter,48.0,,
The Final Challenge,Harry Potter,60.0,,
The Room of the Winged Keys,Harry Potter,175.0,,
Snape's Class,Harry Potter,163.0,,
Forbidden Corridor,Harry Potter,238.0,,
Hagrid's Hut,Harry Potter,299.0,,
Hogwarts Express,Harry Potter,410.0,,
Hogwarts Castle,Harry Potter,682.0,,
Hogwarts Classrooms,Harry Potter,73.0,,
Gryffindor House,Harry Potter,68.0,,
Diagon Alley Shops,Harry Potter,80.0,,
Blue Bucket,Creator,254.0,,
Medium Bucket,Duplo,44.0,,
Medium Bucket,Duplo,51.0,,
Medium Bucket,Duplo,50.0,,
Wind-Up Motor,Technic,41.0,,
Duplo Bucket,Duplo,60.0,,
Duplo Bucket,Duplo,60.0,,
Duplo Bucket,Duplo,43.0,,
Small Bucket with Dog,Duplo,42.0,,
Duplo Bucket,Duplo,34.0,,
Radio Control Racer,Racers,294.0,,
LEGO Island 2,Gear,,,
LEGO Island 2,Gear,,,
LEGO Island 2,Gear,,,
LEGO Island 2,Gear,,,
LEGO Racers 2,Gear,,,
LEGO Racers 2,Gear,,,
LEGO Racers 2,Gear,,,
LEGO Bionicle: The Legend of Mata Nui ,Gear,,,
LEGO BIONICLE: Tales of the Tohunga,Gear,,,
LEGO Creator: Harry Potter,Gear,,,
Adventurous Puppies,Belville,15.0,,
Vanilla's Magic Tea Party,Belville,14.0,,
Rosita's Wonderful Stable,Belville,40.0,,
The Enchanted Garden,Belville,103.0,,
Baby Ankylosaurus,Dinosaurs,37.0,,
Baby Iguanodon,Dinosaurs,23.0,,
Baby Brachiosaurus,Dinosaurs,31.0,,
Baby Dimetrodon,Dinosaurs,20.0,,
Travel Friends (In-flight),Belville,17.0,,
Red Beard Runner,Pirates,698.0,,
Armada Flagship,Pirates,280.0,,
Enchanted Island,Pirates,419.0,,
Gas N' Wash Express,Town,470.0,,
Brachiosaurus,Dinosaurs,25.0,,
Tyrannosaurus Rex,Dinosaurs,23.0,,
Mosasaurus,Dinosaurs,26.0,,
Styracosaurus,Dinosaurs,19.0,,
Ogel Command Striker,Alpha Team,28.0,,
Alpha Team Cruiser,Alpha Team,57.0,,
Alpha Team Helicopter,Alpha Team,79.0,,
Alpha Team ATV,Alpha Team,134.0,,
Alpha Team Bomb Squad,Alpha Team,190.0,,
Ogel Control Center,Alpha Team,410.0,,
Baby Ankylosaurus,Dinosaurs,37.0,,
Baby Iguanodon,Dinosaurs,23.0,,
Baby Brachiosaurus,Dinosaurs,31.0,,
Baby Dimetrodon,Dinosaurs,20.0,,
Droid Escape,Star Wars,45.0,,
Battle Droid Carrier,Star Wars,133.0,,
Imperial AT-ST,Star Wars,107.0,,
TIE Fighter,Star Wars,171.0,,
Imperial Shuttle,Star Wars,238.0,,
Watto's Junkyard,Star Wars,443.0,,
Double Hover,Space,21.0,,
Rover,Space,28.0,,
Worker Robot,Space,30.0,,
Jet Scooter,Space,24.0,,
Double Hover,Space,21.0,,
Rover,Space,28.0,,
Mono Jet,Space,33.0,,
Red Planet Cruiser,Space,73.0,,
T-3 Trike,Space,99.0,,
Red Planet Protector,Space,194.0,,
Recon Mech RP,Space,194.0,,
Solar Explorer,Space,242.0,,
Excavation Searcher,Space,471.0,,
Aero Tube Hanger,Space,706.0,,
Vega,Space,5.0,,
Mizar,Space,5.0,,
Altair,Space,5.0,,
Guard,Space,5.0,,
Biodium Watch,Gear,,,
Soccer Stadium Clock,Gear,,,
Life On Mars Clock,Gear,,,
XL Bucket,Duplo,78.0,,
XL Bucket,Duplo,106.0,,
C-3PO,Star Wars,341.0,,
Stormtrooper,Star Wars,361.0,,
Slammer Stunt Bike,Technic,152.0,,
Battle Cars,Technic,115.0,,
Slammer Turbo,Technic,253.0,,
Forklift,Technic,235.0,,
Pneumatic Front-End Loader,Technic,591.0,,
Extreme Off Roader,Technic,365.0,,
4x4 Off-Roader,Technic,1102.0,,
Masks,Bionicle,6.0,,
Masks,Bionicle,6.0,,
Pohatu,Bionicle,49.0,,
Onua,Bionicle,30.0,,
Gali,Bionicle,35.0,,
Tahu,Bionicle,33.0,,
Lewa,Bionicle,36.0,,
Kopaka,Bionicle,33.0,,
Nui-Rama,Bionicle,146.0,,
Muaka & Kane-ra,Bionicle,633.0,,
Manas,Bionicle,442.0,,
Vakama,Bionicle,28.0,,
Matau,Bionicle,26.0,,
Onewa,Bionicle,30.0,,
Nokama,Bionicle,27.0,,
Nuju,Bionicle,29.0,,
Whenua,Bionicle,28.0,,
Bionicle Power Pack,Bionicle,10.0,,
Nui-Jaga,Bionicle,226.0,,
Tarakava,Bionicle,411.0,,
Dolls Medium Set,Education,24.0,,
Dolls Large Set,Education,63.0,,
Community Builders Set,Education,1670.0,,
Airport Set,Education,1180.0,,
Infrared Transmitter with USB Cable,Education,2.0,,
Arctic Impact Challenge Kit,Education,1368.0,,
Intelligent House Set,Education,156.0,,
Guarded Inn,Castle,253.0,,
Metroliner,Trains,782.0,,
Railroad Club Car,Trains,293.0,,
1x2 Sand Red Bricks,Bulk Bricks,100.0,,
2x2 Sand Red Bricks,Bulk Bricks,100.0,,
2x4 Sand Red Bricks,Bulk Bricks,50.0,,
1x6 Sand Red Bricks,Bulk Bricks,50.0,,
"2x4 Sand Red Ridge Roof Tiles, Steep Sloped",Bulk Bricks,25.0,,
2x4 Sand Red Roof Bricks,Bulk Bricks,50.0,,
Assorted Blue Bricks,Bulk Bricks,62.0,,
Assorted Yellow Bricks,Bulk Bricks,62.0,4.99,0.08048387096774194
Assorted Blue Plates,Bulk Bricks,42.0,4.99,0.11880952380952381
Assorted Yellow Plates,Bulk Bricks,42.0,,
Open Freight Wagon,Trains,121.0,,
Caboose,Trains,170.0,,
Green Passenger Wagon,Trains,194.0,19.99,0.10304123711340206
Tanker,Trains,128.0,,
Hopper Wagon,Trains,228.0,,
Darth Maul,Star Wars,1868.0,,
Rebel Blockade Runner,Star Wars,1747.0,,
Foliferous Tree,Bulk Bricks,10.0,,
Bush,Bulk Bricks,25.0,,
Cypress Tree,Bulk Bricks,5.0,,
2 x 2 Sand Red Roof Tile,Bulk Bricks,100.0,7.99,0.0799
Jumper Bricks,Bulk Bricks,80.0,4.99,0.062375
Bionicle Mask Storage Case,Gear,,,
Trading Card Booster Pack,Gear,,,
Alien Discovery,Space,122.0,,
Soccer Co-Pack,Sports,129.0,,
Football Co-Pack,Sports,125.0,,
Brick Eraser Set,Gear,,,
Bionicle Trading Card Game 1: Gali & Pohatu,Gear,,,
Bionicle Trading Card Game 1: Tahu & Kopaka,Gear,,,
Bionicle Trading Card Game 1: Onua & Lewa,Gear,,,
Joe Nagata's LEGO Mindstorms Idea Book,Books,,,
Hau Mask - Green Brick (Legoland California),Promotional,168.0,,
Mania Magazine January - February 2001,Books,,,
Mania Magazine March - April 2001,Books,,,
Mania Magazine May - June 2001,Books,,,
Mania Magazine July - August 2001,Books,,,
Mania Magazine September - October 2001,Books,,,
Mania Magazine November - December 2001,Books,,,
Cyclone Master Watch,Gear,,,
Air Police,Town,24.0,,
Audi TT Roadster ,Promotional,57.0,,
Green Goblin,Studios,58.0,,
Wrestling Scene,Studios,,,
Spider-Man Action Studio,Studios,248.0,,
Werewolf Ambush,Studios,117.0,,
Vampire's Crypt,Studios,176.0,,
Scary Laboratory,Studios,493.0,,
Curse of the Pharaoh,Studios,50.0,,
Bird,Explore,6.0,,
Alpha Team Jet Sub,Alpha Team,22.0,,
Alpha Team Wing Diver,Alpha Team,21.0,,
Ogel Underwater Slizer,Alpha Team,21.0,,
Kick 'n' Score,Sports,23.0,,
Goalkeeper Training,Sports,23.0,,
Precision Training,Sports,16.0,,
Super Glider,Jack Stone,7.0,,
Ultralight Flyer,Jack Stone,15.0,,
Turbo Chopper,Jack Stone,13.0,,
Pen Jack Stone,Gear,,,
Pen Belville,Gear,,,
Pen Alpha Team,Gear,,,
Pen Racers,Gear,,,
Pen Darth Vader,Gear,,,
Pen R2-D2,Gear,,,
Pen C-3PO,Gear,,,
Pen Anakin Skywalker,Gear,,,
Pen Jango Fett,Gear,,,
Pen Clone Trooper,Gear,,,
Pen Gahlok,Gear,,,
Pen Kohrak,Gear,,,
Pen Lehvak,Gear,,,
Pen Nuhvok,Gear,,,
Pen Pahrak,Gear,,,
Pen Tahnok,Gear,,,
Pen Chewbacca,Gear,,,
Pen Darth Maul,Gear,,,
Pen Pack Life On Mars,Gear,,,
Pen Pack Sport,Gear,,,
Wallpaper Wendy,Duplo,9.0,,
Bob at Work,Duplo,11.0,,
Naughty Spud,Duplo,9.0,,
Clock Tower Bob,Duplo,49.0,,
Dizzy's Birdwatch,Duplo,44.0,,
Intelligent Train Deluxe Set,Explore,90.0,,
Intelligent Train Cargo,Explore,14.0,,
Intelligent Train Station,Explore,26.0,,
Intelligent Train Tunnel,Explore,10.0,,
Intelligent Train Starter Set,Explore,25.0,,
Music Twister,Explore,4.0,,
Music Tapper,Explore,4.0,,
Music Roller,Explore,4.0,,
Music Composer,Explore,7.0,,
Music Extras,Explore,6.0,,
Music Extras,Explore,4.0,,
Black Team Transport (With LEGO Football),Sports,127.0,,
Championship Challenge II,Sports,388.0,,
Championship Challenge II (L'Equipe de France Edition),Sports,341.0,,
3 vs. 3 Shootout,Sports,225.0,,
Shoot 'n' Save,Sports,110.0,,
Freekick Frenzy,Sports,54.0,,
Target Practice,Sports,37.0,,
US National Team Cup Edition Set,Sports,548.0,,
Grand Championship Cup ,Sports,570.0,,
Adidas Team Transport,Sports,133.0,,
Brickbuster Super Truck,Explore,41.0,,
Birthday Party,Explore,8.0,,
Go-Kart Transport,Explore,4.0,,
Police Action,Explore,7.0,,
Playground,Explore,19.0,,
Beach House,Explore,8.0,,
Campsite,Explore,8.0,,
Road Worker Truck,Explore,13.0,,
Wild Animals,Explore,33.0,,
Fire Rescue,Explore,20.0,,
Racing,Explore,33.0,,
Theatre Stories,Explore,45.0,,
On the Move Police Station,Explore,14.0,,
On the Move Hospital,Explore,16.0,,
Family Farm,Explore,53.0,,
Traffic Town,Explore,75.0,,
Playhouse,Explore,82.0,,
Polar Animals,Explore,29.0,,
Stack 'n' Learn First Rollabout,Explore,6.0,,
Stack 'n' Learn Friends,Explore,10.0,,
Lady Bird Collection,Explore,17.0,,
Blacksmith Shop,Castle,619.0,,
Gigamesh G60,Spybotics,244.0,,
Snaptrax S45,Spybotics,202.0,,
Shadowstrike S70,Spybotics,235.0,,
Technojaw T55,Spybotics,260.0,,
Coast Girl Key Chain,Gear,,,
Life On Mars Key Chain,Gear,,,
Sandy Moondust Astrobot Minifigure,Promotional,5.0,,
Biff Starling Astrobot Minifigure,Promotional,5.0,,
Drome Racer Key Chain,Gear,,,
Soccer Player and Ball Key Chain,Gear,,,
Yoda,Gear,,,
Insectoid Figure Key Chain,Gear,,,
Insectoid Queen Key Chain,Gear,,,
Chief Key Chain,Gear,,,
Captain Roger Key Chain,Gear,,,
Nick,Galidor,3.0,,
Jens,Galidor,4.0,,
Gorm,Galidor,4.0,,
Euripides,Galidor,3.0,,
Nepol,Galidor,3.0,,
Brick Bucket Small,Explore,45.0,,
Brick Bucket Small,Explore,45.0,,
Brick Bucket Small,Explore,45.0,,
Brick Bucket Small,Explore,45.0,,
Brick Bucket Small,Explore,45.0,,
Brick Bucket Large,Explore,90.0,,
"Basic Flexible Bucket, Large",Explore,90.0,,
Clown Bucket,Explore,90.0,,
Orange Bucket XL,Explore,90.0,,
Creator Bucket,Creator,200.0,,
Creator Bucket,Creator,200.0,,
Creator Bucket,Creator,500.0,,
Creator Bucket,Creator,500.0,,
Build Your Dreams,Creator,1000.0,,
"Road Plates, Junction",Town,2.0,,
"Road Plates, Curved",Town,2.0,6.99,3.495
"Road Plates, Straight",Town,2.0,,
"Road Plates, Cross",Town,2.0,,
Creator Box Set,Creator,500.0,,
Animals,Explore,90.0,,
Helicopter,Basic,16.0,,
Lightning Streak ,Racers,20.0,,
Blue Power ,Racers,24.0,,
Nesquik Bunny Racer,Racers,18.0,,
Story Builder Starter Set - Jungle Jam,Explore,10.0,,
Story Builder - Farmyard Fun,Explore,9.0,,
Storybuilder - Crazy Castle,Explore,9.0,,
Storybuilder - Pink Palace Magic,Explore,9.0,,
Storybuilder - Meet the Dinosaurs,Explore,9.0,,
Storybuilder - Happy Home,Explore,9.0,,
GEL-I Watch,Gear,,,
Defender 1,Sports,4.0,,
Defender 2,Sports,4.0,,
Mid Fielder 1,Sports,4.0,,
Forward 1,Sports,4.0,,
Forward 2,Sports,4.0,,
Defender 3,Sports,4.0,,
Defender 4,Sports,4.0,,
Mid Fielder 2,Sports,4.0,,
Forward 3,Sports,4.0,,
Forward 4,Sports,4.0,,
Goal Keeper,Sports,4.0,,
Referee,Sports,6.0,,
Hotdog Girl,Sports,6.0,,
Doctor,Sports,5.0,,
TV Cameraman,Sports,4.0,,
TV Camera,Sports,11.0,,
PK Kicker,Sports,4.0,,
Goal,Sports,7.0,,
Bench,Sports,7.0,,
Hotdog Trolley,Sports,19.0,,
Light,Sports,16.0,,
Bottle Case,Sports,8.0,,
Vending Machine,Sports,7.0,,
Sign Board,Sports,4.0,,
Stretcher,Sports,3.0,,
Stand,Sports,9.0,,
Drinks' Stand,Sports,9.0,,
Ball,Sports,2.0,,
Secret Set A,Sports,4.0,,
Secret Set B,Sports,4.0,,
Holiday Calendar,Creator,231.0,,
LEGO Express,Trains,456.0,,
LEGO Express Deluxe,Trains,762.0,,
Red Bullet,Racers,29.0,,
Maverick Storm,Racers,38.0,,
Hot Scorcher,Racers,57.0,,
Nitro Pulverizer,Racers,60.0,,
Stunt Race Track,Racers,168.0,,
Duel Racers,Racers,195.0,,
Off-Road Race Track,Racers,359.0,,
RC Nitro Flash,Racers,136.0,,
Flash Turbo,Racers,26.0,,
Star Strike,Racers,28.0,,
Red Monster,Racers,25.0,,
Zero Hurricane and Red Blizzard,Racers,70.0,,
Maverick Sprinter & Hot Arrow,Racers,66.0,,
Zero Tornado & Hot Rock,Racers,71.0,,
Storming Cobra,Racers,89.0,,
Super Glider,Jack Stone,7.0,,
Turbo Chopper,Jack Stone,13.0,,
Ultralight Flyer,Jack Stone,12.0,,
Red Recon Flyer,Jack Stone,20.0,,
Rapid Response Tanker,Jack Stone,34.0,,
Dual Turbo Prop,Jack Stone,28.0,,
Twin Rotor Cargo,Jack Stone,41.0,,
AIR Patrol Jet,Jack Stone,63.0,,
AIR Operations HQ,Jack Stone,165.0,,
Red Flash Station,Jack Stone,32.0,,
ResQ Digger,Jack Stone,65.0,,
Flying Lesson,Harry Potter,23.0,,
Troll on the Loose,Harry Potter,71.0,,
Gringott's bank,Harry Potter,250.0,,
Quidditch Practice,Harry Potter,128.0,,
Aragog in the Dark Forest,Harry Potter,178.0,,
Escape from Privet Drive,Harry Potter,278.0,,
Dumbledore's Office,Harry Potter,446.0,,
The Chamber of Secrets,Harry Potter,591.0,,
Dobby's Release,Harry Potter,70.0,,
The Dueling Club,Harry Potter,129.0,,
Slytherin,Harry Potter,90.0,,
Ogel Mutant Ray,Alpha Team,68.0,,
Alpha Team Aquatic Mech,Alpha Team,162.0,,
Alpha Team Robot Diver,Alpha Team,32.0,,
Alpha Team Sub-Surface Scooter,Alpha Team,42.0,,
Alpha Team Navigator and ROV,Alpha Team,111.0,,
Ogel Shark Sub,Alpha Team,115.0,,
Alpha Team Command Sub,Alpha Team,189.0,,
Ogel Underwater Base and AT Sub,Alpha Team,468.0,,
Ogel Mutant Squid,Alpha Team,62.0,,
Ogel Mutant Killer Whale,Alpha Team,57.0,,
Evil Ogel Attack,Alpha Team,20.0,,
Ogel Drone Octopus,Alpha Team,17.0,,
AT Jet Sub,Alpha Team,21.0,,
Soft Frog Rattle,Explore,1.0,,
Star Teether,Explore,1.0,,
Caterpillar Teether,Explore,1.0,,
Crib and Mirror Adventure,Explore,2.0,,
Take Along Friend,Explore,1.0,,
Soft Stacking Hen,Explore,5.0,,
Shape and Colour Sorter,Explore,9.0,,
Light and Sound Stacker,Explore,10.0,,
Musical Apple,Explore,1.0,,
Play Plane,Explore,1.0,,
Squirt Frog,Explore,1.0,,
Roll 'n' Play,Explore,1.0,,
Bendy Caterpillar,Explore,3.0,,
Stacking Tower,Explore,5.0,,
LEGO Baby Stack 'n' Learn,Explore,36.0,,
Ladybird rattle,Explore,1.0,,
Soccer Mania,Gear,,,
Soccer Mania,Gear,,,
Soccer Mania,Gear,,,
Beautiful Baby Princess,Belville,23.0,,
Flora's Bubbling Bath,Belville,31.0,,
The Wicked Madam Frost,Belville,38.0,,
Vanilla's Frosty Sleighride,Belville,36.0,,
Queen Rose and the Little Prince Charming,Belville,71.0,,
The Royal Crystal Palace,Belville,149.0,,
Riding Stables,Belville,148.0,,
Western Picture Frame,Miscellaneous,138.0,,
Castle Picture Frame,Miscellaneous,105.0,,
Racers Picture Frame,Miscellaneous,136.0,,
Boy on Snowscooter,Explore,2.0,,
Truck,Explore,3.0,,
Command Post Central,Town,273.0,,
Skateboarding Pepper,Island Xtreme Stunts,11.0,,
Brickster's Trike,Island Xtreme Stunts,16.0,,
Snap's Cruiser,Island Xtreme Stunts,19.0,,
Beach Cruisers,Island Xtreme Stunts,53.0,,
Air Chase,Island Xtreme Stunts,85.0,,
Beach Lookout,Island Xtreme Stunts,87.0,,
Wake Rider,Island Xtreme Stunts,93.0,,
Skateboard Challenge,Island Xtreme Stunts,108.0,,
Truck & Stunt Trikes,Island Xtreme Stunts,199.0,,
Xtreme Tower,Island Xtreme Stunts,330.0,,
Fort Legoredo,Western,673.0,,
Rapid River Village,Western,343.0,,
Sheriff's Lock-Up,Western,171.0,,
Jedi Duel,Star Wars,82.0,,
Tusken Raider Encounter,Star Wars,93.0,,
Twin-Pod Cloud Car,Star Wars,118.0,,
Bounty Hunter Pursuit,Star Wars,259.0,,
Ewok Attack,Star Wars,121.0,,
X-wing Fighter,Star Wars,267.0,,
Jedi Starfighter,Star Wars,138.0,,
TIE Fighter & Y-wing,Star Wars,410.0,,
Jango Fett's Slave I,Star Wars,369.0,,
Republic Gunship,Star Wars,686.0,,
Yoda,Star Wars,1075.0,,
Final Duel I,Star Wars,29.0,,
Final Duel II,Star Wars,23.0,,
Jedi Defense I,Star Wars,59.0,,
Jedi Defense II,Star Wars,53.0,,
Belville Pink Watch,Gear,,,
Bionicle Watch,Gear,,,
Creator Watch,Gear,,,
Create 'N' Race Watch,Gear,,,
Soccer Watch,Gear,,,
Life On Mars Watch,Gear,,,
Belville Boutique Watch,Gear,,,
Creator Clock,Gear,,,
Bionicle Clock,Gear,,,
Belville Fairy Castle Clock,Gear,,,
Creator Bucket,Creator,500.0,,
Creator Bucket,Creator,200.0,,
Make-Believe Bucket,Creator,200.0,,
Small Blue Creator Bucket,Creator,200.0,,
Build and Create Bucket,Creator,600.0,,
R2-D2,Star Wars,240.0,,
Darth Vader,Star Wars,391.0,,
Jango Fett,Star Wars,422.0,,
Super Battle Droid,Star Wars,379.0,,
Nick Bluetooth,Galidor,12.0,,
Gorm,Galidor,12.0,,
Jens,Galidor,13.0,,
Nick Bluetooth Deluxe,Galidor,15.0,,
Gorm Deluxe,Galidor,14.0,,
TDN Module,Galidor,9.0,,
Kek Powerizer,Galidor,9.0,,
Allegra,Galidor,10.0,,
Ooni,Galidor,29.0,,
Aquart,Galidor,11.0,,
Nepol Basic Figure,Galidor,10.0,,
Nepol and Shimmel,Galidor,27.0,,
Mokarr,Galidor,,,
Euripides,Galidor,10.0,,
Tager,Galidor,18.0,,
Helicopter,Technic,147.0,,
Mag Wheel Master,Technic,318.0,,
Pneumatic Crane Truck,Technic,862.0,,
Williams F1 Team Racer,Racers,1484.0,,
Power Crusher,Racers,92.0,,
Slammer Raptor,Racers,144.0,,
Slammer G-Force,Racers,148.0,,
Nitro Burner,Racers,119.0,,
Street 'n' Mud Racer,Racers,347.0,,
Nitro Race Team,Racers,500.0,,
RC Race Buggy,Racers,283.0,,
Gahlok Va,Bionicle,26.0,,
Kohrak Va,Bionicle,28.0,,
Lehvak Va,Bionicle,28.0,,
Pahrak Va,Bionicle,27.0,,
Tahnok Va,Bionicle,27.0,,
Nuhvok Va,Bionicle,26.0,,
Boxor,Bionicle,157.0,,
Exo-Toa,Bionicle,378.0,,
Cahdok and Gahdok,Bionicle,636.0,,
Krana,Bionicle,5.0,,
Pahrak,Bionicle,41.0,,
Nuhvok,Bionicle,41.0,,
Gahlok,Bionicle,41.0,,
Tahnok,Bionicle,41.0,,
Lehvak,Bionicle,41.0,,
Kohrak,Bionicle,41.0,,
Onua Nuva,Bionicle,41.0,,
Lewa Nuva,Bionicle,37.0,,
Pohatu Nuva,Bionicle,40.0,,
Krana,Bionicle,5.0,,
Gali Nuva,Bionicle,44.0,,
Kopaka Nuva,Bionicle,42.0,,
Tahu Nuva,Bionicle,36.0,,
Krana Nuva,Bionicle,2.0,,
Kanohi Nuva and Krana Pack,Bionicle,5.0,,
Around-the-House Set,Education,125.0,,
LEGO Theatre,Education,98.0,,
Life-on-the-Farm Set,Education,105.0,,
Wild Animals Set,Education,57.0,,
Technology Resource Set,Education,1110.0,,
Scenery Resource Set,Education,679.0,,
Renewable Energy Set,Education,729.0,,
Robo Technology Set with Serial Transmitter,Education,219.0,,
Robo Technology Set with USB Transmitter,Education,217.0,,
City Sights Challenge Kit,Education,1020.0,,
9-Volt Touch Sensor ,Dacta,1.0,,
Santa Fe Super Chief,Trains,435.0,,
Santa Fe Cars - Set II,Trains,411.0,,
Bionicle Master Builder Set,Bionicle,102.0,,
Red Baron,Advanced models,664.0,,
Santa Fe Cars - Set I,Trains,326.0,,
Special Edition Naboo Starfighter,Star Wars,187.0,,
Imperial Star Destroyer,Star Wars,3096.0,269.99,0.0872060723514212
Pizza-To-Go,Town,151.0,,
Breezeway Café,Town,183.0,,
Black Falcon's Fortress,Castle,426.0,,
Black Seas Barracuda,Pirates,906.0,,
2 x 2 Electrical Plate,Bulk Bricks,1.0,,
Windows and Doors,Bulk Bricks,44.0,7.99,0.1815909090909091
Bridge Elements,Bulk Bricks,13.0,,
Brown Tiles,Bulk Bricks,100.0,,
Arch,Bulk Bricks,36.0,5.99,0.1663888888888889
Small Wheels and Axles,Bulk Bricks,61.0,,
Large Wheels and Axles,Bulk Bricks,31.0,,
Grey Fences,Bulk Bricks,34.0,,
Small Windows,Bulk Bricks,50.0,,
Intelligent Locomotive,Explore,6.0,,
Black Roof Tiles,Bulk Bricks,44.0,,
Black Roof Tiles,Bulk Bricks,68.0,5.99,0.08808823529411765
Black Roof Tiles,Bulk Bricks,50.0,5.99,0.1198
White Plates,Bulk Bricks,56.0,,
Black Plates,Bulk Bricks,56.0,,
Red Plates,Bulk Bricks,56.0,,
Dark Green Plates,Bulk Bricks,56.0,,
Grey Plates,Bulk Bricks,56.0,,
Black Plates,Bulk Bricks,84.0,,
Red Plates,Bulk Bricks,84.0,4.99,0.059404761904761905
Dark Green Plates,Bulk Bricks,84.0,,
Grey Plates,Bulk Bricks,84.0,,
White Plates,Bulk Bricks,84.0,,
Castle Accessories,Bulk Bricks,37.0,,
Mini-Fig Headgear,Bulk Bricks,53.0,,
Santa,Seasonal,39.0,,
Tree,Seasonal,33.0,,
Reindeer,Seasonal,26.0,,
Spider-Man Action Pack,Studios,25.0,,
Technic Gear Wheels,Bulk Bricks,39.0,12.99,0.3330769230769231
Train Motor 9 V,Trains,3.0,24.99,8.33
Elf Girl,Seasonal,31.0,,
"Large Train Engine with Tender, Black ",Trains,232.0,,
BIONICLE: Matoran Adventures,Gear,,,
Creator: Harry Potter and the Chamber of Secrets,Gear,,,
Island Xtreme Stunts,Gear,,,
Island Xtreme Stunts,Gear,,,
Island Xtreme Stunts,Gear,,,
Drome Racers,Gear,,,
Drome Racers,Gear,,,
GALIDOR: Defenders of the Outer Dimension,Gear,,,
GALIDOR: Defenders of the Outer Dimension,Gear,,,
Bohrok Swarm Trading Game: Blue Pack,Gear,,,
Bohrok Swarm Trading Game: Red Pack,Gear,,,
Bohrok Swarm Trading Game: Green Pack,Gear,,,
Racers Turbo Pack,Racers,86.0,,
Bionicle Dual Pack: Lehvak & Pahrak,Bionicle,82.0,,
R2-D2 / C-3PO Droid Collectors Set,Star Wars,581.0,,
Alpha Team Secret Mission Collector's Pack,Alpha Team,241.0,,
X-wing Fighter / TIE Fighter & Y-wing Collectors Set,Star Wars,677.0,,
Jango Fett's Slave I with Bonus Cargo Case,Star Wars,369.0,,
Bonus/Value Pack,Trains,951.0,,
"Wheels, tyres and axles",Education,,,
Belville Clock,Gear,,,
Belville Butterfly Watch,Gear,,,
LEGOLAND Germany Yellow Bucket,Duplo,50.0,,
Jack Stone Policeman Watch,Gear,,,
Jack Stone Fireman Clock,Gear,,,
Bionicle Bohrok Watch,Gear,,,
Platform and Mini-Figures,Trains,47.0,,
Blue Passenger Wagon,Trains,192.0,,
Green Dragon,Promotional,47.0,,
Harry Potter Minifigure Collection Gallery 1,Harry Potter,20.0,,
Harry Potter Minifigure Collection Gallery 2,Harry Potter,17.0,,
Harry Potter Minifigure Collection Gallery 3,Harry Potter,23.0,,
Harry Potter Minifigure Collection Gallery 4,Harry Potter,23.0,,
Jin Sato's LEGO MINDSTORMS: The Master's Technique,Books,,,
C-3PO,Gear,,,
Harry Potter Coca Cola Gift Set,Harry Potter,540.0,,
Bus,Promotional,45.0,,
Polly And Paco Parrots ,Promotional,,,
Olli the Dragon with LEGOLAND sign,Promotional,48.0,,
Mania Magazine January - February 2002,Books,,,
Mania Magazine March - April 2002,Books,,,
Quidditch Tower (TRU Event Exclusive),Harry Potter,38.0,,
American Flag,Promotional,63.0,,
Stack-n-Learn Gift Item,Duplo,42.0,,
Clikits Bracelet,Clikits,13.0,,
Tahnok Va,Bionicle,27.0,,
Nuhvok Va,Bionicle,26.0,,
Gahlok Va,Bionicle,26.0,,
Lehvak Va,Bionicle,25.0,,
Fikou,Bionicle,13.0,,
Luke Skywalker pen,Gear,,,
Paploo pen,Gear,,,
Storm Trooper pen,Gear,,,
Obi-Wan Kenobi pen,Gear,,,
Tusken Raider pen,Gear,,,
Yoda pen,Gear,,,
Mini TIE Fighter,Star Wars,12.0,,
Little Fish,Creator,43.0,,
Bob's Busy Day,Explore,9.0,,
Wendy in the Office,Explore,9.0,,
Spud and Bird,Explore,9.0,,
Takutanuva,Bionicle,399.0,,
Johnny Thunder,Adventurers,6.0,,
Sam Sinister,Adventurers,5.0,,
China Girl,Adventurers,4.0,,
Chef,World City,6.0,,
Construction Worker,World City,4.0,,
Train Conductor,World City,6.0,,
Pepper Roni,Island Xtreme Stunts,4.0,,
Brickster,Island Xtreme Stunts,4.0,,
Beach Dude,Island Xtreme Stunts,4.0,,
Skater Boy,Sports,5.0,,
Street Basket,Sports,5.0,,
Dash the Diver,Alpha Team,8.0,,
Championship Challenge II (Bayern Munich FC Edition),Sports,389.0,,
Shoot 'n' Save (Bayern Munich FC Edition),Sports,110.0,,
NBA Slam Dunk,Sports,53.0,,
One vs One Action,Sports,39.0,,
Ultimate Defense,Sports,82.0,,
Spin & Shoot,Sports,71.0,,
Street Ball 2 vs 2,Sports,186.0,,
NBA Challenge,Sports,451.0,,
The Ultimate NBA Arena,Sports,491.0,,
NBA Jam Session Co-Pack,Sports,70.0,,
Kobe Bryant,Sports,4.0,,
Funny Crocodile,Explore,16.0,,
Funny Giraffe,Explore,21.0,,
Funny Lion,Explore,23.0,,
Rhino and Lion,Explore,30.0,,
African Adventures,Explore,52.0,,
Blue Deer,Explore,10.0,,
Yellow Duck,Explore,11.0,,
Green Parrot,Explore,10.0,,
Pau Gasol,Sports,4.0,,
Tony Parker,Sports,4.0,,
Skateboard Street Park,Sports,69.0,,
Snowboard Big Air Comp,Sports,82.0,,
Skateboard Vert Park Challenge,Sports,88.0,,
Snowboard Boarder Cross Race,Sports,195.0,,
Puck Passer,Sports,44.0,,
Slap Shot,Sports,45.0,,
Flip Shot,Sports,46.0,,
Slammer Goalie,Sports,45.0,,
Game Set,Sports,154.0,,
Puck Feeder,Sports,152.0,,
Slam Dunk Trainer,Sports,19.0,,
Slam Dunk Trainer (Kabaya Co-Pack),Sports,19.0,,
Practice Shooting,Sports,17.0,,
Practice Shooting (Kabaya Co-Pack),Sports,17.0,,
Jump and Shoot,Sports,17.0,,
Jump and Shoot (Kabaya Co-Pack),Sports,17.0,,
Blue Player and Goal,Sports,33.0,,
Red Player and Goal,Sports,33.0,,
Red and Blue Player,Sports,40.0,,
NBA Collectors #1,Sports,12.0,,
NBA Collectors #2,Sports,12.0,,
NBA Collectors #3,Sports,13.0,,
NBA Collectors #4,Sports,12.0,,
NBA Collectors #5,Sports,12.0,,
NBA Collectors #6,Sports,12.0,,
NBA Collectors #7,Sports,12.0,,
NBA Collectors #8,Sports,12.0,,
Rapid Return,Sports,47.0,,
Snowboard Super Pipe,Sports,227.0,,
Stunt Plane,Explore,9.0,,
Mini Dozer,Explore,15.0,,
Heavy Truck,Explore,18.0,,
Chopper,Explore,22.0,,
Drill,Explore,24.0,,
Fire Action,Explore,11.0,,
Police Action,Explore,32.0,,
Fire Fighters,Explore,35.0,,
Tow-Me Truck,Explore,5.0,,
Fearless Fire Fighter,Explore,5.0,,
Friendly Police Car,Explore,4.0,,
Happy Constructor,Explore,9.0,,
Emergency Vehicles Set,Explore,9.0,,
Create and Imagine,Creator,1000.0,,
Creator,Creator,500.0,,
Fun and Adventure,Creator,55.0,,
Advent Calendar,Creator,344.0,,
Create Your Dreams,Creator,100.0,,
Build and Imagine,Creator,100.0,,
World of Bricks,Creator,500.0,,
Build with Bricks Bucket,Creator,500.0,,
Holiday Jet (LEGO Air Version),World City,151.0,,
Holiday Jet (SAS Version),World City,151.0,,
Holiday Jet (EL AL Version),World City,151.0,,
Holiday Jet (Iberia Version),World City,151.0,,
Holiday Jet (JAL Version),World City,151.0,,
Holiday Jet (Lauda Air Version),World City,151.0,,
Holiday Jet (ANA Version),World City,151.0,,
Holiday Jet (SWISS Version),World City,151.0,,
Holiday Jet (Snowflake Version),World City,151.0,,
Holiday Jet (Austrian Air Version),World City,151.0,,
Holiday Jet (KLM Version),World City,151.0,,
Holiday Jet (Malaysian Air Version),World City,151.0,,
Holiday Jet (Aeroflot Version),World City,151.0,,
Fun Flyer,Basic,30.0,,
LEGO EXPLORE Exclusive,Explore,90.0,,
Ultimate Wheels,Creator,514.0,,
Mech Lab,Creator,554.0,,
Motion Madness,Creator,243.0,,
Wild Wind-Up,Creator,314.0,,
Motor Movers,Creator,254.0,,
Record and Play,Creator,345.0,,
Micro Wheels,Creator,215.0,,
Mini Robots,Creator,229.0,,
High Flyers,Creator,197.0,,
Robobots,Creator,325.0,,
Maximum Wheels,Creator,299.0,,
Wild Collection,Creator,492.0,,
Large Tub,Creator,1000.0,,
Creator Strata Red,Creator,1000.0,,
Green LEGO Car,Racers,21.0,,
Blue LEGO Car,Racers,24.0,,
Build With Bricks,Creator,705.0,,
Little Creations,Creator,110.0,,
Sea Riders,Creator,547.0,,
Air Blazers,Creator,702.0,,
Land Busters,Creator,770.0,,
Large Creator Tub,Creator,1305.0,,
Jabba's Message,Star Wars,44.0,,
Jabba's Prize,Star Wars,40.0,,
T-16 Skyhopper ,Star Wars,98.0,,
Geonosian Fighter,Star Wars,170.0,,
TIE Bomber,Star Wars,230.0,,
Jabba's Palace,Star Wars,231.0,,
Hailfire Droid,Star Wars,681.0,,
AT-TE,Star Wars,658.0,,
AT-AT,Star Wars,1064.0,,
X-Wing Fighter & TIE Advanced,Star Wars,76.0,,
Sebulba's Podracer & Anakin's Podracer,Star Wars,72.0,,
AT-ST & Snowspeeder,Star Wars,76.0,,
Jedi Starfighter & Slave I,Star Wars,53.0,,
Millennium Falcon,Star Wars,87.0,,
AT-AT,Star Wars,98.0,,
Republic Gunship,Star Wars,102.0,,
MTT,Star Wars,99.0,,
High Speed Train,World City,333.0,,
Cargo Train,World City,544.0,,
Grand Central Station,World City,344.0,,
Cargo Crane,World City,175.0,,
Police Motorcycle,4 Juniors,11.0,,
Tow Truck,4 Juniors,25.0,,
Dump Truck,4 Juniors,27.0,,
Tanker Truck,4 Juniors,42.0,,
Quick Fix Station,4 Juniors,97.0,,
Fire Squad HQ,4 Juniors,139.0,,
Quality Quidditch Supplies,Harry Potter,120.0,,
Knockturn Alley,Harry Potter,209.0,,
Spider-Man's first chase,Spider-Man,191.0,,
Spider-Man and Green Goblin - The origins,Spider-Man,218.0,,
Spider-Man vs. Green Goblin -- The final showdown,Spider-Man,360.0,,
Soccer,Sports,15.0,,
Basketball,Sports,25.0,,
Hockey,Sports,28.0,,
Skater,Sports,15.0,,
Basketball,Sports,17.0,,
Hockey Headshox,Sports,36.0,,
Snowboard,Sports,16.0,,
Explore Half Strata Box,Explore,110.0,,
Explore Strata,Explore,139.0,,
Big Bricks Box,Explore,140.0,,
Yellow Tub,Explore,100.0,,
Chicken,Explore,6.0,,
Smiling Rattle,Explore,2.0,,
Curly Hanging Rattle,Explore,2.0,,
Roll 'n' Tip,Explore,1.0,,
Stack 'n' Learn Sorter,Explore,13.0,,
Discovery Bird,Explore,2.0,,
Musical Sea Mobile,Explore,,,
Rolling Duck,Explore,4.0,,
Paprika and the Mischievous Monkey,Belville,51.0,,
Safran's Amazing Bazaar,Belville,93.0,,
The Golden Palace,Belville,173.0,,
Little Garden Fairy,Belville,51.0,,
Fairy Island,Belville,101.0,,
Flower Fairy Party,Belville,161.0,,
Golden Land,Belville,32.0,,
Belville Fairy Land,Belville,19.0,,
Squad Car,World City,51.0,,
Helicopter,World City,88.0,,
Police 4WD and Undercover Van,World City,154.0,,
Armored Car Action,World City,181.0,,
Surveillance Truck,World City,261.0,,
Police HQ,World City,422.0,,
Inflight Sales,Creator,129.0,,
Robots,Creator,24.0,,
Flyers,Creator,28.0,,
Wheelers,Creator,36.0,,
Christmas,Creator,34.0,,
Secret of the Tomb,Adventurers,42.0,,
Jungle River,Adventurers,64.0,,
Tygurah's Roar,Adventurers,94.0,,
Yeti's Hideout,Adventurers,107.0,,
Passage of Jun-Chi,Adventurers,94.0,,
Elephant Caravan,Adventurers,86.0,,
Aero Nomad,Adventurers,120.0,,
Emperor's Ship,Adventurers,177.0,,
Temple of Mount Everest,Adventurers,292.0,,
Scorpion Palace,Adventurers,341.0,,
Scorpion Palace and Foam Scimitar,Adventurers,342.0,,
Dragon Fortress,Adventurers,732.0,,
Thunder Blazer,Adventurers,69.0,,
Red Eagle,Adventurers,33.0,,
Mountain Sleigh,Adventurers,30.0,,
Black Cruiser,Adventurers,28.0,,
Tiny's Day and Night Lever,Explore,12.0,,
Sporty's Jumping Gym,Explore,10.0,,
Gardening with Stripy,Explore,23.0,,
Stretchy's Junk Yard,Explore,36.0,,
Tiny & Friends,Explore,53.0,,
Tiny,Explore,2.0,,
Sporty,Explore,2.0,,
Stretchy,Explore,1.0,,
Little Robots Tiny Plush,Gear,,,
Little Robots Messy Plush,Gear,,,
Little Robots Scary Plush,Gear,,,
Little Robots Stripy Plush,Gear,,,
Little Robots Tiny Plush Mini,Gear,,,
Little Robots Messy Plush Mini,Gear,,,
Little Robots Scary Plush Mini,Gear,,,
Little Robots Stripy Plush Mini,Gear,,,
International Space Station,Discovery,162.0,,
Saturn V Moon Mission,Discovery,178.0,,
Mission To Mars,Discovery,418.0,,
Space Shuttle Discovery-STS-31,Discovery,828.0,,
Mars Exploration Rover,Discovery,870.0,,
Bangle Minis,Clikits,32.0,,
Photo Minis,Clikits,30.0,,
Memo Minis,Clikits,24.0,,
Jewels 'n' Rings,Clikits,78.0,,
Jewels 'n' Bands,Clikits,78.0,,
Cool Jewels 'n' Clips,Clikits,70.0,,
Trendy Tote Hot Pink,Clikits,89.0,,
Trendy Tote Tangerine,Clikits,94.0,,
Trendy Tote Sky Blue,Clikits,94.0,,
Ultimate Design Studio,Clikits,281.0,,
Cool Room Décor,Clikits,131.0,,
Cool Room Catchers,Clikits,111.0,,
Cool Room Frames,Clikits,111.0,,
Pillow Décor 'N' More,Clikits,104.0,,
Pretty Punch Activity Set,Clikits,30.0,,
Let's Party Set,Clikits,63.0,,
Halloween Bucket,Creator,200.0,,
Pro Stunt,Racers,30.0,,
Slammer Rhino,Racers,218.0,,
Exo Force Bike,Racers,101.0,,
H.O.T. Blaster Bike,Racers,88.0,,
Jungle Monster,Racers,116.0,,
Zonic Strike,Racers,107.0,,
Off-Roader,Racers,26.0,,
Desert Racer,Racers,27.0,,
Track Racer,Racers,24.0,,
Baja Desert Racers,Racers,322.0,,
Multi-Challenge Race Track,Racers,623.0,,
Tuneable Racer,Racers,196.0,,
Supersonic RC,Racers,429.0,,
Nitro Stunt Bike,Racers,92.0,,
Extreme Power Bike,Racers,98.0,,
Williams F1 Team Racer,Racers,98.0,,
Hot Flame,Racers,257.0,,
Pneumatic Crane Truck,Technic,848.0,,
Fork-Lift Truck,Technic,72.0,,
Dump Truck,Technic,183.0,,
Front-End Loader,Technic,214.0,,
Rescue Truck,Technic,639.0,,
Back-Hoe,Technic,704.0,,
Nuhvok-Kal,Bionicle,41.0,,
Tahnok-Kal,Bionicle,41.0,,
Kohrak-Kal,Bionicle,41.0,,
Lehvak-Kal,Bionicle,41.0,,
Pahrak-Kal,Bionicle,41.0,,
Gahlok-Kal,Bionicle,41.0,,
Kraata,Bionicle,3.0,,
Kopeke,Bionicle,25.0,,
Matoro,Bionicle,25.0,,
Hahli,Bionicle,25.0,,
Hewkii,Bionicle,25.0,,
Hafu,Bionicle,25.0,,
Macku,Bionicle,25.0,,
Rahkshi Panrahk,Bionicle,45.0,,
Rahkshi Kurahk,Bionicle,45.0,,
Rahkshi Lerahk,Bionicle,45.0,,
Rahkshi Guurahk,Bionicle,45.0,,
Rahkshi Vorahk,Bionicle,45.0,,
Rahkshi Turahk,Bionicle,45.0,,
Makuta,Bionicle,199.0,,
Jaller and Gukko,Bionicle,172.0,,
Takua and Pewku,Bionicle,221.0,,
Takanuva,Bionicle,200.0,,
Krana-Kal,Bionicle,5.0,,
Krana-Kal Bag,Bionicle,5.0,,
Baby Discovery Set,Education,45.0,,
Baby Stack 'n' Learn Set,Education,69.0,,
Baby Stack 'n' Learn Set,Education,91.0,,
Vehicles Set,Education,30.0,,
Rescue Transportation Set,Education,166.0,,
Bulk Set with Special Bricks,Education,610.0,,
Journey into Space,Education,631.0,,
Giraffe Table,Gear,,,
Racer,Gear,,,
Elephant Wall,Gear,,,
Duplo Bricks,Education,,,
Mechanical Engineering,Dacta,318.0,,
Chromosomes - Student Set,Education,136.0,,
Mission Mars Challenge Kit,Education,1274.0,,
Team Challenge Set with Serial Transmitter,Education,833.0,,
Team Challenge Set with USB Transmitter,Education,831.0,,
Multi Table Small,Gear,,,
Seats for Multi Table,Gear,,,
USS Constellation,Hobby Set,973.0,,
Train Engine Shed,World City,664.0,,
Lunar Lander,Discovery,453.0,,
Main Street,Town,616.0,,
U.S. Flag,Bulk Bricks,35.0,,
Mr. Bunny,Seasonal,25.0,,
Technic Beams,Bulk Bricks,56.0,9.99,0.17839285714285716
Technic Bushes,Bulk Bricks,130.0,9.99,0.07684615384615384
Technic Cross Axles,Bulk Bricks,68.0,,
Technic Motor,Bulk Bricks,55.0,,
Train Connection Wire,Trains,1.0,8.99,8.99
Snowman,Seasonal,42.0,,
Angel,Seasonal,33.0,2.49,0.07545454545454545
Turkey,Seasonal,54.0,,
NBA Basketball Teams,Sports,20.0,,
Cloud City,Star Wars,698.0,,
Wright Flyer,Advanced models,670.0,,
NHL Action Set with Stickers,Sports,59.0,,
Train Level Crossing,World City,327.0,,
Rebel Snowspeeder,Star Wars,1457.0,,
Takutanuva,Bionicle,399.0,,
Drome Racers,Gear,,,
Drome Racers,Gear,,,
BIONICLE: The Game,Gear,,,
BIONICLE: The Game,Gear,,,
BIONICLE: The Game,Gear,,,
BIONICLE: The Game,Gear,,,
BIONICLE: The Game,Gear,,,
Slammer Stadium,Sports,22.0,,
Street Basketball set with Spalding mini-basketball,Sports,186.0,,
Rahkshi Kaita Za Pack,Bionicle,162.0,,
Bionicle twin-pack with gold mask,Bionicle,50.0,,
Bionicle twin-pack with gold mask,Bionicle,50.0,,
Bionicle twin-pack with gold mask,Bionicle,50.0,,
Bonus/Value Pack,Bionicle,199.0,,
Bonus/Value Pack,Explore,35.0,,
Bonus/Value Pack,Bionicle,240.0,,
Bonus/Value Pack,Creator,43.0,,
Bonus/Value Pack,Creator,36.0,,
Bonus/Value Pack,Racers,306.0,,
Bonus/Value Pack,Creator,496.0,,
Johnny Thunder,Gear,,,
Snowtrooper,Gear,,,
C-3PO,Gear,,,
"NBA, Heat 04 ",Gear,,,
"NBA, New Orleans 04",Gear,,,
Orient Expedition Clock,Gear,,,
Alpha Team Mission Deep Sea Watch,Gear,,,
Alpha Team Mission Deep Sea Clock,Gear,,,
Bionicle Tahu Nuva Watch,Gear,,,
Bionicle Tahu Nuva Clock,Gear,,,
Racers Drome Watch,Gear,,,
Racers Drome Clock,Gear,,,
Spybotics Watch,Gear,,,
Coloured Pencils,Gear,,,
Umbrella Minifigure,Gear,,,
Orient Expedition Memo Pad Holder with Pencil,Gear,,,
Football,Gear,,,
LEGO Blue Brick Key Chain,Gear,,,
Maharaja Lallu Key Chain,Gear,,,
Sam Sinister Key Chain,Gear,,,
"Magnets, Small Classic Set",Gear,,,
"Magnets, Medium Classic Set",Gear,,,
"Magnets, Large Classic Set",Gear,,,
Magnetic Bricks,Gear,,,
Basketball Cap,Gear,,,
Hockey Cap,Gear,,,
Santa Key Chain,Gear,,,
LEGO Red Brick Key Chain,Gear,,,
Star Wars MINI Bonus Pack,Star Wars,277.0,,
{Green photo frame with bird},Gear,,,
{Grey photo frame with king},Gear,,,
"Photo Frame, Adventurers",Gear,,,
Xtreme Skateboard Key Chain,Gear,,,
Pirate,Gear,,,
Red Racer,Gear,,,
Sherpa Sangye Dorje ,Gear,,,
Pippin Reed ,Gear,,,
Vakama (Promotional Pack),Bionicle,28.0,,
Basketball Clock,Gear,,,
BIONICLE: Mask of Light DVD,Gear,,,
Virtual LEGO: The Official LDraw.org guide to LDraw Tools for Windows,Books,,,
Mosaic Cat,Basic,2127.0,,
Mosaic Dino,Basic,2847.0,,
Mosaic Johnny Thunder,Basic,2127.0,,
Mosaic Tiger,Basic,2217.0,,
Bionicle Key Chain,Gear,,,
Santa Claus,Seasonal,,,
Reindeer,Seasonal,,,
Christmas Tree,Seasonal,,,
King,Promotional,45.0,,
LEGOLAND Rose (glued),Gear,,,
Swan,Promotional,72.0,,
Small Duck,Promotional,8.0,,
Deer,Promotional,12.0,,
Luke Skywalker Pen,Gear,,,
Value Pack (Exclusive to K-Mart Australia),Adventurers,91.0,,
Jewelry Sample,Clikits,16.0,,
Preschool Playtable,Explore,18.0,,
Heart,Clikits,9.0,,
Daisy,Clikits,9.0,,
Star,Clikits,9.0,,
Shooter + Disk,Bionicle,2.0,,
NHL Championship Challenge,Sports,374.0,,
NHL Street Hockey,Sports,114.0,,
Car,Creator,,,
Aeroplane,Creator,,,
Boat,Creator,,,
Space Plane,Creator,,,
Helicopter,Creator,9.0,,
Green Duplo Strata,Duplo,139.0,,
Yellow Racer,Racers,28.0,,
Blue Racer,Racers,31.0,,
Orange Racer,Racers,24.0,,
Black Robot Pod,Creator,50.0,,
Robo Pod,Creator,50.0,,
Robo Pod,Creator,47.0,,
Auto Pod,Creator,39.0,,
Auto Pod,Creator,36.0,,
Aero Pod,Creator,36.0,,
Aero Pod,Creator,33.0,,
Creatures Pod,Creator,44.0,,
Wild Pod,Creator,41.0,,
Buildings,Creator,506.0,,
Transportation,Creator,301.0,,
Animals,Creator,202.0,,
Build and Create,Creator,500.0,,
Blue Strata XXL,Creator,1200.0,,
Olympia Bucket,Creator,200.0,,
Creator Half Tub Blue,Creator,500.0,,
Better Building More Fun,Creator,2000.0,,
Star Destroyer,Star Wars,87.0,,
Sith Infiltrator,Star Wars,55.0,,
Imperial Shuttle,Star Wars,82.0,,
AT-TE,Star Wars,63.0,,
Fun with Building Tub,Creator,1000.0,,
Pretend and Create,Creator,1000.0,,
Rebel Snowspeeder,Star Wars,214.0,,
Mos Eisley Cantina,Star Wars,193.0,,
X-wing Fighter,Star Wars,563.0,,
Millennium Falcon,Star Wars,985.0,,
Sea Machines,Creator,168.0,,
Deep Sea Predators,Creator,352.0,,
Prehistoric Creatures,Creator,726.0,,
Titan XP,Creator,782.0,,
3-Seat Playtable,Gear,,249.99,
Creator Value Pack,Creator,800.0,,
Special Edition Tub,Creator,200.0,,
Creator Box,Creator,400.0,,
Speedy Police Car,4 Juniors,24.0,,
Loadin' Digger,4 Juniors,29.0,,
Outrigger Construction Crane,4 Juniors,61.0,,
Turbo-Charged Police Boat,4 Juniors,52.0,,
Police Key Chain,Gear,,,
Letter Set Black,Gear,,,
Picture Holder,Gear,,,
Bricks and Creations,Creator,1531.0,,
Traffic Patrol,Duplo,3.0,,
Fire Truck,Duplo,18.0,,
Pony and Cart,Duplo,5.0,4.99,0.998
Pick-Up Truck,Duplo,4.0,,
Fork Lift,Duplo,10.0,,
Little Farm,Duplo,50.0,,
Tractor-Trailer,Duplo,8.0,12.99,1.62375
Team Construction,Duplo,22.0,,
Playhouse,Duplo,60.0,,
Horse Stable,Duplo,29.0,,
Police Station,Duplo,61.0,,
Fire Car,Duplo,2.0,,
Ferrari F1 Race Car,Duplo,5.0,,
Ferrari F1 Racing Team,Duplo,37.0,,
Mini Harry Potter Knight Bus,Harry Potter,58.0,,
Blue Bucket,Creator,400.0,,
Chill Speeder,Alpha Team,58.0,,
Ice Blade,Alpha Team,108.0,,
Tundra Tracker,Alpha Team,141.0,,
Blue Eagle vs. Snow Crawler,Alpha Team,258.0,,
Mobile Command Center,Alpha Team,426.0,,
Ogel's Mountain Fortress,Alpha Team,436.0,,
Draco's Encounter with Buckbeak,Harry Potter,36.0,,
Harry and the Marauder's Map,Harry Potter,109.0,,
Professor Lupin's Classroom,Harry Potter,156.0,,
Sirius Black's Escape,Harry Potter,188.0,,
Hagrid's Hut,Harry Potter,302.0,,
Knight Bus,Harry Potter,243.0,,
Shrieking Shack,Harry Potter,444.0,,
Hogwarts Castle,Harry Potter,944.0,,
Hogwarts Express,Harry Potter,389.0,,
3 Christmas Decorations,Seasonal,127.0,,
Knight and Squire,Duplo,19.0,,
Dragon Tower,Duplo,63.0,,
Knights' Castle,Duplo,168.0,,
Spider-Man's Street Chase,Spider-Man,73.0,,
Doc Ock's Bank Robbery,Spider-Man,176.0,,
Spider-Man's Train Rescue,Spider-Man,294.0,,
Doc Ock's Hideout,Spider-Man,486.0,,
Doc Ock's Fusion Lab,Spider-Man,237.0,,
Doc Ock's Crime Spree,4 Juniors,55.0,,
Doc Ock's Cafe Attack,4 Juniors,130.0,,
Building Bonanza,Creator,667.0,,
DUPLO Basic Bricks,Duplo,100.0,,
Advent Calendar,Creator,335.0,,
Large Explore Bucket,Explore,90.0,,
Duplo Bucket,Duplo,90.0,,
Duplo Tub,Duplo,139.0,,
Duplo Tub,Duplo,139.0,,
Tube,Duplo,80.0,,
Small Quatro Bucket,Quatro,20.0,,
Medium Quatro Bucket,Quatro,50.0,,
Large Quatro Bucket,Quatro,75.0,,
Quatro XL,Quatro,100.0,,
BRICK-O-DILE,Explore,26.0,,
Special Edition Bucket,Duplo,40.0,,
Stack 'n' Learn,Baby,2.0,,
Baby Elephant Stacker,Baby,6.0,,
Stack & Learn Giraffe,Baby,5.0,,
Stacking Jungle Set,Baby,8.0,,
Pull Along Duck and Duckling,Baby,7.0,,
Duplo Tubular Chest,Duplo,113.0,,
The Royal Wedding Coach,Belville,73.0,,
Doll House,Belville,203.0,,
Riding School,Belville,179.0,,
Pop Studio,Belville,102.0,22.99,0.22539215686274508
Interior Designer,Belville,96.0,,
Cat Show,Belville,31.0,,
X-wing Fighter,Star Wars,41.0,,
Boba Fett's Slave I,Star Wars,25.0,,
TIE Interceptor,Star Wars,32.0,,
Dune Patrol,World City,36.0,,
Firefighter,World City,68.0,,
Rescue Chopper,World City,205.0,,
Hovercraft Hideout,World City,274.0,,
Fire Command Craft,World City,269.0,,
Coast Watch HQ,World City,367.0,,
Catapult Raft,4 Juniors,22.0,,
Treasure Island,4 Juniors,24.0,,
Captain Kragg's Pirate Boat,4 Juniors,36.0,,
Pirate Dock,4 Juniors,61.0,,
Skull Island,4 Juniors,76.0,,
Captain Redbeard's Pirate Ship,4 Juniors,131.0,,
Scurvy Dog and Crocodile,4 Juniors,4.0,,
Harry Hardtack and Monkey,4 Juniors,9.0,,
Cannonball Jimmy and Shark,4 Juniors,4.0,,
Accessory Motor,4 Juniors,1.0,,
Flying Dino,Creator,28.0,,
Long Neck Dino,Creator,33.0,,
Airline Promotional Set,World City,125.0,,
Boat,Creator,26.0,,
Dino,Creator,34.0,,
Snowman,Seasonal,19.0,,
TIE Fighter and Y-Wing,Star Wars,412.0,,
Captain Kragg in Barrel,4 Juniors,4.0,,
Dora's Treasure Island,Explore,21.0,,
Diego's Rescue Truck,Explore,10.0,,
Dora and Boots at Play Park,Explore,29.0,,
Dora and Diego's Animal Adventure,Explore,39.0,,
Skater Boy,Duplo,2.0,,
Worker,Duplo,,,
Police Officer,Duplo,,,
Tiny's Lift Cart,Explore,3.0,,
Stretchy's Junk Cart,Explore,3.0,,
Sporty's Gym Cart,Explore,2.0,,
Stripy's Flower Cart,Explore,3.0,,
{Sporty with Barbell},Explore,5.0,,
Sporty's Skate Park,Explore,11.0,,
Stretchy at Work,Explore,10.0,,
Friendship Frame / Mirror,Clikits,15.0,,
Flowered Hair Bands,Clikits,16.0,,
Starry Bangles & Rings,Clikits,9.0,,
Sweet Dreamy Jewels,Clikits,48.0,,
Striped Sunny Jewels,Clikits,48.0,,
Cool Starry Jewels,Clikits,52.0,,
Glamour Girl Purse,Clikits,18.0,,
Sunshine Picture Stand,Clikits,22.0,,
My Starry Notes,Clikits,27.0,,
Designer Desk Set,Clikits,69.0,,
Stylin' Stationery Set,Clikits,72.0,,
Starry Decoration Set,Clikits,70.0,,
The Ultimate Jewelry Collection,Clikits,150.0,,
My Special Storage Space,Clikits,115.0,,
Clikits Advent Calendar,Clikits,,,
Robot,Creator,29.0,,
Tugboat,Creator,34.0,,
Helicopter,Creator,26.0,,
"Basketball Player, Blue",Sports,5.0,,
"Basketball Player, Green",Sports,5.0,,
"Hockey Player, White",Sports,6.0,,
"Hockey Player, Blue",Sports,6.0,,
"Skateboarder, Grey Vest",Sports,6.0,,
"Snowboarder, Orange Vest",Sports,5.0,,
"Football Player, White",Sports,6.0,,
"Football Player, Red",Sports,6.0,,
Clickits Fashion Design Kit A,Clikits,5.0,,
Clickits Fashion Design Kit C,Clikits,4.0,,
Clickits Fashion Design Kit B,Clikits,4.0,,
Clickits Fashion Design Kit D,Clikits,5.0,,
Kraatu,Bionicle,20.0,,
Ferrari F1 Racer,Racers,113.0,,
Dirt Crusher RC,Racers,88.0,,
Ferrari F1 Pit Set,Racers,242.0,,
Red Beast RC,Racers,65.0,,
Red Maniac,Racers,83.0,,
Exo Raider,Racers,94.0,,
Hot Buster,Racers,67.0,,
Nitro Terminator,Racers,70.0,,
Jungle Crasher,Racers,76.0,,
Exo Stealth,Racers,81.0,,
Ferrari F1 Racer 1:10,Racers,738.0,,
M. Schumacher and R. Barrichello,Racers,34.0,,
Cool Movers,Technic,215.0,,
Aircraft,Technic,445.0,,
4WD,Technic,763.0,,
Truck,Technic,1027.0,,
Front End Loader,Technic,582.0,,
Toa Vakama,Bionicle,48.0,,
Toa Vakama (SDCC 2004 exclusive),Bionicle,48.0,,
Toa Nokama,Bionicle,46.0,,
Toa Whenua,Bionicle,49.0,,
Toa Onewa,Bionicle,44.0,,
Toa Matau,Bionicle,46.0,,
Toa Nuju,Bionicle,48.0,,
Nuhrii,Bionicle,27.0,,
Vhisola,Bionicle,27.0,,
Tehutti,Bionicle,27.0,,
Ahkmou,Bionicle,27.0,,
Orkahm,Bionicle,27.0,,
Ehrye,Bionicle,30.0,,
Kanoka Disk Launcher Pack,Bionicle,4.0,,
Nuurakh,Bionicle,32.0,,
Bordakh,Bionicle,32.0,,
Vorzakh,Bionicle,32.0,,
Zadakh,Bionicle,32.0,,
Rorzakh,Bionicle,32.0,,
Keerakh,Bionicle,32.0,,
Turaga Dume and Nivawk,Bionicle,179.0,,
Nidhiki,Bionicle,170.0,,
Krekka,Bionicle,203.0,,
The Ultimate BIONICLE Set,Bionicle,702.0,,
Danju,Castle,42.0,,
Jayko,Castle,45.0,,
Rascus,Castle,46.0,,
Santis,Castle,46.0,,
Vladek,Castle,48.0,,
Vladek Encounter,Castle,42.0,,
Border Ambush,Castle,177.0,,
The Grand Tournament,Castle,312.0,,
Citadel of Orlan,Castle,442.0,,
The Castle of Morcia,Castle,637.0,,
Danju,Castle,46.0,,
Jayko,Castle,49.0,,
Rascus,Castle,50.0,,
Santis,Castle,50.0,,
Vladek,Castle,52.0,,
King Mathias,Castle,44.0,,
Knights' Castle Wall,Castle,178.0,,
Vladek's Siege Engine,Castle,192.0,,
King Mathias,Castle,44.0,,
Toa Lhikan and Kikanalo,Bionicle,214.0,,
LEGO Soft Imagination Set,Education,74.0,,
Learning Games Set,Education,94.0,,
Tubes Experiment Set,Education,153.0,,
Community Transport Set,Education,50.0,,
Tech Machines,Dacta,117.0,,
Town Set,Education,215.0,,
Doors and Windows,Education,270.0,,
Early Maths 4+ Numbers Set,Education,112.0,,
Early Maths 4+ Measurement Set,Education,101.0,,
Early Maths 4+ Shape & Space Set,Education,132.0,,
Mosaics Set,Education,260.0,,
No Limits Challenge Kit,Education,1436.0,,
Temperature Sensor,Mindstorms,1.0,,
Touch Sensor and Leads,Mindstorms,3.0,,
Heart Birthday Pack,Clikits,70.0,,
Daisy Birthday Pack,Clikits,70.0,,
Star Birthday Pack,Clikits,70.0,,
Heart Accessories,Clikits,50.0,,
Daisy Accessories,Clikits,50.0,,
Star Accessories,Clikits,50.0,,
TIE Fighter Collection,Star Wars,682.0,,
Motorised Hogwarts Express,Harry Potter,708.0,,
Burlington Northern Santa Fe (BNSF) Locomotive,Trains,407.0,,
Y-wing Attack Starfighter,Star Wars,1473.0,,
Holiday Decoration Kit,Clikits,283.0,,
Assorted Light Grey Bricks,Bulk Bricks,62.0,,
Assorted Dark Grey Bricks,Bulk Bricks,63.0,,
Assorted Brown Bricks,Bulk Bricks,62.0,,
Assorted Light Grey Plates,Bulk Bricks,42.0,,
Assorted Dark Grey Plates,Bulk Bricks,42.0,,
Assorted Brown Plates,Bulk Bricks,42.0,,
Hot Rod,Model Team,421.0,,
Maersk Sealand Container Ship,Advanced models,988.0,,
LEGO Truck,Town,105.0,,
High Speed Train Locomotive,World City,143.0,,
High Speed Train Car,World City,161.0,,
City Airport,Town,928.0,,
Black Ridge Tiles,Bulk Bricks,48.0,5.99,0.12479166666666668
Black Roof Tiles,Bulk Bricks,76.0,5.99,0.07881578947368421
Red Ridge Tiles,Bulk Bricks,48.0,,
Red Roof Tiles,Bulk Bricks,76.0,,
Elf Boy,Seasonal,27.0,,
BrickMaster Welcome Kit,Creator,180.0,,
Ultimate Dume,Bionicle,552.0,,
Bonus/Value Pack,Bionicle,92.0,,
Bonus/Value Pack,Bionicle,92.0,,
Bonus/Value Pack,Bionicle,97.0,,
Bonus/Value Pack,Castle,91.0,,
Bonus/Value Pack,Castle,94.0,,
Bonus/Value Pack,Bionicle,54.0,,
Bonus/Value Pack,Bionicle,54.0,,
Bonus/Value Pack,Bionicle,57.0,,
Bonus/Value Pack,Racers,151.0,,
Bonus/Value Pack,Creator,169.0,,
Bonus/Value Pack,Bionicle,92.0,,
Bonus/Value Pack,Bionicle,94.0,,
Bonus/Value Pack,Bionicle,95.0,,
Bonus/Value Pack,4 Juniors,76.0,,
Bonus/Value Pack,Creator,500.0,,
Bonus/Value Pack,Bionicle,92.0,,
Bonus/Value Pack,Bionicle,94.0,,
Bonus/Value Pack,Bionicle,95.0,,
Bonus/Value Pack,Bionicle,54.0,,
Bonus/Value Pack,Bionicle,96.0,,
Bonus/Value Pack,Bionicle,96.0,,
Bonus/Value Pack,Bionicle,57.0,,
Bonus/Value Pack,Bionicle,54.0,,
Bonus/Value Pack,Bionicle,150.0,,
Bonus/Value Pack,Bionicle,153.0,,
Bonus/Value Pack,Clikits,69.0,,
Bonus/Value Pack,Duplo,29.0,,
Bonus/Value Pack,Spider-Man,310.0,,
Motorised Hogwarts Express super pack,Harry Potter,724.0,,
Bonus/Value Pack,Castle,370.0,,
X-Pod Play Off Game Pack,Creator,219.0,,
Classic Freight Train,Trains,608.0,,
Bonus/Value Pack,Clikits,48.0,,
Bonus/Value Pack,Clikits,48.0,,
Bonus/Value Pack,Clikits,52.0,,
Special Edition Ta-Metru Collector's Pack,Bionicle,75.0,,
Bonus/Value Pack,Racers,310.0,,
Bonus/Value Pack,Bionicle,123.0,,
Bonus/Value Pack,Bionicle,96.0,,
Bonus/Value Pack,Bionicle,96.0,,
Spider-Man Combined Set,Spider-Man,1017.0,,
Bonus/Value Pack,Bionicle,203.0,,
Bonus/Value Pack,Clikits,48.0,,
Bonus/Value Pack,Clikits,52.0,,
Bonus/Value Pack,Clikits,48.0,,
Bonus/Value Pack,Castle,87.0,,
Bonus/Value Pack,Castle,94.0,,
Bonus/Value Pack,Star Wars,363.0,,
Bonus/Value Pack,Spider-Man,185.0,,
Bonus/Value Pack,Bionicle,214.0,,
Bonus/Value Pack,Bionicle,214.0,,
Bonus/Value Pack,Bionicle,214.0,,
Bonus/Value Pack,Creator,500.0,,
Trains Value Pack,World City,735.0,,
Bonus/Value Pack,Creator,671.0,,
Snowtrooper,Gear,,,
C-3PO,Gear,,,
Hazard Kit,Racers,35.0,,
"NBA, Nuggets 04 ",Gear,,,
Pirate photo frame,Gear,,,
Classic Magnets Medium,Gear,,,
Bricks with Magnets,Gear,,14.99,
Magnets,Gear,,,
Train Worker,Gear,,,
Chef Key Chain,Gear,,,
R2-D2 ,Gear,,,
Bionicle Carry Case,Gear,,,
Toa Hordika Key Chain,Gear,,,
Easter Chick,Promotional,62.0,,
Easter Chick in Egg,Promotional,99.0,,
Easter Egg Orange,Promotional,,,
Easter Egg Blue,Promotional,178.0,,
Bionicle Rahkshi Watch,Gear,,,
Heart Minibag Keyring,Gear,,,
Harry Potter Key Chain,Gear,,,
Jayko's Shield,Gear,,,
Jayko's Sword,Gear,,,
Wristband,Gear,,,
Belt,Gear,,,
Lanyard with Pass Holder,Gear,,,
Bohrok Shield,Gear,,,
Blue Spaceman Key Chain,Gear,,,
Knight's Kingdom Alarm Clock,Gear,,,
Designer Set Pen,Gear,,,
Wizard,Gear,,,
Pirate,Gear,,,
Dragon,Gear,,,
BIONICLE Toa Whenua Backpack,Gear,,,
Wheels Pack,Racers,10.0,,
Antenna Pack,Racers,13.0,,
Gearbox Pack,Racers,6.0,,
Battery Pack,Racers,6.0,,
Promotional Set,Clikits,1.0,,
Promotional Set,Clikits,1.0,,
Promotional Set,Clikits,1.0,,
BIONICLE 2: Legends of Metru Nui DVD,Gear,,,
LEGO Knights' Kingdom,Gear,,,
Mini Stanley Cup,Promotional,,,
Getting Started with LEGO Trains,Books,,,
Eraser Set,Gear,,,
Vampire Key Chain,Gear,,,
Spider Man Key Chain,Gear,,,
Harry Potter Key Chain,Gear,,,
Hagrid Key Chain,Gear,,,
Dumbledore Key Chain,Gear,,,
LEGO Heart,Promotional,58.0,,
Cat,Promotional,10.0,,
Ostrich,Promotional,10.0,,
Spinning Top,Promotional,12.0,,
Snail,Promotional,8.0,,
Clikits Heart Pen,Gear,,,
Harry Potter Pen,Gear,,,
Santa Pen,Gear,,,
Spider-Man Pen,Gear,,,
Trial Size Bag (Chromika Promotion),Creator,16.0,,
Fun Friends Frame,Clikits,14.0,,
Dizzy's Bridge Set,Duplo,20.0,,
Benny's Dig Set,Duplo,19.0,,
Muck's Recycling Set,Duplo,33.0,,
Roley's Road Set,Duplo,26.0,,
Travis and the Mobile Caravan,Duplo,24.0,,
Scoop and Lofty at the Building Yard,Duplo,59.0,29.99,0.5083050847457626
XXL 2000 Tube,Creator,2000.0,,
XXL 250 Tube,Duplo,250.0,,
Build Your Own House,Make and Create,1200.0,,
My First Train,Duplo,12.0,9.99,0.8325
Train Starter Set,Duplo,65.0,49.99,0.7690769230769231
Deluxe Train Set,Duplo,110.0,89.99,0.8180909090909091
Level Crossing,Duplo,14.0,7.99,0.5707142857142857
Bridge,Duplo,26.0,19.99,0.7688461538461537
Points,Duplo,2.0,6.99,3.495
Station,Duplo,46.0,,
DUPLO Basic Bricks,Duplo,250.0,,
50th Anniversary Bucket,Duplo,90.0,,
Fun with Bricks,Make and Create,200.0,,
50th Anniversary Bucket,Make and Create,500.0,,
Santa Minifigure Snow Globe,Gear,,,
Dragon Pod ,Creator,52.0,,
Monster Pod ,Creator,49.0,,
Aqua Pod ,Creator,56.0,,
Arachno Pod ,Creator,57.0,,
Big LEGO Box 1000,Creator,1000.0,,
Handy Box,Duplo,120.0,,
Handy Box,Creator,800.0,,
Advent Calendar,Creator,,,
50th Anniversary Tub,Creator,1000.0,,
Farm Animals,Duplo,5.0,,
Garbage Truck,Duplo,12.0,12.99,1.0825
Construction Worker,Duplo,4.0,,
Post Office,Duplo,21.0,,
Zoo,Duplo,48.0,,
Fire Station,Duplo,56.0,,
Big Farm,Duplo,70.0,59.99,0.857
LEGO Strata Blue,Make and Create,1500.0,,
Rescue from the Merpeople,Harry Potter,175.0,,
Graveyard Duel,Harry Potter,548.0,,
Harry and the Hungarian Horntail,Harry Potter,265.0,,
The Durmstrang Ship,Harry Potter,550.0,,
The Durmstrang Ship with Bonus Minifigures,Harry Potter,566.0,,
Blizzard Blaster,Alpha Team,303.0,,
Scorpion Orb Launcher,Alpha Team,227.0,,
Airline Promotional Set,City,108.0,,
Defense Tower,Duplo,64.0,24.99,0.39046875
Bulk Set - 500 bricks,Creator,500.0,,
Bulk Set - 300 bricks,Creator,300.0,,
Bulk Set - 200 bricks,Creator,200.0,,
DUPLO Basic Bricks,Duplo,30.0,,
Castle Black Dragon,Duplo,8.0,,
Black Castle,Duplo,380.0,,
Princess' Palace,Duplo,78.0,79.99,1.0255128205128206
Princess' Horse and Carriage,Duplo,15.0,,
Princess' Bedroom,Duplo,12.0,,
Rahaga Gaaki,Bionicle,28.0,,
Rahaga Pouks,Bionicle,28.0,,
Rahaga Kualus,Bionicle,28.0,,
Cool Friends Notes,Clikits,11.0,,
Groovy Friends Gems,Clikits,13.0,,
Fun Friends Hair Bands,Clikits,22.0,,
Rahaga Norik,Bionicle,28.0,,
Rahaga Bomonga,Bionicle,28.0,,
Rahaga Iruini,Bionicle,28.0,,
Robo Platoon,Creator,218.0,,
Speed Wings,Creator,161.0,,
Gear Grinders,Creator,273.0,,
Wild Hunters,Creator,630.0,,
Ocean Odyssey,Creator,623.0,,
Lion,Creator,42.0,,
Elephant,Creator,34.0,,
Giraffe,Creator,37.0,,
Helicopter,Creator,16.0,,
Ambulance,Creator,,,
Truck,Creator,37.0,,
Police Jet Ski,City,22.0,,
Fire Chief's Car,City,31.0,,
LEGO Deluxe,Creator,1500.0,,
CPW Rascus,Castle,3.0,,
CPW Shadow Knight,Castle,3.0,,
CPW Vladek,Castle,3.0,,
CPW Jayko,Castle,3.0,,
CPW Santis,Castle,3.0,,
CPW Danju,Castle,3.0,,
Quatro 100,Quatro,100.0,,
50th Anniversary Tub,Duplo,139.0,,
Quatro 50,Quatro,50.0,,
Mountain Climber,Quatro,15.0,,
Yellow Tub,Duplo,100.0,,
Creator Tub,Creator,700.0,,
Make and Create Bucket,Make and Create,700.0,,
Duplo Bucket Green,Duplo,120.0,,
Happy Flower Rattle & Teether,Baby,2.0,,
Shape Sorter House,Baby,12.0,,
Bathtime Boat,Baby,4.0,,
Play Train,Baby,6.0,,
Play Plane,Baby,2.0,,
Bendy Caterpillar,Baby,3.0,,
Rattle and Stack,Primo,2.0,,
My First Quatro Set,Quatro,20.0,12.99,0.6495
Duplo Dog,Duplo,32.0,,
Duplo Airplane,Duplo,32.0,,
Airport,Factory,607.0,,
Amusement Park,Factory,1344.0,,
Skyline,Factory,2747.0,,
Police Motorcycle,City,18.0,,
Fire Car,City,28.0,,
James at Knapford Station,Duplo,32.0,,
Thomas Load and Carry Train Set,Duplo,61.0,29.99,0.49163934426229505
Toby at Wellsworth Station,Duplo,18.0,,
Percy at the Water Tower,Duplo,15.0,,
The Mermaid Castle,Belville,237.0,,
Snow Queen,Belville,57.0,,
The Tinderbox,Belville,82.0,,
The Princess and the Pea,Belville,55.0,19.99,0.3634545454545454
Thumbelina,Belville,49.0,,
Catapult,Castle,27.0,,
Vladek,Castle,5.0,,
Jayko,Castle,5.0,,
Ultimate Battle Set,Bionicle,190.0,,
Jedi Starfighter,Star Wars,38.0,,
ARC  Fighter,Star Wars,42.0,,
Wookiee Attack,Star Wars,48.0,,
Viking Warrior challenges the Fenris Wolf,Vikings,76.0,,
Viking Boat against the Wyvern Dragon,Vikings,112.0,,
Viking Catapult versus the Nidhogg Dragon ,Vikings,225.0,,
Viking Ship challenges the Midgard Serpent ,Vikings,578.0,,
Viking Fortress against the Fafnir Dragon,Vikings,1019.0,,
Police Motorcycle,City,28.0,3.99,0.14250000000000002
Police Car,City,59.0,5.99,0.10152542372881357
Police Station,City,586.0,69.99,0.11943686006825938
Fire Helicopter,City,75.0,9.99,0.1332
Fire Truck,City,214.0,22.99,0.10742990654205607
Fire Station,City,260.0,,
Fire Car,City,46.0,3.99,0.08673913043478261
Street Sweeper,City,63.0,7.99,0.12682539682539684
Construction Site,City,298.0,39.99,0.13419463087248323
Speedboat,City,107.0,29.99,0.2802803738317757
Prisoner Transport,City,98.0,12.99,0.13255102040816327
Mini Digger,City,36.0,3.99,0.11083333333333334
Digger,City,127.0,19.99,0.1574015748031496
XXL Mobile Crane,City,524.0,69.99,0.13356870229007634
Clone Scout Walker,Star Wars,108.0,,
Darth Vader Transformation,Star Wars,53.0,,
Droid Tri-Fighter,Star Wars,148.0,,
General Grievous Chase,Star Wars,111.0,,
Jedi Starfighter and Vulture Droid,Star Wars,202.0,,
Ultimate Lightsaber Duel,Star Wars,282.0,,
Wookiee Attack,Star Wars,366.0,,
ARC-170 Fighter,Star Wars,396.0,,
Wookiee Catamaran,Star Wars,376.0,,
Clone Turbo Tank,Star Wars,801.0,,
TIE Fighter,Star Wars,159.0,,
Imperial Inspection,Star Wars,367.0,,
Promotional Set,City,19.0,,
Paramedic,City,13.0,,
Spider,Creator,32.0,,
Scorpion,Creator,37.0,,
Parrot,Creator,28.0,,
Apple,Creator,8.0,,
Pear,Creator,10.0,,
Orange,Creator,7.0,,
Cherry,Creator,11.0,,
Mango,Creator,6.0,,
Melon,Creator,8.0,,
Straight & Crossroad Plates,City,2.0,14.99,7.495
T-Junction & Curved Road Plates,City,2.0,14.99,7.495
Ultimate Space Battle,Star Wars,567.0,,
Dino Quad,Dino 2010,39.0,,
Dino Buggy Chaser,Dino 2010,83.0,,
Dino 4WD Trapper,Dino 2010,283.0,,
Dino Track Transport,Dino 2010,363.0,,
Dino Air Tracker,Dino 2010,711.0,,
City Advent Calendar,City,203.0,,
Dump Truck,City,187.0,,
Steel Sprinter vs. Mutant Lizard,Dino Attack,42.0,,
Urban Avenger vs. Raptor,Dino Attack,87.0,,
Fire Hammer vs. Mutant Lizards,Dino Attack,254.0,,
Iron Predator vs. T-Rex,Dino Attack,278.0,,
T-1 Typhoon vs. T-Rex,Dino Attack,605.0,,
Hip Hair Set,Clikits,16.0,,
Pretty in Pink Beauty Set,Clikits,136.0,,
Pretty In Pink Jewels-n-More,Clikits,67.0,,
Stylin' Citrus Jewels-n-More,Clikits,67.0,,
Groovy Grape Jewels-n-More,Clikits,67.0,,
Modern Magnetic Room Decor,Clikits,72.0,,
Cool Carry-All Set,Clikits,74.0,,
Totally Clikits Fashion Bag and Accessories,Clikits,125.0,,
Friends 4-Ever Jewels & More,Clikits,66.0,,
Friendship Frames & Notes,Clikits,70.0,,
Flashin' Fashion Frame,Clikits,50.0,,
Blooms and Butterflies,Clikits,14.0,,
Shells and Starfish,Clikits,14.0,,
Sports and Stars,Clikits,14.0,,
Holiday Gift Calendar,Clikits,115.0,,
Airport Action Set,Duplo,103.0,79.99,0.7766019417475728
Helicopter Rescue Unit,Duplo,25.0,,
Jet Fuel Truck,Duplo,10.0,,
Plane,Duplo,32.0,39.99,1.2496875
Hans Christian Andersen Bucket,Creator,500.0,,
Dump Truck,Technic,284.0,,
Fork-Lift,Technic,729.0,69.99,0.09600823045267488
Mini Loader,Technic,66.0,5.99,0.09075757575757576
Excavator,Technic,286.0,,
Street Bike,Technic,506.0,,
Mobile Crane,Technic,1884.0,,
Flame Glider,Racers,52.0,,
Monster Crusher,Racers,43.0,,
Power Cruiser,Racers,46.0,,
Street Maniac,Racers,36.0,,
Muscle Slammer Bike,Racers,126.0,,
Speed Slammer Bike,Racers,126.0,,
Night Racer,Racers,76.0,,
Buzz Saw,Racers,64.0,,
Nitro Menace,Racers,622.0,,
Furious Slammer Racer,Racers,254.0,,
Jumping Giant,Racers,242.0,,
Enzo Ferrari 1:17,Racers,477.0,,
Enzo Ferrari 1:10,Racers,1360.0,,
Scuderia Ferrari Truck,Racers,813.0,79.99,0.09838868388683886
RX-Sprinter,Racers,58.0,,
F6 Truck,Racers,47.0,,
ATR 4,Racers,39.0,,
Big Bling Wheelie,Racers,32.0,,
Ultimate BIONICLE Accessory Kit,Bionicle,500.0,,
BIONICLE Exclusive Accessories,Bionicle,401.0,,
Toa Hordika Vakama,Bionicle,48.0,8.99,0.18729166666666666
Toa Hordika Nokama,Bionicle,48.0,,
Toa Hordika Whenua,Bionicle,48.0,,
Toa Hordika Onewa,Bionicle,48.0,,
Toa Hordika Matau,Bionicle,48.0,,
Toa Hordika Nuju,Bionicle,48.0,,
Visorak Vohtarak,Bionicle,47.0,,
Visorak Boggarak,Bionicle,47.0,,
Visorak Oohnorak,Bionicle,47.0,,
Visorak Roporak,Bionicle,48.0,,
Visorak Keelerak,Bionicle,48.0,,
Visorak Suukorak,Bionicle,48.0,,
Rhotuka Spinners,Bionicle,5.0,,
Keetongu,Bionicle,203.0,,
Sidorak,Bionicle,211.0,,
Visorak Battle Ram,Bionicle,189.0,,
Tower of Toa,Bionicle,410.0,,
Battle of Metru Nui,Bionicle,856.0,,
Roodaka,Bionicle,233.0,,
Toa Iruini,Bionicle,53.0,,
Toa Norik,Bionicle,55.0,,
Visorak's Gate,Bionicle,325.0,,
Sir Danju,Castle,42.0,8.99,0.21404761904761904
Sir Jayko,Castle,43.0,,
Sir Rascus,Castle,44.0,,
Sir Santis,Castle,44.0,,
Lord Vladek,Castle,44.0,,
King Mathias,Castle,43.0,,
Knights' Attack Barge,Castle,172.0,,
Dark Fortress Landing,Castle,142.0,,
Fireball Catapult,Castle,46.0,,
Battle Wagon,Castle,129.0,,
King's Siege Tower,Castle,135.0,,
Scorpion Prison Cave,Castle,280.0,,
Vladek's Dark Fortress,Castle,967.0,,
Playhouse Set,Education,105.0,,
Hospital Set,Education,100.0,,
Farm Set,Education,98.0,,
Dolls Family Set,Education,76.0,,
Garden Set,Education,37.0,,
Garage Set,Education,44.0,,
Farm Animals Set,Education,43.0,,
Stable Set,Education,46.0,,
Community Workers,Education,202.0,49.99,0.24747524752475247
Let's Play Maths,Education,124.0,,
Maths Machines,Education,555.0,,
Numbers Set,Education,144.0,,
Letters Set,Education,146.0,,
Ocean Odyssey Challenge Kit,Education,1470.0,,
Death Star II,Star Wars,3441.0,269.99,0.0784626562045917
Sandcrawler,Star Wars,1669.0,139.99,0.0838765727980827
Mrs. Bunny,Seasonal,61.0,3.99,0.06540983606557377
Chicken & Chicks,Seasonal,57.0,3.99,0.07
TTX Intermodal Double-Stack Car,Trains,366.0,,
Voporak,Bionicle,647.0,,
Rumble Racers,Racers,310.0,,
The Grand Tournament with sword and shield,Castle,312.0,,
Bonus/Value Pack,City,312.0,,
Bonus/Value Pack,Racers,348.0,,
Bonus/Value Pack,Bionicle,258.0,,
Bonus/Value Pack,Bionicle,143.0,,
Bonus/Value Pack,Bionicle,142.0,,
City Construction Value Pack,City,226.0,,
Special Edition Guardian Toa,Bionicle,108.0,,
Bonus/Value Pack,Bionicle,108.0,,
Thomas Bridge & Tunnel Set,Duplo,87.0,,
Attack from the Sea,Castle,314.0,,
Knights' Value Pack,Castle,87.0,,
Vladek Value Pack,Castle,86.0,,
Episode III Collectors' Set,Star Wars,544.0,,
Bonus/Value Pack,Duplo,53.0,,
Bonus/Value Pack,Castle,87.0,,
City Fire Value Pack,City,595.0,,
Bonus/Value Pack,City,260.0,,
Bonus/Value Pack,Bionicle,96.0,,
Bonus/Value Pack,Bionicle,141.0,,
Bonus/Value Pack,Bionicle,144.0,,
City Fire Value Pack,City,663.0,,
City Construction Value Pack,City,1012.0,,
Toa Hordika Value Pack,Bionicle,144.0,,
Bonus/Value Pack,City,110.0,,
Bonus/Value Pack,Bionicle,264.0,,
Bonus/Value Pack,Castle,173.0,,
Bonus/Value Pack,Castle,264.0,,
Bonus/Value Pack,Racers,380.0,,
Bonus/Value Pack,Star Wars,244.0,,
Bonus/Value Pack,Bionicle,425.0,,
Bonus/Value Pack,Bionicle,96.0,,
Bonus/Value Pack,City,335.0,,
Bonus/Value Pack,Star Wars,280.0,,
Bonus/Value Pack,Star Wars,371.0,,
Bionicle Co-pack,Bionicle,410.0,,
Knights' Kingdom Co-pack,Castle,280.0,,
Bonus/Value Pack,City,126.0,,
Bonus/Value Pack,City,121.0,,
Bonus/Value Pack,City,260.0,,
Toa Hordika Super Pack 6-in-1,Bionicle,288.0,,
Bonus/Value Pack,City,208.0,,
Bonus/Value Pack,City,121.0,,
Bonus/Value Pack,City,126.0,,
Bonus/Value Pack,City,335.0,,
Bonus/Value Pack,City,185.0,,
Bonus/Value Pack,City,126.0,,
Bonus/Value Pack,City,208.0,,
Bonus/Value Pack,City,87.0,,
Bonus/Value Pack,City,99.0,,
Bonus/Value Pack,City,87.0,,
Snowtrooper,Gear,,,
Darth Vader,Gear,,,
Yoda,Gear,,,
Ghost Key Chain,Gear,,,
R2-D2,Gear,,4.99,
Lord Vladek Sword,Gear,,,
Lord Jayko Sword,Gear,,,
Lord Jayko Shield,Gear,,,
Lord Vladek Shield,Gear,,,
Obi-Wan Kenobi,Gear,,,
Knights' Kingdom Chess Set,Gear,,,
Hermione Key Chain,Gear,,,
Hagrid Key Chain,Gear,,,
Knights' Kingdom Watch,Gear,,,
Toa Hordika Watch,Gear,,,
Yoda Carabiner Pen,Gear,,,
R2-D2 Carabiner Pen,Gear,,,
Heart Carabiner Pen,Gear,,,
Letters & Keyring,Clikits,70.0,,
Kitchen Timer,Gear,,7.99,
Ice Bricks,Gear,,,
Santa Carabiner Pen,Gear,,,
Dirt Crusher Transformation Kit,Racers,48.0,,
Dirt Crusher Transformation Kit,Racers,48.0,,
Dirt Crusher Transformation Kit,Racers,48.0,,
Dirt Crusher Big Wheels Pack,Racers,10.0,,
Dirt Crusher Big Wheels Pack,Racers,10.0,,
Dirt Crusher Big Wheels Pack,Racers,10.0,,
Dirt Crusher Gearbox with Light,Racers,6.0,,
Dirt Crusher Antenna Pack,Racers,10.0,,
From the LEGO Vaults CD-Rom,Gear,,,
Commemorative Limited Edition Batman Announcement ,Batman,13.0,,
LEGO Star Wars: The Video Game,Gear,,,
BIONICLE: Maze of Shadows,Gear,,,
LEGO Star Wars: The Video Game,Gear,,,
The Unofficial LEGO Builder's Guide 1st edition,Books,,,
CLIKITS Bedcovers Set,Gear,,,
Nvidia Female Minifigure Key Chain,Gear,,,
Nvidia Male Minifigure Key Chain,Gear,,,
Limited Edition Pen Set,Gear,,,
LECA Automobile,Miscellaneous,,,
Las Vegas Skyline Pyramid ,Promotional,103.0,,
Las Vegas Skyline Eiffel Tower ,Promotional,151.0,,
Dog,Promotional,13.0,,
Snake,Promotional,9.0,,
Whale,Promotional,10.0,,
Santa,Promotional,13.0,,
Rascus & Jayko Pen,Gear,,,
Harry Potter Pen,Gear,,,
Bionicle Carabiner Pen,Gear,,,
Santa Carabiner Pen,Gear,,,
Darth Vader Carabiner Pen,Gear,,,
LEGO Star Wars: The Video Game,Gear,,,
Anakin Skywalker (International Toy Fair 2005 Exclusive Figure),Star Wars,,,
Luminara Unduli (International Toy Fair 2005 Exclusive Figure),Star Wars,,,
LEGO Star Wars: The Video Game,Gear,,,
Darth Vader (Nürnberg Toy Fair 2005 Exclusive Figure),Star Wars,2.0,,
Toy Fair 2005 Star Wars V.I.P. Gala Set,Star Wars,53.0,,
LEGO Star Wars: The Video Game,Gear,,,
9V Train Track Starter Collection,Trains,24.0,29.99,1.2495833333333333
Large Red Building Plate,Duplo,1.0,14.99,14.99
City In-Flight 2006,City,141.0,,
City in-Flight 2016 (ANA version),City,134.0,,
Anniversary Bucket,Duplo,103.0,,
"Yellow Half-Tub, Special Edition",Duplo,103.0,,
Cool Friends Clips & Pad,Clikits,,,
Lift and Load Sumsy,Duplo,12.0,,
Scrambler and Dizzy at Bob's Workshop,Duplo,50.0,19.99,0.3998
Harold the Helicopter,Duplo,7.0,,
Cranky-Loading Crane,Duplo,34.0,,
Soccer Target Practice,Sports,26.0,,
Grand Soccer Stadium,Sports,386.0,,
Street Soccer,Sports,199.0,,
Krusty Krab,SpongeBob SquarePants,295.0,19.99,0.06776271186440677
Build-A-Bob,SpongeBob SquarePants,445.0,29.99,0.0673932584269663
Adventures in Bikini Bottom,SpongeBob SquarePants,579.0,39.99,0.06906735751295337
Air Temple,Avatar The Last Airbender,400.0,,
Fire Nation Ship,Avatar The Last Airbender,722.0,,
Duplo Bucket,Duplo,75.0,,
Imagine and Build,Make and Create,487.0,,
Auto Pod,Creator,56.0,3.49,0.062321428571428576
Robo Pod,Creator,65.0,3.49,0.0536923076923077
Aero Pod,Creator,60.0,,
Dino Pod,Creator,55.0,,
Fun With Building Tub,Make and Create,805.0,,
Highway Haulers,Creator,209.0,9.99,0.04779904306220096
Prehistoric Power,Creator,380.0,19.99,0.05260526315789473
Revvin' Riders,Creator,360.0,,
Mythical Creatures,Creator,588.0,29.99,0.051003401360544216
Motion Power,Creator,611.0,49.99,0.08181669394435352
Roaring Roadsters,Creator,931.0,60.0,0.0644468313641246
Yellow Sports Car,Racers,28.0,,
Red Racer,Racers,22.0,,
Blue Buggy,Racers,24.0,,
Giant Zoo,Duplo,126.0,69.99,0.5554761904761905
Fun Zoo,Duplo,30.0,15.99,0.533
Baby Zoo,Duplo,18.0,9.99,0.555
Police Patrol,Duplo,8.0,,
Highway Help,Duplo,26.0,19.99,0.7688461538461537
Police Action,Duplo,65.0,,
Doll's House,Duplo,95.0,69.99,0.7367368421052631
Fire Helicopter,Duplo,14.0,15.99,1.1421428571428571
Friendly Zoo,Duplo,84.0,49.99,0.5951190476190477
Tractor Fun,Duplo,4.0,4.99,1.2475
Zoo Vehicles,Duplo,37.0,24.99,0.6754054054054054
My First Quatro Figure,Quatro,18.0,,
Girls Fantasy Bucket,Make and Create,190.0,,
LEGO Classic House Building,Make and Create,233.0,14.99,0.06433476394849785
Duplo Town Building,Duplo,87.0,,
Duplo Zoo,Duplo,128.0,,
Ultimate House Building Set,Make and Create,674.0,,
Ready Steady Build & Race Set,Make and Create,692.0,,
{Zoo animal},Duplo,,,
Zoo {Random Bag},Duplo,4.0,,
Zoo - Zoo Keeper,Duplo,,,
Zoo  - Penguin,Duplo,,,
Zoo - Polar Bear,Duplo,,,
Zoo - Hippopotamus,Duplo,,,
Zoo - Giraffe,Duplo,,,
XXL 2000,Make and Create,2000.0,,
Limited Edition Green Brick Tub,Duplo,121.0,,
XXL 1800,Make and Create,1800.0,,
Silver Bad Guy,Exo-Force,24.0,,
White Good Guy,Exo-Force,22.0,,
Red Good Guy,Exo-Force,22.0,,
Anniversary Bucket,Make and Create,700.0,,
Special Edition Creative Building Tub,Make and Create,700.0,,
Street Chase,Racers,198.0,,
"LEGO World of Bricks - 1,000 Elements",Make and Create,1000.0,,
LEGO Creator 200 + 40 Special Elements,Make and Create,242.0,,
V-wing Fighter,Star Wars,118.0,10.0,0.0847457627118644
TIE Interceptor,Star Wars,212.0,,
A-wing Fighter,Star Wars,194.0,,
B-wing Fighter,Star Wars,435.0,34.99,0.0804367816091954
Slave I,Star Wars,537.0,49.99,0.09309124767225327
Jabba's Sail Barge,Star Wars,781.0,74.99,0.09601792573623559
Imperial Star Destroyer,Star Wars,1367.0,99.99,0.07314557425018288
X-wing Fighter,Star Wars,437.0,49.99,0.11439359267734554
Ultimate Accessory Set,Bionicle,500.0,,
Ultimate Creatures Accessory Set,Bionicle,300.0,,
Good Guy,Bionicle,16.0,,
Bad Guy,Bionicle,16.0,,
Piraka & Catapult,Bionicle,20.0,,
Give Away,Bionicle,17.0,,
Inika Toa Jaller Nestle #6,Gear,,,
Inika Toa Kongu Nestle #5,Gear,,,
Inika Toa Hahli Nestle #4,Gear,,,
Piraka Thok Nestle #3,Gear,,,
Piraka Reidak Nestle #1,Gear,,,
Piraka Avak Nestle #2,Gear,,,
Army of Vikings with Heavy Artillery Wagon,Vikings,312.0,,
Viking Double Catapult vs. the Armored Ofnir Dragon,Vikings,505.0,39.99,0.07918811881188119
Frame & Hairband,Clikits,26.0,,
Gold Good Guy ,Bionicle,22.0,,
Duracell Bad Guy,Bionicle,15.0,,
Police Station,City,589.0,,
"Clone Turbo Tank (non-light-up, 2006 edition)",Star Wars,813.0,,
Foundation Set - Blue Bucket,Make and Create,464.0,,
Foundation Set - Red Bucket,Make and Create,427.0,,
Foundation Set - Green Bucket,Duplo,50.0,,
LEGO DUPLO Big Crate,Duplo,116.0,,
Friendly Animal Bus,Duplo,110.0,,
Pink & Pearls Jewels 'n' More,Clikits,67.0,,
Tropical Breeze Jewels 'n' More,Clikits,72.0,,
Fun Flamingo Frames 'n' More,Clikits,79.0,,
Totally Tropical Décor Set,Clikits,130.0,,
Pearly Pink Bracelet & Bands,Clikits,63.0,,
Glitter & Sparkle Beauty Set,Clikits,57.0,,
Winter Wonder Palace,Belville,168.0,69.99,0.41660714285714284
Ultimate Princesses,Belville,149.0,49.99,0.335503355704698
Blossom Fairy,Belville,46.0,9.99,0.21717391304347827
Go-Kart,Creator,41.0,,
Black SUV,Creator,46.0,,
Dump Truck,Creator,33.0,,
Triceratops,Creator,34.0,,
Stegosaurus,Creator,47.0,,
Frog,Creator,33.0,,
Butterfly,Creator,29.0,,
Dolphin,Creator,27.0,,
Rescue Chopper,Creator,27.0,,
Speedboat,Creator,18.0,,
Stealth Hunter,Exo-Force,164.0,14.99,0.09140243902439024
Grand Titan,Exo-Force,196.0,,
Thunder Fury,Exo-Force,197.0,,
Fire Vulture,Exo-Force,177.0,,
Sonic Phantom,Exo-Force,215.0,,
Gate Assault,Exo-Force,402.0,,
Mobile Defense Tank,Exo-Force,365.0,,
Striking Venom,Exo-Force,646.0,49.99,0.07738390092879258
Uplink,Exo-Force,69.0,,
Sentai Fortress,Exo-Force,1448.0,,
Sentry,Exo-Force,78.0,4.99,0.06397435897435898
Supernova,Exo-Force,287.0,,
Bridge Walker and White Lightning,Exo-Force,657.0,,
QUICK Good Guy White,Bionicle,21.0,,
QUICK Bad Guy Green,Bionicle,26.0,,
QUICK Bad Guy Yellow,Bionicle,26.0,,
QUICK Good Guy Red,Bionicle,21.0,,
The Batman Dragster: Catwoman Pursuit,Batman,92.0,,
The Batboat: Hunt for Killer Croc,Batman,188.0,,
The Batmobile: Two-Face's Escape,Batman,386.0,29.99,0.07769430051813471
The Batwing: The Joker's Aerial Assault,Batman,523.0,,
The Batcave: The Penguin and Mr. Freeze's Invasion,Batman,1071.0,89.99,0.08402427637721754
The Batmobile: Ultimate Collectors' Edition,Batman,1045.0,,
Arkham Asylum,Batman,860.0,79.99,0.09301162790697674
Standard Starter Set,Duplo,75.0,,
Deluxe Starter Set,Duplo,120.0,,
Standard Starter Set,Make and Create,487.0,,
{Set with two minifigs},Make and Create,,,
Deluxe Starter Set,Make and Create,1110.0,,
Airport Rescue Truck,Duplo,30.0,,
Dragon Tournament,Duplo,44.0,,
Big Pirate Ship,Duplo,60.0,99.99,1.6664999999999999
Pirate Ship,Duplo,33.0,39.99,1.211818181818182
Shark Attack,Duplo,13.0,19.99,1.5376923076923075
Treasure Hunt,Duplo,14.0,9.99,0.7135714285714286
Ambulance,City,118.0,7.99,0.06771186440677966
Airport Fire Truck,City,148.0,14.99,0.10128378378378379
Hospital,City,382.0,49.99,0.13086387434554975
Passenger Plane,City,401.0,39.99,0.09972568578553616
Passenger Plane -  ANA version,City,384.0,,
Airport,City,700.0,79.99,0.11427142857142857
Switching Tracks,City,8.0,15.99,1.99875
Straight and Curved Rails,City,16.0,15.99,0.999375
Passenger Train,City,501.0,89.99,0.1796207584830339
Cargo Train Deluxe,City,856.0,149.99,0.17522196261682244
Police Boat,City,199.0,,
Heavy Loader,City,347.0,,
Airplane Mechanic,City,26.0,3.49,0.13423076923076924
Doctor's Car,City,66.0,5.99,0.09075757575757576
Rescue Helicopter,City,249.0,19.99,0.08028112449799196
City Advent Calendar,City,257.0,,
Building Crane,City,721.0,69.99,0.09707350901525658
Mini Tractor,Technic,121.0,,
Quad Bike,Technic,200.0,,
Telehandler,Technic,323.0,29.99,0.09284829721362228
Dune Buggy / Tractor,Technic,872.0,,
Tow Truck,Technic,1877.0,119.99,0.06392647842301545
Motor Box,Technic,93.0,29.99,0.32247311827956987
Crawler Crane,Technic,800.0,49.99,0.0624875
Fire Truck,Technic,1035.0,74.99,0.07245410628019323
Dirt Crusher RC,Racers,88.0,,
Mindstorms NXT,Mindstorms,577.0,249.99,0.4332582322357019
Converter Cables for Mindstorms NXT,Mindstorms,3.0,9.99,3.33
Connector Cables for Mindstorms NXT,Mindstorms,7.0,9.99,1.4271428571428573
Race for the Mask of Life,Bionicle,507.0,59.99,0.11832347140039448
Umbra,Bionicle,179.0,,
Irnakk,Bionicle,124.0,,
Carbon Star,Racers,44.0,,
Blue Renegade,Racers,49.0,,
Fat Trax,Racers,42.0,,
Road Hero,Racers,55.0,,
Highway Enforcer,Racers,52.0,,
Tuner X,Racers,61.0,,
Action Wheeler,Racers,79.0,,
Side Rider 55,Racers,111.0,,
Fire Spinner 360,Racers,113.0,,
Jump Master,Racers,105.0,,
Ferrari 430 Spider 1:17,Racers,559.0,39.99,0.07153846153846154
Ferrari Finish Line,Racers,573.0,60.0,0.10471204188481675
Ferrari F1 Fuel Stop,Racers,189.0,19.99,0.10576719576719576
Ferrari F1 Racer 1:8,Racers,1246.0,139.99,0.11235152487961478
Outdoor Challenger,Racers,104.0,,
Sunset Cruiser,Racers,58.0,,
Tuner Garage,Racers,652.0,,
Nitro Intimidator,Racers,724.0,,
King Jayko,Castle,130.0,,
Lord Vladek,Castle,112.0,,
Sir Kentis,Castle,43.0,,
Sir Adric,Castle,40.0,,
Dracus,Castle,38.0,9.99,0.2628947368421053
Karzon,Castle,44.0,9.99,0.22704545454545455
Zamor Spheres,Bionicle,10.0,,
Velika,Bionicle,21.0,,
Kazi,Bionicle,25.0,,
Piruk,Bionicle,27.0,,
Garan,Bionicle,21.0,,
Balta,Bionicle,22.0,,
Dalu,Bionicle,25.0,,
Toa Jaller,Bionicle,46.0,10.0,0.21739130434782608
Toa Hahli,Bionicle,46.0,9.99,0.21717391304347827
Toa Nuparu,Bionicle,54.0,9.99,0.185
Toa Hewkii,Bionicle,62.0,,
Toa Kongu,Bionicle,46.0,9.99,0.21717391304347827
Toa Matoro,Bionicle,46.0,,
Axonn,Bionicle,196.0,,
Brutaka,Bionicle,193.0,,
Vezon & Fenrakk,Bionicle,281.0,,
Battle at the Pass,Castle,381.0,,
Rogue Knight Battleship,Castle,152.0,,
Gargoyle Bridge,Castle,250.0,,
Mistlands Tower,Castle,431.0,,
Piraka Outpost,Bionicle,211.0,,
Lava Chamber Gate,Bionicle,373.0,39.99,0.1072117962466488
Piraka Stronghold,Bionicle,648.0,,
Reidak,Bionicle,41.0,,
Hakann,Bionicle,42.0,,
Vezok,Bionicle,41.0,,
Zaktan,Bionicle,41.0,,
Avak,Bionicle,41.0,,
Thok,Bionicle,42.0,,
Community Transport Set,Education,61.0,,
Push Train Set,Education,129.0,,
Community People Set,Education,20.0,,
Fire Rescue Services Set,Education,129.0,,
Community Workers,Education,235.0,49.99,0.21272340425531916
World Transport Services Set,Education,1219.0,,
Nano Quest Challenge Kit,Education,1514.0,,
Rechargeable Battery,Mindstorms,1.0,54.99,54.99
Transformer,Mindstorms,1.0,23.99,23.99
Storage Solution (6 Pack),Education,12.0,,
NXT Intelligent Brick,Mindstorms,1.0,169.99,169.99
Interactive Servo Motor,Mindstorms,1.0,24.99,24.99
Touch Sensor,Mindstorms,1.0,24.99,24.99
Light Sensor,Mindstorms,1.0,24.99,24.99
Sound Sensor,Mindstorms,1.0,34.99,34.99
Ultrasonic Sensor,Mindstorms,1.0,39.99,39.99
Bluetooth Dongle,Mindstorms,1.0,32.5,32.5
LEGO Snowflake,Seasonal,105.0,,
Holiday Train,Advanced models,965.0,89.99,0.09325388601036269
Imperial AT-ST,Star Wars,1068.0,79.99,0.07489700374531835
Vader's TIE Advanced,Star Wars,1212.0,99.99,0.08249999999999999
King's Castle,Castle,869.0,99.99,0.1150632911392405
Boeing 787 Dreamliner,Advanced models,1197.0,79.99,0.06682539682539682
Vezon & Kardas,Bionicle,670.0,,
City Emergency Service Vehicles (Multipack),City,618.0,,
Bonus/Value Pack,Bionicle,68.0,,
Bonus/Value Pack,Star Wars,302.0,,
Bonus/Value Pack,Exo-Force,360.0,,
Bonus/Value Pack,Exo-Force,374.0,,
Bonus/Value Pack,Bionicle,92.0,,
Bonus/Value Pack,Bionicle,92.0,,
Bonus/Value Pack,Star Wars,396.0,,
Bonus/Value Pack,Duplo,171.0,,
City Airport Exclusive Pack,City,1123.0,,
Bonus/Value Pack,Bionicle,124.0,,
Bonus/Value Pack,Bionicle,124.0,,
Bonus/Value Pack,City,549.0,,
Bonus/Value Pack,City,474.0,,
Bonus/Value Pack,City,785.0,,
Bonus/Value Pack,City,245.0,,
Bonus/Value Pack,Bionicle,242.0,,
Bonus/Value Pack,City,141.0,,
Bonus/Value Pack,City,433.0,,
Bonus/Value Pack,City,141.0,,
Bonus/Value Pack,Exo-Force,557.0,,
Bonus/Value Pack,City,426.0,,
Bonus/Value Pack,City,667.0,,
Bonus/Value Pack,City,223.0,,
Bonus/Value Pack,Creator,209.0,,
Bonus/Value Pack,Star Wars,437.0,,
Bonus/Value Pack,City,525.0,,
Bonus/Value Pack,City,118.0,,
BIONICLE Towel Toa Hordika,Gear,,,
Santa Claus Classic Key Chain,Gear,,5.99,
Lunchbox Black,Gear,,,
Lunchbox Blue,Gear,,,
Lunchbox Green,Gear,,,
Lunchbox Purple,Gear,,,
Agent Keychain,Gear,,,
Piraka Keyring with Light,Gear,,,
Imperial Royal Guard,Gear,,4.99,
Imperial Royal Guard,Gear,,,
Exo-Force Keyring Takeshi,Gear,,,
Professor Dumbledore Keychain,Gear,,3.99,
Harry Potter Key Chain,Gear,,,
King Jayko,Gear,,,
Dracus Keyring,Gear,,,
Pilot Keyring,Gear,,,
Doctor Key Chain,Gear,,,
Exo-Force Keyring Hikaru,Gear,,,
Ludo with Mini-Figures,Gear,,,
Vikings Chess Set,Gear,,,
Julius the Monkey Key Chain,Gear,,,
Sports Constructor Watch,Gear,,,
Magnet Set,Gear,,,
LEGO Classic Magnet Bricks,Gear,,,
Classic Constructor Watch,Gear,,,
Knights' Kingdom Magnet Set,Gear,,,
Star Wars Magnet Set,Gear,,,
Yoda Magnet Set,Gear,,,
Minifigures Magnet Set,Gear,,,
Racers Constructor Watch,Gear,,,
Yoda,Gear,,,
Santa Mini-Figure Snow Globe,Gear,,,
Parachute and Minifigure,Dino 2010,,,
Sand Mould Dino Set,Gear,,,
Piraka Ball Shooter,Gear,,,
Water Blaster,Gear,,,
Police Vest,Gear,,,
Coin Bank,Gear,,,
Viking Key Chain,Gear,,,
Key Chain Name Kit,Gear,,,
Germany Football Keyring,Gear,,,
Shield of Sir Adric,Gear,,,
Axe of Sir Adric,Gear,,,
Helmet of Sir Adric,Gear,,,
Vladek Sword with Sound,Gear,,,
Dino Wallet,Gear,,,
Dino 2010 Kite,Gear,,,
Playing Cards,Gear,,,
Police Vest,Gear,,,
Lunchbox Pink,Gear,,,
Lunchbox Black,Gear,,,
Piraka Ball Shooter Accessory Pack,Gear,,,
Exo-Force Cap,Gear,,,
England Football Keyring,Gear,,,
Brazil Football Keyring,Gear,,,
Dumbledore Keyring,Gear,,,
Batman Magnet Set,Gear,,,
Catwoman Magnet Set,Gear,,,
Sword Toa Inika,Gear,,,
Shield of the Vikings,Gear,,,
Helmet of the Vikings,Gear,,,
Sword of the Vikings,Gear,,,
Salt and Pepper Shaker Set,Gear,,,
Exo Blaster,Gear,,,
Batman Cap,Gear,,,
Knights' Kingdom Stationery Set,Gear,,,
Knights' Kingdom Notepad,Gear,,,
Toolbox Storage,Gear,,,
Football Magnet Set,Gear,,,
LEGO Creative Building Set,Bricks and More,650.0,,
{Half Tub},Duplo,,,
{Half Tub},Duplo,,,
Bionicle School Rucksack,Gear,,,
Bionicle Air Light School Rucksack,Gear,,,
Bionicle Pencil Case with Pencils,Gear,,,
Bionicle Pencil Case,Gear,,,
Bionicle Gym Bag,Gear,,,
Bionicle Wallet,Gear,,,
CLIKITS Heart School Rucksack,Gear,,,
CLIKITS Heart Air Light School Rucksack,Gear,,,
CLIKITS Heart Pencil Case with Pencils,Gear,,,
CLIKITS Heart Pencil Case,Gear,,,
CLIKITS Heart Gym Bag,Gear,,,
CLIKITS Heart Wallet,Gear,,,
Gift Wrap Santa Mini-Figure & Tree,Gear,,,
Xmas Magnet Set,Gear,,,
Tic Tac Toe,Gear,,,
Gift Wrap Classic,Gear,,,
Ludo with Mini-Figures,Gear,,,
Piraka Duvet Set,Gear,,,
DUPLO Junior Duvet Set,Gear,,,
DUPLO Junior Duvet Set,Gear,,,
LEGO Brick Duvet Set,Gear,,,
Bionicle Elastic Watch,Gear,,,
Dino 2010 Elastic Watch,Gear,,,
Exo-Force Elastic Watch,Gear,,,
Ice Cube Tray,Gear,,7.99,
City Mini-Figure Magnets,Gear,,,
Exo-Force T-Shirt,Gear,,,
Bag of Bricks,Quatro,15.0,7.99,0.5326666666666667
1x1 Stud Light Grey,Bulk Bricks,90.0,2.99,0.03322222222222222
1x1 Stud Medium Grey,Bulk Bricks,90.0,2.99,0.03322222222222222
1x1 Stud Dark Grey,Bulk Bricks,90.0,2.99,0.03322222222222222
1x1 Stud Black,Bulk Bricks,90.0,,
Grey Brick Separator with Black Frame Pieces,Bulk Bricks,56.0,,
"From the LEGO Vaults CD-Rom, Volume 2",Gear,,19.99,
BIONICLE 3: Web of Shadows DVD,Gear,,,
DINO ATTACK Minifigure Parachute,Gear,,,
DINO ATTACK Sand Mould Set,Gear,,,
DINO ATTACK Chalk Eggs,Gear,,,
DUPLO Princesses Coloring Pack,Gear,,,
LEGO Chef Apron,Gear,,,
Belville Princesses Stationary Set,Gear,,4.99,
Coaster Set,Gear,,12.99,
DINO ATTACK Pencil Set,Gear,,,
Store & Carry Case,Gear,,14.99,
Corkscrew & Bottle Opener,Gear,,15.0,
City Firefighter Water Blaster,Gear,,,
Salt and Pepper Shaker Set,Gear,,4.99,
Sword of Lord Vladek,Gear,,,
DUPLO Castle Coloring Pack,Gear,,,
Flags and Posts,Bulk Bricks,100.0,,
LEGO Dominos Game,Gear,,12.99,
LEGO Checkers,Gear,,12.99,
BIONICLE The Quest Game,Gear,,14.99,
LEGO Ludo,Gear,,39.99,
LEGO Tic-Tac-Toe,Gear,,19.99,
Boford P. Alligator,Promotional,148.0,,
BIONICLE Heroes,Gear,,29.99,
LEGO Star Wars II: The Original Trilogy,Gear,,19.99,
BIONICLE Heroes,Gear,,29.99,
LEGO Star Wars II: The Original Trilogy,Gear,,39.99,
LEGO Holiday Minifigure Gift Wrap & Tags,Gear,,2.99,
Classic Gift Wrap,Gear,,2.99,
Toa Whenua Hat,Gear,,11.99,
Bedcover LEGO Classic,Gear,,,
Bedcover Toa Hordika ,Gear,,,
Bedcover Toa Hordika,Gear,,,
Pirate Treasure Chest Coin Bank ,Promotional,215.0,,
Pirate Ship ,Promotional,127.0,,
Ostrich (Yellow Label),Promotional,10.0,,
Dog (Blue Label),Promotional,13.0,,
City Magnet Set,Gear,,7.99,
SpongeBob Mini-Figure Magnet Set,Gear,,12.99,
Knights' Kingdom Magnet Set,Gear,,,
LEGO Star Wars Yoda Magnet Set,Gear,,,
LEGO Star Wars Darth Vader Magnet Set,Gear,,12.99,
Classic Minifigure Magnet Set,Gear,,14.99,
Holiday Magnet Set,Gear,,,
Batman Minifigure Magnet Set,Gear,,12.99,
Compass Sensor for Mindstorms NXT,Mindstorms,1.0,54.99,54.99
BIONICLE Heroes,Gear,,29.99,
LEGO Star Wars II: The Original Trilogy,Gear,,34.99,
BIONICLE Heroes,Gear,,29.99,
LEGO Star Wars II: The Original Trilogy,Gear,,19.99,
Holiday Picture Frame,Miscellaneous,,,
BIONICLE Heroes,Gear,,29.99,
LEGO Star Wars II: The Original Trilogy,Gear,,39.99,
LEGO Star Wars II: The Original Trilogy,Gear,,19.99,
Batman T-Shirt,Gear,,,
Bionicle Toa Nuparu Long Sleeve T-Shirt,Gear,,19.99,
Brick Print Fabric Watch,Gear,,,
Constellation Watch,Gear,,,
Classic Elastic Watch,Gear,,19.99,
Classic Watch Grey,Gear,,19.99,
Classic Watch Blue,Gear,,,
Click & Build Watch,Gear,,12.99,
Brick Outline Fabric Watch,Gear,,19.99,
Blueprint Fabric Watch,Gear,,,
Classic Creator Watch,Gear,,19.99,
LEGO Star Wars II: The Original Trilogy Video Game,Gear,,19.99,
BIONICLE Heroes,Gear,,,
LEGO Star Wars II: The Original Trilogy,Gear,,19.99,
Rescue plane,City,116.0,,
Packer,Duplo,19.0,19.99,1.0521052631578947
Muck & Roley in the Sunflower Factory,Duplo,37.0,29.99,0.8105405405405405
Salty the Dockyard Diesel,Duplo,8.0,12.99,1.62375
Spencer and Sir Topham Hatt,Duplo,45.0,29.99,0.6664444444444444
Gordon's Express,Duplo,13.0,19.99,1.5376923076923075
Superstar Figure ,Sports,6.0,,
Red Walker,Exo-Force,29.0,,
White Flyer,Exo-Force,21.0,,
Robo Chopper,Exo-Force,29.0,,
Mini Jet Fighter,Exo-Force,22.0,,
Green Exo Fighter,Exo-Force,19.0,,
9V Train Switching Track Collection,Trains,27.0,44.99,1.6662962962962964
Princess and Horse,Duplo,8.0,9.99,1.24875
Princess and Pony Picnic,Duplo,19.0,19.99,1.0521052631578947
Princess Royal Stables,Duplo,49.0,39.99,0.8161224489795919
Police Boat,Duplo,27.0,24.99,0.9255555555555555
Mini Construction,Creator,68.0,4.99,0.07338235294117647
Mini Animals,Creator,77.0,4.99,0.06480519480519481
Mini Robots,Creator,77.0,4.99,0.06480519480519481
Mini Flyers,Creator,76.0,4.99,0.06565789473684211
Street Sweeper,City,14.0,,
Police Swamp Boat,City,20.0,,
Doc & Patient,City,18.0,2.99,0.16611111111111113
Life Guard,City,38.0,,
Fire 4x4,City,28.0,,
Cool Cars,Creator,206.0,12.99,0.06305825242718446
Fast Flyers,Creator,312.0,19.99,0.06407051282051282
Model Town House,Creator,1174.0,69.99,0.05961669505962521
Big Rig,Creator,550.0,30.0,0.05454545454545454
House,Creator,731.0,49.99,0.06838577291381669
Ferris Wheel,Creator,1063.0,69.99,0.06584195672624647
Monster Dino,Creator,792.0,89.99,0.11362373737373736
Animals,Duplo,13.0,12.99,0.9992307692307693
Harvester,Duplo,11.0,24.99,2.2718181818181815
Horse Stables,Duplo,36.0,39.99,1.1108333333333333
Farm,Duplo,42.0,49.99,1.1902380952380953
Cement Mixer,Duplo,11.0,16.99,1.5445454545454544
Fire Truck,Duplo,26.0,29.99,1.1534615384615383
Road Sweeper,Duplo,11.0,14.99,1.3627272727272728
Ambulance,Duplo,6.0,14.99,2.4983333333333335
The Chum Bucket,SpongeBob SquarePants,337.0,34.99,0.1038278931750742
Mrs. Puff's Boating School,SpongeBob SquarePants,393.0,49.99,0.12720101781170484
Digger,Duplo,19.0,22.99,1.21
Gravel Pit,Duplo,40.0,39.99,0.99975
Construction Site,Duplo,84.0,59.99,0.7141666666666667
Police Helicopter,City,31.0,,
Fire Boat,City,27.0,,
Hogwarts Castle,Harry Potter,943.0,89.99,0.09542948038176033
Duplo Large Brick Box,Duplo,71.0,29.99,0.42239436619718307
Duplo Brick Box,Duplo,33.0,19.99,0.6057575757575757
Duplo Deluxe Brick Box,Duplo,95.0,49.99,0.5262105263157895
Build a Farm,Duplo,107.0,29.99,0.2802803738317757
LEGO XXL 2000 Barrel,Make and Create,2000.0,,
Emergency Rescue Box,Make and Create,705.0,,
Fun Building with LEGO Duplo,Duplo,42.0,,
Fun Building with LEGO Bricks,Make and Create,240.0,11.99,0.049958333333333334
XXL Cannister,Duplo,215.0,,
Duplo Creative Building,Duplo,74.0,,
LEGO Creative Building,Make and Create,481.0,,
Duplo Canister Green,Duplo,80.0,,
LEGO Canister Red,Make and Create,700.0,,
LEGO DUPLO Fun Creations,Duplo,105.0,,
LEGO Cool Creations,Make and Create,683.0,,
LEGO World of Bricks,Make and Create,1004.0,,
LEGO Creator 200 Plus 40 Special Elements,Make and Create,242.0,,
LEGO Box,Make and Create,600.0,,
LEGO Brick Box,Make and Create,221.0,19.99,0.0904524886877828
Building Fun with LEGO,Creator,286.0,9.99,0.03493006993006993
A World of LEGO Mosaic,Creator,598.0,19.99,0.03342809364548495
LEGO Rescue Building Set,Make and Create,520.0,24.99,0.0480576923076923
LEGO Large Brick Box,Make and Create,405.0,29.99,0.07404938271604938
LEGO Deluxe Brick Box,Make and Create,701.0,49.99,0.07131241084165478
Good Guy 07,Bionicle,20.0,,
Bad Guy 07,Bionicle,25.0,,
Squid Launcher Function,Bionicle,22.0,,
The Final Joust,Castle,62.0,7.99,0.1288709677419355
Skeleton Ship Attack,Castle,628.0,69.99,0.11144904458598726
Dwarves' Mine,Castle,575.0,59.99,0.1043304347826087
Crossbow Attack,Castle,54.0,5.99,0.11092592592592593
Knight's Catapult Defense,Castle,123.0,9.99,0.08121951219512195
Skeletons' Prison Carriage,Castle,193.0,19.99,0.10357512953367874
Skeleton Tower,Castle,398.0,49.99,0.12560301507537688
King's Castle Siege,Castle,973.0,99.99,0.10276464542651592
Banana,Make and Create,8.0,,
Pear,Make and Create,10.0,,
Apple,Make and Create,10.0,,
Grapes,Make and Create,10.0,,
Watermelon,Make and Create,21.0,,
Orange,Make and Create,8.0,,
Chef,Make and Create,5.0,,
Le Mans,Racers,34.0,,
Off Road,Racers,26.0,,
The Skating Princess,Belville,26.0,9.99,0.38423076923076926
Winter Royal Stables,Belville,86.0,49.99,0.5812790697674419
Royal Summer Palace,Belville,167.0,59.99,0.35922155688622753
Advent Calendar,Belville,215.0,19.99,0.0929767441860465
Droids Battle Pack,Star Wars,102.0,9.99,0.09794117647058824
Clone Troopers Battle Pack,Star Wars,58.0,9.99,0.17224137931034483
General Grievous Starfighter,Star Wars,232.0,19.99,0.08616379310344827
AT-ST,Star Wars,244.0,19.99,0.08192622950819671
Y-wing Fighter,Star Wars,454.0,39.99,0.08808370044052864
Imperial Landing Craft,Star Wars,471.0,49.99,0.10613588110403398
Naboo N-1 Starfighter with Vulture Droid,Star Wars,280.0,29.99,0.10710714285714285
Jedi Starfighter with Hyperdrive Booster Ring,Star Wars,575.0,49.99,0.08693913043478262
Trade Federation MTT,Star Wars,1330.0,99.99,0.07518045112781954
Sith Infiltrator,Star Wars,310.0,29.99,0.09674193548387096
TIE Crawler,Star Wars,548.0,49.99,0.09122262773722628
Republic Cruiser,Star Wars,919.0,89.99,0.09792165397170838
Hoth Rebel Base,Star Wars,548.0,49.99,0.09122262773722628
MB-01 Eagle Command Base,Space,760.0,89.99,0.1184078947368421
ETX Alien Mothership Assault ,Space,434.0,49.99,0.11518433179723503
MX-71 Recon Dropship ,Space,435.0,39.99,0.09193103448275862
ETX Alien Strike,Space,246.0,19.99,0.08126016260162601
MT-31 Trike ,Space,95.0,9.99,0.1051578947368421
MX-11 Astro Fighter ,Space,57.0,4.99,0.08754385964912281
MT-51 Claw-Tank Ambush,Space,374.0,29.99,0.08018716577540107
MT-101 Armored Drilling Unit,Space,635.0,79.99,0.12596850393700787
Golden Guardian,Exo-Force,267.0,24.99,0.09359550561797753
Combat Crawler X2,Exo-Force,581.0,49.99,0.08604130808950086
Deep Sea Treasure Hunter,Aqua Raiders,75.0,4.99,0.06653333333333333
Angler Ambush,Aqua Raiders,130.0,9.99,0.07684615384615384
Lobster Strike,Aqua Raiders,223.0,19.99,0.08964125560538116
Tiger Shark Attack,Aqua Raiders,339.0,29.99,0.08846607669616519
Crab Crusher,Aqua Raiders,590.0,49.99,0.08472881355932203
Aquabase Invasion,Aqua Raiders,840.0,69.99,0.08332142857142856
The Shipwreck,Aqua Raiders,241.0,24.99,0.10369294605809128
The Batcopter: The Chase for Scarecrow,Batman,293.0,29.99,0.10235494880546074
The Bat-Tank: The Riddler and Bane's Hideout,Batman,645.0,49.99,0.07750387596899225
Whale,Creator,31.0,,
Lion,Creator,57.0,,
Aeroplane Set,Creator,38.0,,
Backhoe,Creator,39.0,,
Cement Truck,Creator,44.0,3.99,0.09068181818181818
Airport - ANA version,City,677.0,,
Fireboat,City,187.0,34.99,0.18711229946524066
City Advent Calendar,City,232.0,24.99,0.1077155172413793
Off-Road Fire Rescue,City,131.0,9.99,0.07625954198473282
Fire Hovercraft,City,274.0,29.99,0.10945255474452555
Fire Station,City,600.0,59.99,0.09998333333333334
Cement Mixer,City,213.0,14.99,0.07037558685446009
Recycle Truck,City,206.0,16.99,0.0824757281553398
Container Stacker,City,218.0,19.99,0.09169724770642201
Service Station,City,402.0,39.99,0.09947761194029851
LEGO City Harbor,City,659.0,89.99,0.1365553869499241
Train Rail Crossing,City,4.0,24.99,6.2475
Train Station,City,387.0,44.99,0.11625322997416021
Heavy Hauler,City,332.0,34.99,0.10539156626506024
Cyclone Defender,Exo-Force,92.0,7.99,0.08684782608695653
Claw Crusher,Exo-Force,99.0,7.99,0.08070707070707071
Blade Titan,Exo-Force,162.0,14.99,0.09253086419753087
Sky Guardian,Exo-Force,144.0,14.99,0.10409722222222223
Shadow Crawler,Exo-Force,161.0,14.99,0.0931055900621118
Iron Condor,Exo-Force,141.0,14.99,0.10631205673758866
Aero Booster,Exo-Force,312.0,29.99,0.09612179487179487
Fight for the Golden Tower,Exo-Force,571.0,49.99,0.08754816112084063
Mobile Devastator,Exo-Force,1009.0,89.99,0.08918731417244796
Terrain Crusher,Racers,44.0,4.99,0.11340909090909092
Raceway Rider,Racers,51.0,4.99,0.09784313725490197
Night Driver,Racers,41.0,4.99,0.12170731707317074
Rally Runner,Racers,51.0,4.99,0.09784313725490197
Night Crusher,Racers,265.0,19.99,0.07543396226415094
Bridge Chase,Racers,542.0,39.99,0.07378228782287823
Fire Crusher,Racers,65.0,,
Booster Beast,Racers,70.0,9.99,0.1427142857142857
Phantom Crasher,Racers,85.0,,
Night Blazer,Racers,66.0,9.99,0.15136363636363637
Tow Trasher,Racers,182.0,19.99,0.10983516483516483
Off Road Power,Racers,201.0,19.99,0.09945273631840795
Ferrari 248 F1 1:24,Racers,167.0,19.99,0.1197005988023952
Ferrari F430 Challenge 1:17,Racers,690.0,49.99,0.07244927536231885
Ferrari 248 F1 Team (Michael Schumacher Edition),Racers,726.0,69.99,0.09640495867768595
Ferrari F1 Team (Kimi Räikkönen Edition),Racers,726.0,,
Ferrari 599 GTB Fiorano 1:10,Racers,1327.0,109.99,0.08288620949510173
Nitro Muscle,Racers,598.0,49.99,0.08359531772575252
Bullet Run,Racers,796.0,49.99,0.06280150753768844
Rough Terrain Crane,Technic,106.0,9.99,0.09424528301886792
Wheel Loader,Technic,200.0,19.99,0.09995
Snowmobile,Technic,331.0,29.99,0.09060422960725074
Off Road Truck,Technic,805.0,49.99,0.06209937888198758
Combine Harvester,Technic,1025.0,69.99,0.06828292682926829
Motorized Bulldozer,Technic,1384.0,149.99,0.1083742774566474
Toa Kongu,Bionicle,64.0,9.99,0.15609375
Toa Jaller,Bionicle,68.0,9.99,0.14691176470588235
Toa Hewkii,Bionicle,62.0,9.99,0.16112903225806452
Toa Nuparu,Bionicle,59.0,9.99,0.16932203389830508
Toa Hahli,Bionicle,59.0,9.99,0.16932203389830508
Toa Matoro,Bionicle,63.0,9.99,0.15857142857142859
Takadox,Bionicle,62.0,9.99,0.16112903225806452
Kalmah,Bionicle,53.0,9.99,0.18849056603773584
Carapar,Bionicle,50.0,9.99,0.1998
Mantax,Bionicle,58.0,9.99,0.17224137931034483
Ehlek,Bionicle,54.0,9.99,0.185
Pridak,Bionicle,47.0,9.99,0.21255319148936172
Gadunka,Bionicle,176.0,19.99,0.11357954545454545
Hydraxon,Bionicle,165.0,19.99,0.12115151515151515
Maxilos and Spinax,Bionicle,256.0,29.99,0.1171484375
Barraki Deepsea Patrol ,Bionicle,228.0,29.99,0.13153508771929823
Toa Undersea Attack,Bionicle,401.0,49.99,0.12466334164588529
Toa Terrain Crawler ,Bionicle,674.0,69.99,0.1038427299703264
Defilak,Bionicle,37.0,4.99,0.13486486486486488
Dekar,Bionicle,37.0,4.99,0.13486486486486488
Thulox,Bionicle,39.0,,
Morak,Bionicle,40.0,4.99,0.12475
Squid Ammo,Bionicle,7.0,1.99,0.2842857142857143
Nocturn,Bionicle,116.0,14.99,0.1292241379310345
Lesovikk,Bionicle,149.0,19.99,0.13416107382550335
Karzahni,Bionicle,373.0,39.99,0.1072117962466488
Medium Storage Bin,Education,2.0,,
Duplo Bulk Set,Education,144.0,,
Dinosaurs Set,Education,95.0,,
Wild Animals Set,Education,121.0,,
World People Set,Education,16.0,39.99,2.499375
Playhouse Set,Education,120.0,,
Hospital Set,Education,97.0,,
Farm Set,Education,106.0,,
Farm Animals Set,Education,51.0,,
Police Station Set,Education,82.0,,
Wheels Set,Education,360.0,39.99,0.11108333333333334
Dinosaurs Set,Education,,,
Town Developers Set,Education,1860.0,,
Micro Building Set,Education,1641.0,,
Science and Technology Base Set,Education,352.0,,
Power Puzzle Challenge Kit,Education,1563.0,,
Mindstorms Education Base Set,Education,431.0,,
Motorized Walking AT-AT,Star Wars,1137.0,129.99,0.11432717678100264
Ultimate Collector's Millennium Falcon,Star Wars,5197.0,499.99,0.09620742736193959
Eiffel Tower ,Advanced models,3428.0,199.99,0.05834014002333723
Cafe Corner,Advanced models,2056.0,139.99,0.06808852140077822
Hobby Trains,Factory,1080.0,,
Market Street,Advanced models,1248.0,89.99,0.0721073717948718
Rolling Storage Box - Red/Yellow,Gear,,119.99,
Rolling Storage Box - Blue/Green,Gear,,119.99,
Building Table,Gear,,199.99,
Bonus Pack,Creator,542.0,,
City Essential Vehicles Collection,City,526.0,49.99,0.09503802281368821
City Rescue Pack,City,467.0,,
Bonus/Value Pack,Bionicle,192.0,,
Bonus/Value Pack,Make and Create,923.0,,
Creative Building,Duplo,147.0,,
City Medical Super Pack,City,815.0,,
City Super Pack,City,1097.0,,
City Super Pack,City,496.0,,
Bonus/Value Pack,Creator,286.0,,
Bonus/Value Pack,Exo-Force,509.0,,
Bonus/Value Pack,Exo-Force,359.0,,
Mr. Magorium's big book,Creator,323.0,19.99,0.06188854489164086
Bonus/Value Pack,Duplo,120.0,,
Bonus/Value Pack,Duplo,42.0,,
Bonus/Value Pack,Duplo,143.0,,
Bonus/Value Pack,Creator,566.0,,
Bonus/Value Pack,Bionicle,192.0,,
City Trains Super Set,City,1267.0,,
Luke Skywalker™ Pilot Maquette,Gear,,,
Bonus/Value Pack,Duplo,40.0,,
Blue Brick Key Chain,Gear,,4.99,
Red Brick Key Chain,Gear,,5.99,
Stormtrooper,Gear,,4.99,
Stormtrooper,Gear,,,
Classic Calculator,Gear,,,
Anakin,Gear,,3.99,
Clone Trooper,Gear,,3.99,
Chewbacca,Gear,,4.99,
Egg Timer,Gear,,7.99,
Ice Brick Tray - Yellow,Gear,,7.99,
Egg Cup Set,Gear,,,
Firefighter Keychain,Gear,,,
Piraka Ball Shooter,Gear,,19.99,
LEGOville Zoo Dinner Set,Gear,,14.99,
City Police Cap,Gear,,,
Toy Police Badge,Gear,,,
Key Chain Name Kit,Gear,,4.99,
City Memory Game,Gear,,7.99,
Magnetic Notepad,Gear,,4.99,
Corkscrew & Bottle Opener,Gear,,,
Santa Gift Wrap and Tags,Gear,,,
Batman Keyring,Gear,,,
Robin Key Chain,Gear,,3.99,
Catwoman Minifigure Magnet Set,Gear,,12.99,
Fire Extinguisher,Gear,,,
The Joker Keyring,Gear,,,
Catwoman Keyring,Gear,,,
Exo-Force Blaster,Gear,,14.99,
Viking Helmet,Gear,,,
Exo-Force Magnet Set,Gear,,12.99,
SpongeBob Key Chain,Gear,,4.99,
Patrick Key Chain,Gear,,4.99,
Gift Wrap Santa Mini-Figure & Tree,Gear,,,
Coaster Set,Gear,,,
Tic Tac Toe,Gear,,,
Mr. Krabs Key Chain,Gear,,3.99,
SpongeBob Minifigure Magnet Set,Gear,,12.99,
Classic LEGO Gift Wrap,Gear,,,
Princess Crown,Gear,,7.99,
Picnic Tea Set,Gear,,,
Sword Takadox,Gear,,9.99,
Takadox Mask,Gear,,9.99,
Barraki Pump Action Water Gun,Gear,,24.99,
Splashy Barraki Squid,Gear,,7.99,
Exo-Force Rocket Launcher,Gear,,16.99,
King's Sword,Gear,,9.99,
King's Cape with Fur,Gear,,14.99,
King's Crown,Gear,,12.99,
Fire Department Drinking Bottle,Gear,,,
Fire Axe,Gear,,,
City Police Flashlight,Gear,,9.99,
City Police Megaphone,Gear,,11.99,
City Police Investigator Set,Gear,,14.99,
LEGO Brick Backpack Blue,Gear,,19.99,
Brick Wallet Blue,Gear,,6.99,
LEGO Brick Sports Bag Blue,Gear,,24.99,
Activity Planner,Gear,,,
Key Rack,Gear,,19.99,
Classic Stripes Pink Stationery Set,Gear,,7.99,
Classic Stripes Blue Stationery Set,Gear,,7.99,
LEGO Brick Cake / Jelly Mould,Gear,,14.99,
Storage Tray Unit,Gear,,49.99,
LEGO Brick Lunch Bag Blue,Gear,,17.99,
Pirate Cleaver,Gear,,,
Pirate Sword,Gear,,9.99,
Splash Cannon Balls,Gear,,,
Treasure Chest Coin Bank,Gear,,,
Astromech Droid,Gear,,3.99,
Princess Leia,Gear,,3.99,
Star Wars Magnet Set,Gear,,12.99,
Viking Cape,Gear,,,
Viking Armour,Gear,,,
King's Shield,Gear,,9.99,
LEGO Brick Backpack Pink,Gear,,19.99,
Classic Stripes Plastic Tumblers,Gear,,17.0,
Aqua Raiders Stationery Set,Gear,,6.99,
Aqua Raiders Water Blaster,Gear,,16.99,
Secret Diary Plush,Gear,,,
Duplo Zoo Sticker Sheet,Gear,,,
Belville Stationery Set,Gear,,,
Belville Ice Cube Tray,Gear,,7.99,
Bionicle Stationery Set,Gear,,7.99,
Toa Mahri Dart Shooter,Gear,,24.99,
Lenticular Bionicle Notebook,Gear,,7.99,
Duplo Zoo Height Chart,Gear,,9.99,
Manga Tutorial Set,Gear,,,
Hagrid Key Chain,Gear,,3.99,
Hermione Key Chain,Gear,,3.99,
Castle Chess Set,Gear,,49.99,
Castle Skeleton Sword,Gear,,9.99,
Castle Skeleton Shield,Gear,,9.99,
Knight Hero Helmet,Gear,,,
Knight's Shield,Gear,,9.99,
Knight Hero Armour,Gear,,,
Castle Minifigure Magnet Set,Gear,,12.99,
LEGO City Stationery Set,Gear,,9.99,
City Minifigure Magnet Set,Gear,,12.99,
Construction Worker Vest,Gear,,,
Foldable Ruler,Gear,,3.99,
Classic Stripes Towel,Gear,,14.99,
Space Hero Air Blaster,Gear,,19.99,
Space Hero Suit,Gear,,24.99,
Squidward Key Chain,Gear,,3.99,
DUPLO White Children's T-shirt,Gear,,,
DUPLO Beige Bucket Hat,Gear,,,
Exo-Force Navy Children's T-shirt,Gear,,,
Exo-Force Turquoise Children's T-shirt,Gear,,,
Grey Racers Cap,Gear,,,
Bionicle Barraki Children's T-shirt,Gear,,,
Bionicle Ehlek Children's T-shirt,Gear,,,
Classic Yellow Children's T-Shirt,Gear,,,
Classic Women's White Slimfit Polo,Gear,,,
Classic Men's White Polo,Gear,,,
Two-Face Key Chain,Gear,,3.99,
The Penguin Key Chain,Gear,,3.99,
Classic Stripes Melamine Plates,Gear,,,
Star Wars Magnet Set,Gear,,12.99,
"Star Wars Magnet Set: Darth Maul, Anakin and Naboo Fighter Pilot",Gear,,12.99,
Castle Skeleton Armour,Gear,,,
Mr Freeze Minifigure Magnet Set,Gear,,12.99,
Riddler Key Chain,Gear,,3.99,
Harry Potter Key Chain,Gear,,3.99,
Yellow Brick Key Chain,Gear,,4.99,
Green Brick Key Chain,Gear,,4.99,
Orange Brick Key Chain,Gear,,4.99,
Black Brick Key Chain,Gear,,4.99,
Lime Green Brick Key Chain,Gear,,4.99,
White Brick Key Chain,Gear,,4.99,
Millennium Falcon Bag Charm,Gear,,9.99,
Y-wing Fighter Bag Charm,Gear,,9.99,
Vader's TIE Fighter Bag Charm,Gear,,9.99,
Santa Gift Bag,Gear,,4.99,
LEGO City Gift Bag,Gear,,4.99,
Santa Magnet Set,Gear,,5.99,
Santa Stocking,Gear,,9.99,
Emperor Palpatine,Gear,,4.99,
Scarecrow Key Chain,Gear,,3.99,
Mr. Freeze Key Chain,Gear,,3.99,
Castle Tic Tac Toe,Gear,,14.99,
Santa Holiday Cards,Gear,,9.99,
Small Wide Tire & Hub,Education,16.0,,
LSP Window 2,Serious Play,147.0,,
Bionicle Clock,Gear,,,
Football,Gear,,,
LEGO Corkscrew & Bottle Opener,Gear,,,
Football Magnet Set,Gear,,,
Gold Chrome Plated C-3PO,Star Wars,1.0,,
Mindstorms NXT CD,Mindstorms,1.0,19.99,19.99
Duck,Promotional,6.0,,
75th Anniversary LEGO Duck on Wheels,Promotional,44.0,,
Classic Calculator,Gear,,4.99,
Blackhole Stormtrooper Maquette (Gentle Giant),Gear,,,
Darth Vader Maquette (Gentle Giant),Gear,,,
Stormtrooper Maquette (Gentle Giant),Gear,,,
Boba Fett Maquette (Gentle Giant),Gear,,,
Luke Skywalker Pilot Maquette,Gear,,19.99,
BIONICLE Heroes,Gear,,,
Forbidden LEGO,Books,,,
"The LEGO MINDSTORMS NXT Idea Book: Design, Invent, and Build",Books,,,
The Unofficial LEGO MINDSTORMS NXT Inventor's Guide,Books,,,
Classic Picnic Set,Gear,,,
DUPLO Height Chart with Zoo Sticker Set,Gear,,,
Market Street,Miscellaneous,1248.0,,
Colour Sensor for Mindstorms NXT,Mindstorms,1.0,54.99,54.99
Accelerometer Sensor for Mindstorms NXT,Mindstorms,1.0,54.99,54.99
Infrared Seeker,Mindstorms,1.0,49.99,49.99
Gyroscopic Sensor,Mindstorms,1.0,54.99,54.99
Infrared Link Sensor,Mindstorms,1.0,54.99,54.99
LEGO Star Wars: The Complete Saga,Gear,,34.99,
Darth Vader Connect & Build Pen,Gear,,9.99,
Yoda Connect & Build Pen,Gear,,9.99,
R2-D2 Connect & Build Pen,Gear,,9.99,
Chewbacca Connect & Build Pen,Gear,,9.99,
Bionicle Cartridge Pen,Gear,,,
Penguin,Promotional,9.0,,
Star Wars Celebration IV Exclusive,Star Wars,26.0,,
LEGO Star Wars: The Complete Saga,Gear,,49.99,
Classic Skate Sneaker – Brown,Gear,,34.99,
Bionicle Mesh Sport Sneaker - Red,Gear,,39.99,
Bionicle Piraka T-Shirt,Gear,,14.99,
Star Wars Original Trilogy T-Shirt,Gear,,14.99,
Star Wars Classic Battle T-Shirt,Gear,,14.99,
Star Wars Lord Vader T-Shirt,Gear,,14.99,
Star Wars Master Yoda T-Shirt,Gear,,14.99,
Star Wars Kenobi vs. Vader T-Shirt,Gear,,14.99,
Bionicle Barraki Kalmah T-Shirt,Gear,,14.99,
Star Wars Classic Characters T-shirt,Gear,,14.99,
Star Wars Beware of the Dark Side T-shirt,Gear,,19.99,
R2-D2 Watch,Gear,,19.99,
Darth Vader Watch,Gear,,19.99,
Luke Skywalker Watch,Gear,,19.99,
Clone Trooper Watch,Gear,,19.99,
LEGO Star Wars: The Complete Saga,Gear,,49.99,
LEGO Star Wars: The Complete Saga,Gear,,49.99,
Heart,Miscellaneous,92.0,,
In-flight Helicopter and Raft,City,115.0,,
The Bikini Bottom Express,SpongeBob SquarePants,210.0,19.99,0.09519047619047619
Rocket Ride,SpongeBob SquarePants,279.0,29.99,0.10749103942652329
The Emergency Room,SpongeBob SquarePants,236.0,29.99,0.12707627118644066
Coast Guard Platform,City,469.0,49.99,0.10658848614072496
Mini Trains,Creator,73.0,4.99,0.06835616438356165
Mini Vehicles,Creator,79.0,4.99,0.06316455696202532
Ambush,Duplo,15.0,16.99,1.1326666666666665
Sentry & Catapult,Duplo,41.0,24.99,0.6095121951219512
Castle,Duplo,115.0,79.99,0.6955652173913043
Police Trike,City,24.0,,
Coast Guard Boat,City,35.0,,
Fire Helicopter,City,34.0,,
Cool Convertible,Creator,648.0,49.99,0.07714506172839507
Fierce Creatures,Creator,193.0,12.99,0.06730569948186528
Cargo Copter,Creator,272.0,19.99,0.07349264705882352
Beach House,Creator,522.0,34.99,0.06703065134099617
Transport Ferry,Creator,1279.0,69.99,0.054722439405785764
Stegosaurus,Creator,731.0,49.99,0.06838577291381669
Vestas Wind Turbine,Advanced models,815.0,,
Skeleton Chariot,Castle,20.0,,
Knight & Catapult,Castle,21.0,,
Large Brick Box - Green Plate Version,Duplo,71.0,,
Golden Anniversary Set,Bricks and More,700.0,39.99,0.05712857142857143
Percy at the Sheds,Duplo,34.0,19.99,0.5879411764705882
Thomas Starter Set,Duplo,82.0,49.99,0.6096341463414634
LEGO DUPLO Build & Play,Duplo,100.0,44.99,0.4499
LEGO Build & Play,Bricks and More,643.0,44.99,0.06996889580093313
Basic Bricks,Bricks and More,280.0,12.99,0.046392857142857145
Basic Bricks - Medium,Duplo,45.0,14.99,0.33311111111111114
Basic Bricks - Medium,Bricks and More,378.0,,
Basic Bricks - Large,Duplo,65.0,16.99,0.2613846153846154
Basic Bricks - Large,Bricks and More,500.0,19.99,0.039979999999999995
Ultimate LEGO Town Building Set,Bricks and More,689.0,49.99,0.0725544267053701
Fun with Wheels,Duplo,78.0,29.99,0.3844871794871795
Fun with Wheels,Bricks and More,650.0,29.99,0.04613846153846154
Pink Brick Box,Bricks and More,216.0,19.99,0.0925462962962963
Circus,Duplo,61.0,49.99,0.8195081967213115
Dino Birthday,Duplo,9.0,12.99,1.4433333333333334
Dino Trap,Duplo,28.0,24.99,0.8925
Dino Valley,Duplo,52.0,49.99,0.9613461538461539
Fire Station,Duplo,72.0,59.99,0.8331944444444445
Police Station,Duplo,28.0,39.99,1.4282142857142859
Fire Chief,Duplo,7.0,8.99,1.2842857142857143
Supermarket,Duplo,62.0,39.99,0.645
Tanker Truck,Duplo,17.0,24.99,1.47
My First Train,Duplo,10.0,16.99,1.6989999999999998
Track Repair Train,Duplo,16.0,16.99,1.061875
Train Starter Set,Duplo,64.0,59.99,0.93734375
Deluxe Train Set,Duplo,116.0,119.99,1.0343965517241378
Builder,City,23.0,3.49,0.15173913043478263
Public Works,City,31.0,3.49,0.11258064516129034
Police Officer,City,21.0,3.49,0.1661904761904762
Firefighter,City,25.0,3.49,0.1396
The Good Wizard,Castle,16.0,,
The Knight,Castle,21.0,3.49,0.1661904761904762
Mini Robot,Space,24.0,3.49,0.14541666666666667
Alien Jet,Space,21.0,,
Troll Warrior,Castle,19.0,3.49,0.1836842105263158
Crystal Hawk,Space,26.0,3.49,0.13423076923076924
Street Cleaner,City,22.0,3.49,0.15863636363636366
Coast Guard Kayak,City,21.0,3.49,0.1661904761904762
Police 4x4,City,32.0,,
Coast Guard Bike,City,13.0,,
Mini Dozer,City,23.0,,
Doors and Windows,Bricks and More,100.0,12.99,0.12990000000000002
Wheels and Tyres,Bricks and More,106.0,12.99,0.12254716981132076
Roof Tiles,Bricks and More,150.0,,
Good Guy 2008,Bionicle,26.0,,
Bad Guy 2008,Bionicle,29.0,,
Function 2008,Bionicle,22.0,,
Basic Bricks Deluxe,Duplo,80.0,19.99,0.24987499999999999
Basic Bricks Deluxe,Bricks and More,650.0,29.99,0.04613846153846154
MY LEGO Duplo Town,Duplo,79.0,29.99,0.37962025316455694
Build Your Own Harbor,Bricks and More,252.0,14.99,0.059484126984126987
Road Construction Set,Bricks and More,300.0,19.99,0.06663333333333332
Tower Raid,Castle,364.0,29.99,0.08239010989010989
Troll Assault Wagon,Castle,161.0,19.99,0.1241614906832298
Dwarves' Mine Defender,Castle,86.0,9.99,0.11616279069767442
Troll Battle Wheel,Castle,508.0,39.99,0.07872047244094489
Troll Warship,Castle,493.0,79.99,0.16225152129817444
Police Motorcycle,City,28.0,,
Police Car,City,59.0,,
Prisoner Transport,City,98.0,,
Playful Puppy,Belville,83.0,12.99,0.15650602409638553
Horse Stable,Belville,209.0,39.99,0.1913397129186603
Sunshine Home,Belville,450.0,79.99,0.17775555555555556
Horse Jumping,Belville,54.0,19.99,0.3701851851851852
Police Car,Racers,35.0,,
Muscle Car,Racers,37.0,,
Track Racer,Racers,34.0,,
Indiana Jones Motorcycle Chase,Indiana Jones,79.0,9.99,0.12645569620253164
Indiana Jones and the Lost Tomb,Indiana Jones,277.0,19.99,0.07216606498194945
Race for the Stolen Treasure,Indiana Jones,272.0,29.99,0.11025735294117646
Temple Escape,Indiana Jones,554.0,59.99,0.10828519855595668
Jungle Duel,Indiana Jones,90.0,9.99,0.111
River Chase,Indiana Jones,234.0,19.99,0.08542735042735042
Jungle Cutter,Indiana Jones,511.0,39.99,0.07825831702544031
Temple of the Crystal Skull,Indiana Jones,929.0,79.99,0.08610333692142087
Peril in Peru,Indiana Jones,625.0,49.99,0.079984
MX-81 Hypersonic Operations Aircraft,Space,795.0,79.99,0.10061635220125785
MT-61 Crystal Reaper,Space,600.0,49.99,0.08331666666666666
ETX Alien Infiltrator,Space,333.0,29.99,0.09006006006006005
MX-41 Switch Fighter,Space,235.0,19.99,0.08506382978723404
MT-21 Mobile Mining Unit,Space,130.0,9.99,0.07684615384615384
MT-201 Ultra-Drill Walker,Space,759.0,69.99,0.09221343873517786
Imperial Dropship,Star Wars,81.0,9.99,0.12333333333333334
Rebel Scout Speeder,Star Wars,82.0,9.99,0.12182926829268292
Anakin's Jedi Starfighter,Star Wars,153.0,19.99,0.13065359477124183
Hailfire Droid & Spider Droid,Star Wars,249.0,19.99,0.08028112449799196
AT-AP Walker,Star Wars,392.0,39.99,0.10201530612244898
Rogue Shadow,Star Wars,482.0,49.99,0.10371369294605809
Magna Guard Starfighter,Star Wars,431.0,44.99,0.10438515081206497
V-19 Torrent,Star Wars,471.0,54.99,0.1167515923566879
AT-TE Walker,Star Wars,798.0,89.99,0.11276942355889724
Republic Attack Gunship,Star Wars,1034.0,119.99,0.11604448742746615
Droid Gunship,Star Wars,329.0,29.99,0.09115501519756838
Republic Fighter Tank,Star Wars,592.0,49.99,0.08444256756756757
The Twilight,Star Wars,882.0,99.99,0.11336734693877551
Separatist Spider Droid,Star Wars,206.0,29.99,0.14558252427184465
Police Pontoon Plane,City,215.0,39.99,0.186
City Advent Calendar,City,196.0,29.99,0.15301020408163266
Coast Guard Truck with Speed Boat,City,361.0,39.99,0.11077562326869807
Jet Pack,Space,25.0,,
Alien Flyer,Space,21.0,,
Mail Van,City,66.0,7.99,0.12106060606060606
Air Mail,City,88.0,14.99,0.1703409090909091
Truck & Forklift,City,343.0,24.99,0.07285714285714286
Cargo Plane,City,463.0,49.99,0.10796976241900648
Coast Guard Quad Bike,City,33.0,4.99,0.15121212121212121
Coast Guard 4WD & Jet Scooter,City,130.0,9.99,0.07684615384615384
Coast Guard Helicopter & Life Raft,City,445.0,39.99,0.08986516853932584
Coast Guard Patrol Boat & Tower,City,444.0,59.99,0.13511261261261262
Police Helicopter,City,94.0,9.99,0.10627659574468086
Police Truck,City,524.0,44.99,0.0858587786259542
Police Headquarters,City,953.0,89.99,0.09442812172088143
House,Creator,56.0,,
Bi-Plane,Creator,37.0,,
Stegosaurus,Creator,47.0,,
Cargo Copter,Creator,40.0,,
Batman's Buggy: The Escape of Mr. Freeze,Batman,76.0,9.99,0.13144736842105265
Robin's Scuba Jet: Attack of The Penguin,Batman,207.0,19.99,0.09657004830917873
The Batcycle: Harley Quinn's Hammer Truck,Batman,267.0,29.99,0.11232209737827714
The Tumbler: Joker's Ice Cream Surprise,Batman,449.0,49.99,0.11133630289532294
Castle Advent Calendar,Castle,176.0,,
TIE Fighter,Star Wars,44.0,,
Mini Snowspeeder,Star Wars,66.0,,
V-19 Torrent,Star Wars,66.0,3.99,0.060454545454545455
River Dragon,Exo-Force,112.0,7.99,0.07133928571428572
Arachnoid Stalker,Exo-Force,131.0,7.99,0.06099236641221374
Assault Tiger,Exo-Force,163.0,14.99,0.09196319018404908
Chameleon Hunter,Exo-Force,188.0,14.99,0.07973404255319148
Dark Panther,Exo-Force,244.0,14.99,0.0614344262295082
Storm Lasher,Exo-Force,283.0,19.99,0.07063604240282685
Hybrid Rescue Tank,Exo-Force,347.0,29.99,0.0864265129682997
EZ-Roadster,Racers,45.0,4.99,0.1108888888888889
Midnight Streak,Racers,43.0,4.99,0.11604651162790698
ZX Turbo,Racers,55.0,4.99,0.09072727272727273
Adrift Sport,Racers,52.0,4.99,0.09596153846153846
Speed Chasing,Racers,142.0,12.99,0.09147887323943663
Ferrari F1 Truck,Racers,270.0,19.99,0.07403703703703703
Brick Street Customs,Racers,1021.0,69.99,0.06855044074436827
Ferrari F1 Pit,Racers,482.0,39.99,0.08296680497925311
Ferrari FXX 1:17,Racers,626.0,49.99,0.07985623003194889
Ferrari F1 1:9,Racers,997.0,89.99,0.09026078234704112
Speed Racer & Snake Oiler,Racers,242.0,19.99,0.08260330578512395
Racer X & Taejo Togokhan,Racers,237.0,19.99,0.08434599156118143
Cruncher Block & Racer X,Racers,367.0,39.99,0.10896457765667575
Grand Prix Race,Racers,595.0,59.99,0.10082352941176471
Mini Forklift,Technic,89.0,7.99,0.0897752808988764
Dirt Bike,Technic,248.0,24.99,0.10076612903225805
Cherry Picker,Technic,726.0,59.99,0.08263085399449036
LEGO® Power Functions Motor Set,Power Functions,10.0,29.99,2.9989999999999997
Excavator,Technic,720.0,59.99,0.08331944444444445
Telescopic Handler,Technic,1182.0,89.99,0.0761336717428088
Dune Buggy,Technic,199.0,19.99,0.10045226130653266
Off-Roader,Technic,1097.0,119.99,0.10938012762078395
Desert Hopper,Racers,92.0,9.99,0.10858695652173914
Ram Rod,Racers,72.0,9.99,0.13875
Mud Hopper,Racers,59.0,9.99,0.16932203389830508
Red Ace,Racers,82.0,9.99,0.12182926829268292
Ring of Fire,Racers,268.0,29.99,0.11190298507462686
Crosstown Craze,Racers,503.0,39.99,0.07950298210735587
Desert Hammer,Racers,510.0,49.99,0.09801960784313726
Gold Hunt,Agents,352.0,29.99,0.08519886363636363
Jetpack Pursuit,Agents,88.0,9.99,0.11352272727272728
Swamp Raid,Agents,231.0,19.99,0.08653679653679654
Speedboat Rescue,Agents,340.0,39.99,0.11761764705882354
Turbocar Chase,Agents,498.0,49.99,0.10038152610441768
Mobile Command Center,Agents,1154.0,89.99,0.07798093587521664
Deep Sea Quest,Agents,520.0,49.99,0.09613461538461539
Volcano Base,Agents,718.0,69.99,0.09747910863509748
Toa Kopaka,Bionicle,54.0,12.99,0.24055555555555555
Toa Lewa,Bionicle,52.0,12.99,0.24980769230769231
Toa Pohatu,Bionicle,68.0,12.99,0.1910294117647059
Toa Gali,Bionicle,60.0,12.99,0.2165
Toa Tahu,Bionicle,73.0,12.99,0.17794520547945206
Toa Onua,Bionicle,62.0,12.99,0.20951612903225808
Antroz,Bionicle,53.0,12.99,0.24509433962264152
Vamprah,Bionicle,49.0,12.99,0.26510204081632655
Chirox,Bionicle,49.0,12.99,0.26510204081632655
Krika,Bionicle,40.0,12.99,0.32475
Gorast,Bionicle,51.0,12.99,0.25470588235294117
Bitil,Bionicle,54.0,12.99,0.24055555555555555
Toa Ignika,Bionicle,140.0,19.99,0.14278571428571427
Vultraz,Bionicle,133.0,19.99,0.15030075187969924
Takanuva,Bionicle,267.0,29.99,0.11232209737827714
Battery Box,Power Functions,1.0,6.99,6.99
XL-Motor,Power Functions,1.0,9.99,9.99
M-Motor,Power Functions,1.0,7.49,7.49
IR Receiver,Power Functions,1.0,14.99,14.99
IR Remote Control,Power Functions,1.0,9.49,9.49
Extension Cable (20cm),Power Functions,1.0,2.99,2.99
Rockoh T3,Bionicle,390.0,39.99,0.10253846153846154
Jetrax T6,Bionicle,422.0,49.99,0.11845971563981043
Jetrax T6,Bionicle,422.0,49.99,0.11845971563981043
Axalara T9,Bionicle,693.0,79.99,0.11542568542568542
Tanma,Bionicle,14.0,6.99,0.4992857142857143
Solek,Bionicle,14.0,6.99,0.4992857142857143
Photok,Bionicle,14.0,6.99,0.4992857142857143
Radiak,Bionicle,16.0,6.99,0.436875
Gavla,Bionicle,14.0,6.99,0.4992857142857143
Kirop,Bionicle,14.0,6.99,0.4992857142857143
Mutran and Vican,Bionicle,90.0,14.99,0.16655555555555557
Makuta Icarax,Bionicle,159.0,19.99,0.12572327044025156
Mazeka,Bionicle,301.0,29.99,0.09963455149501661
Tubes Experiment Set,Education,147.0,,
Tech Machines Set,Education,111.0,,
Dolls Family Set,Education,87.0,,
Letters Set,Education,156.0,,
Numbers and Mosaics Set,Education,352.0,,
Power Add-On Set,Education,3.0,,
Pneumatics Add-On Set,Education,31.0,,
Education Resource Set,Education,672.0,,
Early Simple Machines Set,Education,102.0,174.95,1.7151960784313725
Climate Connections Challenge Kit,Education,778.0,,
Vernier NXT Sensor Adaptor,Education,1.0,,
Town Plan,Advanced models,1981.0,149.99,0.07571428571428572
Green Grocer,Advanced models,2352.0,149.99,0.06377125850340136
General Grievous,Star Wars,1085.0,89.99,0.08294009216589861
Volkswagen Beetle,Advanced models,1626.0,119.99,0.07379458794587945
Death Star,Star Wars,3803.0,399.99,0.10517749145411517
Taj Mahal,Advanced models,5922.0,299.99,0.05065687267814928
Star Justice,Factory,895.0,99.99,0.11172067039106144
Space Skulls,Factory,956.0,99.99,0.10459205020920502
Custom Car Garage,Factory,893.0,69.99,0.07837625979843224
Sears Tower,Architecture,68.0,,
John Hancock Center,Architecture,69.0,,
Batbot,Creator,103.0,,
4x4 Fire Truck,City,56.0,,
Dinosaur,Creator,102.0,,
Jeep,Indiana Jones,83.0,,
Winged Rahi,Bionicle,38.0,,
Clone Turbo Tank,Star Wars,64.0,,
Sears Tower,Architecture,69.0,19.99,0.2897101449275362
John Hancock Center,Architecture,69.0,19.99,0.2897101449275362
City Fire Value Pack,City,595.0,,
Build & Play Value Pack,Duplo,145.0,,
Build & Play Value Pack,Bricks and More,1021.0,,
City Police Super Pack,City,650.0,,
Bonus/Value Pack,City,343.0,,
City Emergency Services Value Pack,City,1030.0,,
Bonus/Value Pack,City,825.0,,
City Police Super Pack 4-in-1,City,1134.0,,
Bonus/Value Pack,City,821.0,,
Bonus/Value Pack,City,1024.0,,
Bonus/Value Pack,Duplo,70.0,,
Bonus/Value Pack,Duplo,42.0,,
Bonus/Value Pack,Duplo,135.0,,
Bonus/Value Pack,City,177.0,,
Bonus/Value Pack,Bionicle,100.0,,
Bonus/Value Pack,Bionicle,124.0,,
Bonus/Value Pack,Bionicle,116.0,,
Bonus/Value Pack,City,192.0,,
Bonus/Value Pack,Racers,143.0,,
Bonus/Value Pack,City,1077.0,,
Bonus/Value Pack,Bricks and More,689.0,,
Bonus/Value Pack,Technic,720.0,,
City Super Pack 3 in 1,City,608.0,,
City Super Pack 6 in 1,City,367.0,,
City Super Pack 5 in 1,City,984.0,,
Bonus/Value Pack,Duplo,64.0,,
Classic Qlever Rollerball Pen,Gear,,,
Classic Ballpen with Lanyard,Gear,,,
Duplo Bedding Green - Baby,Gear,,,
Duplo Fitted Sheet Green - Baby,Gear,,,
Duplo Bedding Green - Junior,Gear,,,
Duplo Fitted Sheet Green - Junior,Gear,,,
Duplo Bedding Pink - Baby,Gear,,,
Duplo Fitted Sheet Pink - Baby,Gear,,,
Duplo Bedding Pink - Junior,Gear,,,
Duplo Fitted Sheet Pink - Junior,Gear,,,
LEGO Bedding Blue - Adult,Gear,,,
Darth Vader,Gear,,4.99,
Darth Vader,Gear,,,
Stormtrooper,Gear,,,
R2-D2 ,Gear,,,
R2-D2 ,Gear,,,
Chewbacca,Gear,,,
Police Officer Key Chain,Gear,,4.99,
Boba Fett,Gear,,4.99,
Boba Fett,Gear,,,
Indiana Jones Key Chain,Gear,,4.99,
Professor Henry Jones Key Chain,Gear,,4.99,
Indiana Jones Guard Key Chain,Gear,,4.99,
Jewellery Box with Sound Fairy,Gear,,,
Phantoka Spheres Shooter,Gear,,19.99,
Phantoka T-shirt,Gear,,,
Cat keychain,Gear,,,
Dwarf Key Chain,Gear,,4.99,
Dwarf Foam Axe,Gear,,,
Police Officer Minifigure T-shirt,Gear,,,
Firefighter Backpack,Gear,,19.99,
1x1 Salt & Pepper Shaker,Gear,,4.99,
Easter Magnet Set,Gear,,,
Plush Bunny with Duplo Bricks,Gear,,,
LEGO Retro T-shirt,Gear,,,
Castle Coin Bank,Gear,,14.99,
Mrs. Puff Key Chain,Gear,,3.99,
SpongeBob Spacesuit Key Chain,Gear,,3.99,
Sandy Key Chain,Gear,,4.99,
SpongeBob Space Magnet Set,Gear,,,
LEGO Star Wars Stormtrooper Army T-shirt,Gear,,,
Landspeeder Bag Charm,Gear,,4.99,
Slave I Bag Charm,Gear,,4.99,
Jedi Starfighter Bag Charm,Gear,,4.99,
LEGOLAND Olli Keychain,Gear,,,
Fairy Coin Purse,Gear,,4.99,
Knights Battle Pack,Castle,35.0,14.99,0.42828571428571427
Skeletons Battle Pack,Castle,43.0,14.99,0.3486046511627907
Pink Brick Key Chain,Gear,,4.99,
Light Blue Brick Key Chain,Gear,,4.99,
Phantoka Sphere Shooter Accessory Pack,Gear,,7.99,
Fashion Picture Frame,Gear,,,
Fashion Diary Stationery Set,Gear,,14.99,
Stationery Activity Set,Gear,,,
Castle Giant Chess Set,Gear,,199.99,
Dwarf Helmet EVA,Gear,,,
Gadget Pen,Gear,,,
Agents ID Card with Lanyard ,Gear,,,
Light Up Brick Key Chain,Gear,,4.99,
Cap Batman 2008,Gear,,,
Batman (Grey Suit) Key Chain,Gear,,3.99,
Harley Quinn Keychain,Gear,,3.99,
T-shirt Batman,Gear,,,
Phantoka Backpack,Gear,,24.99,
Phantoka Alu Drinking Bottle,Gear,,9.99,
Phantoka Wallet,Gear,,9.99,
Lanyard LEGO Classic,Gear,,7.99,
Vintage Minifigure Collection Vol. 1,Miscellaneous,21.0,17.99,0.8566666666666666
Key Chain Name Programme,Gear,,9.99,
LEGO Classic Notebook,Gear,,7.99,
Mechanical Pencil & Pen Set,Gear,,2.99,
Play Rug,Gear,,19.99,
Minifigure Ice Lollipop Mould,Gear,,12.99,
LEGO Star Wars T-shirt 2008 Yoda,Gear,,,
Shock Trooper,Gear,,4.99,
Rebel Trooper,Gear,,4.99,
Shadow Trooper,Gear,,4.99,
Anakin Skywalker,Gear,,4.99,
Obi-Wan,Gear,,4.99,
Plo Koon,Gear,,4.99,
Ahsoka,Gear,,4.99,
Asajj Ventress,Gear,,4.99,
Commander Cody,Gear,,4.99,
Captain Rex,Gear,,4.99,
Sword Hero,Gear,,9.99,
Writing Pad,Gear,,,
Twinpocket Portfolio,Gear,,1.99,
Report Cover,Gear,,,
Gold Brick Key Chain,Gear,,4.99,
Note Block,Gear,,7.99,
LEGO Brick Paper Clips,Gear,,2.99,
Photo Album,Gear,,9.99,
Magnetic Photo Frames,Gear,,7.99,
Gift Tag Stickers,Gear,,1.49,
Wrapping Paper,Gear,,2.99,
Magnet Set Small (4x4),Gear,,,
Magnet Set Medium (4x4),Gear,,9.99,
Magnet Set Large (4x4),Gear,,19.99,
Ice Brick Tray - Blue,Gear,,7.99,
Lunchbox Pink,Gear,,,
LEGO Brick Eraser Set,Gear,,,
Lunchbox Red,Gear,,,
Lunchbox Yellow,Gear,,,
Lunchbox Green,Gear,,,
Duck,Serious Play,6.0,,
LEGO Pirates T-Shirt,Gear,,14.99,
Small Knight Shield,Gear,,,
Racer Key Chain,Gear,,,
Castle photo frame,Gear,,,
Troll Warriors Battle Pack,Castle,36.0,,
50 Year Anniversary Promotional Set,Promotional,6.0,,
Dinosaur,Creator,49.0,,
Batman T-Shirt,Gear,,,
{Baseball Player},Promotional,58.0,,
BrickJournal Issue 1,Books,,,
BrickJournal Issue 2,Books,,,
BrickJournal Issue 3,Books,,,
BrickJournal Issue 4,Books,,,
BrickJournal Compendium 1,Books,,,
LEGO Star Wars Clock,Gear,,29.99,
{Cactus},Promotional,58.0,,
Clone Wars (SDCC 2008 exclusive),Star Wars,351.0,,
BrickMaster (SDCC 2008 exclusive),Indiana Jones,83.0,,
Batman And Joker (SDCC 2008 exclusive),Batman,9.0,,
{Space Shuttle},Promotional,65.0,,
The LEGO Mindstorms NXT Zoo!,Books,,,
LEGO MINDSTORMS NXT One-Kit Wonders,Books,,,
50 Years of the LEGO Brick,Books,,,
LEGO Collector 1st Edition,Books,,,
LEGO Collector 1st Edition Premium Edition,Books,,,
Duplo 3-Piece Bedding Set Green - Baby,Gear,,,
Duplo 3-Piece Bedding Set Green - Junior,Gear,,,
Duplo 3-Piece Bedding Set Pink - Baby,Gear,,,
Duplo 3-Piece Bedding Set Pink - Junior,Gear,,,
{Liberty Bell},Promotional,66.0,,
LEGO BrickMaster Sample Magazine,Gear,,8.99,
LEGO Batman: The Videogame,Gear,,,
LEGO Batman: The Videogame,Gear,,,
LEGO Batman: The Videogame,Gear,,,
LEGO Batman: The Videogame,Gear,,,
LEGO Batman: The Videogame,Gear,,,
LEGO Batman: The Videogame,Gear,,,
LEGO Batman: The Videogame,Gear,,,
LEGO Indiana Jones: The Original Adventures,Gear,,29.99,
LEGO Indiana Jones: The Original Adventures,Gear,,29.99,
LEGO Indiana Jones: The Original Adventures,Gear,,39.99,
LEGO Indiana Jones: The Original Adventures,Gear,,49.99,
LEGO Indiana Jones: The Original Adventures,Gear,,39.99,
LEGO Indiana Jones: The Original Adventures,Gear,,49.99,
LEGO Indiana Jones: The Original Adventures,Gear,,49.99,
Snowman,Promotional,,,
RF ID Sensor,Mindstorms,3.0,,
Keyfob Transponder,Mindstorms,10.0,,
SpongeBob Pen Set,Gear,,9.99,
Han Solo / Indiana Jones Transformation ,Promotional,64.0,,
Ramboll Oil Platform,Promotional,216.0,,
Steam Engine,Promotional,78.0,,
Stars Wars Action Lineup T-Shirt,Gear,,14.99,
Lego Batman Roof Top T-shirt,Gear,,14.99,
LEGO Club Lime Green T-shirt,Gear,,14.99,
Heart,Miscellaneous,92.0,,
Knights' Kingdom Board Game,Games,,,
Bob's Workshop,Duplo,14.0,14.99,1.0707142857142857
Scoop at Bobland Bay,Duplo,28.0,19.99,0.7139285714285714
Muck Can Do It,Duplo,39.0,29.99,0.768974358974359
Lofty and Dizzy Hard At Work,Duplo,51.0,39.99,0.7841176470588236
Krusty Krab Adventures,SpongeBob SquarePants,209.0,24.99,0.11956937799043062
Good Neighbours at Bikini Bottom,SpongeBob SquarePants,425.0,39.99,0.09409411764705883
Robo Champ,Games,118.0,4.99,0.04228813559322034
Magikus ,Games,108.0,9.99,0.0925
Monster 4,Games,141.0,14.99,0.10631205673758866
Lava Dragon ,Games,131.0,14.99,0.11442748091603054
Race 3000,Games,166.0,9.99,0.060180722891566264
Pirate Code,Games,268.0,9.99,0.03727611940298507
Minotaurus,Games,211.0,24.99,0.11843601895734597
Lunar Command ,Games,271.0,,
Ramses Pyramid ,Games,217.0,29.99,0.13820276497695852
Creationary ,Games,338.0,34.99,0.1035207100591716
Tractor,City,28.0,,
Fun With Duplo Bricks,Duplo,90.0,29.99,0.3332222222222222
Fun With LEGO Bricks,Bricks and More,700.0,29.99,0.04284285714285714
Duplo Farm Building Set,Duplo,102.0,39.99,0.3920588235294118
Ultimate LEGO Vehicle Building Set,Bricks and More,675.0,44.99,0.06665185185185185
Duplo Creative Bucket,Duplo,76.0,29.99,0.39460526315789474
Creative Bucket,Bricks and More,480.0,29.99,0.06247916666666666
Stanley at Great Waterton,Duplo,19.0,19.99,1.0521052631578947
Thomas at Morgan's Mine,Duplo,22.0,29.99,1.363181818181818
James Celebrates Sodor Day,Duplo,34.0,29.99,0.8820588235294117
Large Pink Brick Box,Bricks and More,402.0,29.99,0.07460199004975124
Build & Play (Red tub),Bricks and More,639.0,,
Duplo Basic Bricks with Fun Figures,Duplo,50.0,,
Basic Bricks with Fun Figures,Bricks and More,390.0,19.99,0.05125641025641025
Duplo Giant Box,Duplo,201.0,,
LEGO Giant Box,Bricks and More,1600.0,,
My First Plane,Duplo,8.0,14.99,1.87375
Cargo Plane,Duplo,28.0,49.99,1.7853571428571429
Airport,Duplo,59.0,89.99,1.5252542372881355
Animal Care,Duplo,4.0,7.99,1.9975
Polar Zoo,Duplo,32.0,29.99,0.9371875
Feeding Zoo,Duplo,53.0,49.99,0.9432075471698114
Big City Zoo,Duplo,125.0,89.99,0.71992
Bus,Duplo,14.0,24.99,1.785
Garbage Truck,Duplo,12.0,16.99,1.4158333333333333
Postman,Duplo,9.0,9.99,1.11
Family House,Duplo,71.0,69.99,0.9857746478873238
Petrol Station,Duplo,24.0,24.99,1.04125
Busy Garage,Duplo,51.0,49.99,0.9801960784313726
Tipper Truck,City,27.0,,
Squidman Escape,Space,42.0,5.99,0.14261904761904762
Freeze Ray Frenzy,Space,80.0,9.99,0.124875
Gold Heist,Space,205.0,19.99,0.09751219512195121
Container Heist,Space,282.0,29.99,0.10634751773049644
Hyperspeed Pursuit,Space,456.0,49.99,0.10962719298245614
Galactic Enforcer,Space,825.0,99.99,0.12119999999999999
Max Security Transport,Space,330.0,39.99,0.12118181818181818
Squidman's Pitstop,Space,389.0,49.99,0.1285089974293059
Fire Fighter Building Set,Bricks and More,117.0,9.99,0.08538461538461539
Pirate Building Set,Bricks and More,150.0,9.99,0.0666
Castle Building Set,Bricks and More,137.0,9.99,0.07291970802919708
My LEGO Town,Bricks and More,516.0,29.99,0.05812015503875969
Cannon Battle,Pirates,45.0,5.99,0.13311111111111112
Kraken Attackin',Pirates,78.0,9.99,0.1280769230769231
Loot Island,Pirates,142.0,19.99,0.14077464788732394
Soldiers' Fort,Pirates,367.0,49.99,0.13621253405994552
Brickbeard's Bounty,Pirates,592.0,99.99,0.16890202702702703
Shipwreck Hideout,Pirates,310.0,39.99,0.129
Pirates Advent Calendar,Pirates,148.0,,
Mini Jet,Creator,63.0,5.99,0.09507936507936508
Mini Off-Roader,Creator,64.0,5.99,0.09359375
Street Speeder,Creator,165.0,12.99,0.07872727272727273
Propeller Power,Creator,247.0,19.99,0.08093117408906882
Race Rider,Creator,266.0,19.99,0.07515037593984962
Fiery Legend,Creator,479.0,39.99,0.08348643006263048
Fire Rescue,Creator,771.0,59.99,0.07780804150453956
Highway Transport,Creator,1294.0,89.99,0.06954404945904173
Family Home,Creator,976.0,59.99,0.061465163934426234
King's Battle Chariot,Castle,103.0,19.99,0.19407766990291261
Drawbridge Defense,Castle,335.0,39.99,0.11937313432835822
Trolls' Mountain Fortress,Castle,844.0,99.99,0.11847156398104265
Ambush In Cairo,Indiana Jones,79.0,10.99,0.13911392405063291
Chauchilla Cemetery Battle,Indiana Jones,187.0,19.99,0.10689839572192512
Venice Canal Chase,Indiana Jones,420.0,39.99,0.09521428571428572
Fighter Plane Attack,Indiana Jones,384.0,49.99,0.13018229166666667
The Temple of Doom,Indiana Jones,652.0,89.99,0.13802147239263804
Elephant Bucket,Duplo,49.0,,
Basic Blue Bucket,Bricks and More,465.0,,
Basic Red Bucket,Bricks and More,427.0,,
Fun Zoo,Duplo,115.0,,
Front-End Loader,City,108.0,12.99,0.12027777777777778
Dump Truck,City,189.0,19.99,0.10576719576719576
Crawler Crane,City,481.0,59.99,0.12471933471933472
Construction Site,City,898.0,99.99,0.11134743875278395
Tractor,City,78.0,12.99,0.16653846153846155
4WD with Horse Trailer,City,176.0,17.48,0.09931818181818182
Combine Harvester,City,360.0,44.99,0.12497222222222223
Farm,City,609.0,89.99,0.14776683087027914
Tow Truck,City,129.0,12.99,0.10069767441860465
Camper,City,165.0,16.99,0.10296969696969696
City Corner,City,483.0,59.99,0.12420289855072464
Garage,City,953.0,99.99,0.10492130115424973
Air-Show Plane,City,115.0,,
Shanghai Chase,Indiana Jones,244.0,29.99,0.12290983606557376
Fight on the Flying Wing,Indiana Jones,376.0,49.99,0.13295212765957448
Dozer,City,352.0,39.99,0.11360795454545455
Helicopter Transporter,City,377.0,39.99,0.10607427055702918
City Advent Calendar,City,257.0,29.99,0.11669260700389104
Single-Drum Roller,City,208.0,29.99,0.1441826923076923
Wind Turbine Transport,City,444.0,59.99,0.13511261261261262
Corporate Alliance Tank Droid,Star Wars,216.0,24.99,0.11569444444444443
Echo Base,Star Wars,155.0,24.99,0.16122580645161289
Ahsoka's Starfighter and Vulture Droid,Star Wars,291.0,39.99,0.13742268041237113
Count Dooku's Solar Sailer,Star Wars,385.0,54.99,0.14283116883116884
Pirate Tank,Star Wars,372.0,39.99,0.10750000000000001
Home One Mon Calamari Star Cruiser,Star Wars,789.0,109.99,0.139404309252218
Midi-scale Millennium Falcon,Star Wars,356.0,39.99,0.11233146067415731
Off Road Racer,Racers,28.0,,
Rally Racer,Racers,42.0,,
Le Mans Racer,Racers,29.0,,
Jeep,Creator,38.0,,
Lizard,Creator,33.0,,
Shark,Creator,44.0,,
Truck,Creator,,,
Airliner,Creator,,,
Yellow Airplane,Creator,34.0,,
Clone Walker Battle Pack,Star Wars,72.0,11.99,0.16652777777777777
Assassin Droids Battle Pack,Star Wars,94.0,11.99,0.1275531914893617
Hyena Droid Bomber,Star Wars,232.0,19.99,0.08616379310344827
Darth Vader's TIE Fighter,Star Wars,251.0,29.99,0.1194820717131474
Armored Assault Tank (AAT),Star Wars,407.0,49.99,0.12282555282555283
Republic Attack Shuttle,Star Wars,636.0,59.99,0.09432389937106919
General Grievous' Starfighter,Star Wars,44.0,,
Separatist Shuttle,Star Wars,259.0,29.99,0.11579150579150578
Anakin's Y-wing Starfighter,Star Wars,570.0,59.99,0.10524561403508773
The Battle of Endor,Star Wars,890.0,99.99,0.11234831460674156
Venator-Class Republic Attack Cruiser,Star Wars,1170.0,119.99,0.10255555555555555
Tractor with Trailer,Technic,1100.0,99.99,0.0909
Thunder Racer,Racers,48.0,4.99,0.10395833333333333
Rally Sprinter,Racers,47.0,4.99,0.10617021276595745
Track Marshall,Racers,48.0,4.99,0.10395833333333333
Desert Viper,Racers,41.0,4.99,0.12170731707317074
Ferrari F1 Racers,Racers,139.0,14.99,0.10784172661870504
Ice Rally,Racers,170.0,14.99,0.0881764705882353
Thunder Raceway,Racers,160.0,14.99,0.0936875
Desert Challenge,Racers,144.0,14.99,0.10409722222222223
Race Rig,Racers,104.0,12.99,0.12490384615384616
Blue Sprinter,Racers,110.0,12.99,0.1180909090909091
Extreme Wheelie,Racers,87.0,12.99,0.1493103448275862
Monster Jumper,Racers,91.0,12.99,0.14274725274725275
Wing Jumper,Racers,203.0,19.99,0.09847290640394088
Jump Riders,Racers,209.0,19.99,0.09564593301435406
Ferrari Victory,Racers,202.0,19.99,0.09896039603960395
Lamborghini Gallardo LP 560-4,Racers,741.0,59.99,0.08095816464237517
Monster Crushers,Racers,388.0,39.99,0.10306701030927835
Track Turbo RC,Racers,92.0,39.99,0.4346739130434783
Twin X-treme RC,Racers,239.0,,
Ferrari Truck,Racers,534.0,79.99,0.1497940074906367
Street Extreme,Racers,757.0,69.99,0.0924570673712021
Go-Kart,Technic,144.0,14.99,0.10409722222222223
Crane Truck,Technic,1877.0,149.99,0.07990942994139585
Mini Bulldozer,Technic,165.0,9.99,0.06054545454545455
Tractor,Technic,104.0,9.99,0.09605769230769232
Rally Truck,Technic,198.0,24.99,0.1262121212121212
Quad-Bike,Technic,308.0,39.99,0.12983766233766234
Snow Groomer,Technic,590.0,49.99,0.08472881355932203
Hauler,Technic,575.0,69.99,0.12172173913043477
Front Loader,Technic,1061.0,79.99,0.07539114043355324
Soldier's Arsenal,Pirates,17.0,3.49,0.20529411764705885
Pirate Survival,Pirates,16.0,3.49,0.218125
BBQ Stand,City,22.0,3.49,0.15863636363636366
K-9 Bot,Space,22.0,3.49,0.15863636363636366
Space Speeder,Space,14.0,3.49,0.2492857142857143
City Minifigure Collection,City,60.0,9.99,0.1665
Sports Car,City,68.0,9.99,0.14691176470588235
Mindstorms NXT 2.0,Mindstorms,619.0,279.99,0.45232633279483037
Boulder Blaster,Power Miners,293.0,26.99,0.09211604095563139
Cave Crusher,Power Miners,259.0,49.99,0.19301158301158303
Underground Mining Station,Power Miners,637.0,79.99,0.12557299843014127
Train Motor,Power Functions,7.0,10.99,1.57
Flexible Train Tracks,City,64.0,24.99,0.39046875
Polarity Switch,Power Functions,1.0,5.79,5.79
Light Set,Power Functions,1.0,6.49,6.49
Extension Cable (50cm),Power Functions,1.0,3.99,3.99
Rechargeable Battery Box,Power Functions,1.0,49.99,49.99
IR Speed Remote Control,Power Functions,1.0,12.99,12.99
Transformer 10V DC,Power Functions,1.0,29.99,29.99
Rock Hacker,Power Miners,29.0,,
Monster Launcher,Power Miners,13.0,,
Stone Chopper,Power Miners,31.0,5.99,0.1932258064516129
Mine Mech,Power Miners,67.0,7.99,0.11925373134328358
Granite Grinder,Power Miners,94.0,9.99,0.10627659574468086
Claw Digger,Power Miners,197.0,19.99,0.1014720812182741
Thunder Driller,Power Miners,235.0,29.99,0.12761702127659574
Crystal Sweeper,Power Miners,474.0,69.99,0.14765822784810126
Crystal King,Power Miners,168.0,19.99,0.11898809523809523
Rock Wrecker,Power Miners,225.0,34.99,0.15551111111111113
Titanium Command Rig,Power Miners,706.0,99.99,0.14162889518413596
Gold Tooth's Getaway,Agents,68.0,9.99,0.14691176470588235
River Heist,Agents,203.0,19.99,0.09847290640394088
4-Wheeling Pursuit,Agents,320.0,29.99,0.09371874999999999
Robo Attack,Agents,414.0,49.99,0.12074879227053141
Aerial Defense Unit,Agents,733.0,79.99,0.10912687585266029
Atakus,Bionicle,13.0,6.99,0.5376923076923077
Raanu,Bionicle,14.0,6.99,0.4992857142857143
Tarduk,Bionicle,17.0,6.99,0.4111764705882353
Berix,Bionicle,15.0,6.99,0.466
Metus,Bionicle,14.0,6.99,0.4992857142857143
Zesk,Bionicle,16.0,6.99,0.436875
Skrall,Bionicle,50.0,12.99,0.25980000000000003
Malum,Bionicle,59.0,12.99,0.22016949152542373
Gresh,Bionicle,55.0,12.99,0.2361818181818182
Tarix,Bionicle,57.0,12.99,0.22789473684210526
Strakk,Bionicle,46.0,12.99,0.2823913043478261
Vorox,Bionicle,51.0,12.99,0.25470588235294117
Stronius,Bionicle,55.0,12.99,0.2361818181818182
Ackar,Bionicle,55.0,12.99,0.2361818181818182
Vastus,Bionicle,52.0,12.99,0.24980769230769231
Kiina,Bionicle,43.0,12.99,0.30209302325581394
Gelu,Bionicle,52.0,12.99,0.24980769230769231
Mata Nui,Bionicle,52.0,12.99,0.24980769230769231
Fero and Skirmix,Bionicle,148.0,19.99,0.13506756756756755
Tuma,Bionicle,188.0,19.99,0.10632978723404254
Cendox V1,Bionicle,151.0,19.99,0.1323841059602649
Kaxium V3,Bionicle,251.0,29.99,0.1194820717131474
Baranus V7,Bionicle,263.0,39.99,0.1520532319391635
Thornatus V9,Bionicle,438.0,59.99,0.1369634703196347
Skopio XV-1,Bionicle,849.0,89.99,0.10599528857479387
Toa Mata Nui,Bionicle,366.0,49.99,0.13658469945355192
Brick Runner Set,Education,132.0,,
Duplo Special Elements Set,Education,109.0,,
Small Building Plates,Education,15.0,,
WeDo Construction Set,Education,158.0,,
LEGO USB Hub,Education,1.0,,
Motion Sensor,Education,1.0,,
Tilt Sensor,Education,1.0,,
Simple & Powered Machines Set,Education,396.0,199.95,0.5049242424242424
Unknown,Education,172.0,,
Smart Move Challenge Kit,Education,1309.0,,
NXT Temperature Sensor,Mindstorms,1.0,,
Upgrade Kit for 9654,Education,7.0,,
Medieval Market Village,Castle,1601.0,99.99,0.06245471580262336
Emerald Night,Advanced models,1085.0,99.99,0.09215668202764976
Republic Dropship with AT-OT Walker,Star Wars,1758.0,249.99,0.1422013651877133
Grand Carousel,Advanced models,3263.0,249.99,0.07661354581673308
Fire Brigade,Advanced models,2231.0,149.99,0.06722994173016585
Tantive IV,Star Wars,1408.0,149.99,0.10652698863636365
Winter Village Toy Shop,Advanced models,815.0,59.99,0.07360736196319019
Intelligent NXT Brick (Black),Mindstorms,1.0,169.99,169.99
Republic Attack Cruiser,Star Wars,84.0,,
Tow Truck,Creator,79.0,,
AT-TE Walker,Star Wars,94.0,,
Republic Gunship,Star Wars,94.0,,
Refuse Truck,Creator,74.0,,
Click,Bionicle,33.0,,
Empire State Building,Architecture,77.0,19.99,0.25961038961038957
Seattle Space Needle,Architecture,57.0,19.99,0.3507017543859649
Solomon Guggenheim Museum,Architecture,208.0,39.99,0.1922596153846154
Fallingwater,Architecture,811.0,99.99,0.12329223181257706
Medic's Car,City,30.0,,
Fireman's Car,City,39.0,,
Police Boat,City,30.0,,
Road Roller,City,31.0,,
Battle Droid on STAP,Star Wars,28.0,,
Imperial Speeder Bike,Star Wars,33.0,,
Clone Walker,Star Wars,31.0,,
Snowman,Creator,44.0,,
Christmas Tree,Creator,47.0,,
Cool Santa Set,Seasonal,152.0,9.99,0.06572368421052632
Santa Claus,Seasonal,42.0,4.99,0.11880952380952381
Xmas Tree,Seasonal,61.0,4.99,0.08180327868852459
Snowman,Seasonal,44.0,4.99,0.11340909090909092
Bonus/Value Pack,Duplo,,,
LEGO Build and Play Value Pack,Bricks and More,1021.0,,
City Police Super Pack 3 in 1,City,650.0,,
City Super Pack 3 in 1,City,246.0,,
3 in 1 Superpack,Star Wars,414.0,,
Bonus/Value Pack,Pirates,123.0,,
Super Pack 4 in 1,Technic,984.0,,
Power Miners Super Pack 3 in 1,Power Miners,928.0,,
Zoo Super Pack,Duplo,95.0,,
Bonus/Value Pack,Duplo,125.0,,
City Super Pack 4 in 1,City,1267.0,,
City Super Pack 4 in 1,City,501.0,,
City Super Pack 3 in 1,City,284.0,,
City Super Pack 3 in 1,City,1219.0,,
Bonus/Value Pack,Bionicle,107.0,,
Bonus/Value Pack,Bionicle,95.0,,
Bonus/Value Pack,Bionicle,107.0,,
Bonus/Value Pack,Bricks and More,516.0,,
Bonus/Value Pack,Creator,570.0,,
Pirate Playing Cards,Gear,,4.99,
SW Darth Vader T-shirt,Gear,,,
Belville Lunch Box,Gear,,14.99,
Belville Placemat,Gear,,,
Bionicle T-shirt,Gear,,,
Foam Ice Sword,Gear,,9.99,
Bionicle Ball Shooter,Gear,,19.99,
Bionicle Backpack,Gear,,24.99,
Bionicle Cap,Gear,,,
Polar Bear Cub T-shirt,Gear,,,
Magnet Set Indiana Jones,Gear,,14.99,
Boulderax,Gear,,4.99,
Meltrox,Gear,,4.99,
Archer Set,Gear,,24.99,
City Hero Magnet Set,Gear,,12.99,
City Placemat,Gear,,,
Police Lunch Box,Gear,,14.99,
LEGO Classic T-shirt,Gear,,16.99,
LEGO Classic Book Ends,Gear,,22.99,
LEGO Letters Building System,Gear,,19.99,
Minifigure Cookie Cutters,Gear,,7.99,
LEGO Cutlery - Silicone Studs,Gear,,24.99,
LEGO City Coat Rack,Gear,,22.99,
Kitchen Storage Set,Gear,,29.99,
Pro-Builder Toolbox,Gear,,29.99,
Rolling Cookie Cutter,Gear,,9.99,
Kitchen Scale MF,Gear,,,
Vintage Minifigure Collection Vol. 2,Miscellaneous,24.0,17.99,0.7495833333333333
Pirates Magnet Set,Gear,,12.99,
Pirate Captain Key Chain,Gear,,4.99,
Treasure Box with Pop Up,Gear,,16.99,
SpongeBob Spacesuit Magnet Set,Gear,,14.99,
CW R7-A7,Gear,,4.99,
CW Count Dooku,Gear,,4.99,
Yoda,Gear,,4.99,
Magnet Set Darth Maul 2009,Gear,,14.99,
Magnet Set Royal Guard 2009,Gear,,14.99,
Magnet Set Stormtrooper 2009,Gear,,14.99,
Star Wars Magnet Set,Gear,,14.99,
Magnet Set CW Yoda 2009,Gear,,14.99,
LEGO City Eraser Set,Gear,,4.99,
LEGO Travel Game,Gear,,24.99,
LEGO Classic Shoulder Bag,Gear,,29.99,
Belville Fairy Wash Towel,Gear,,,
Duplo Puzzle,Gear,,14.99,
LEGO Gold Minifigure Key Chain,Gear,,4.99,
LEGO Brick Sticky Notes,Gear,,4.99,
Designers' Tool Set,Gear,,,
Bionicle Classic Pencil Case and Stationery Set,Gear,,14.99,
Duplo Picture Lottery,Gear,,14.99,
Vintage Minifigure Collection Vol. 3,Miscellaneous,22.0,17.99,0.8177272727272726
Troll Warrior Battle Pack,Castle,36.0,14.99,0.4163888888888889
Dwarf Warrior Battle Pack,Castle,45.0,14.99,0.33311111111111114
City Activity Book,Gear,,14.99,
Classic Girl Key Chain,Gear,,,
LEGO Brick Erasers,Gear,,4.99,
LEGO Minifigure Cake Mould,Gear,,17.99,
LEGO Space Shoulder Bag,Gear,,29.99,
Admiral's Daughter keychain,Gear,,,
SpongeBob Magnet Set,Gear,,14.99,
Squidward Key Chain,Gear,,4.99,
Star Wars Magnet Set,Gear,,14.99,
Mutt Williams Key Chain,Gear,,4.99,
Irina Spalko Key Chain,Gear,,4.99,
Colonel Dovchenko Key Chain,Gear,,4.99,
Indiana Jones Magnet Set,Gear,,14.99,
Felt Tip Pen Set,Gear,,4.99,
Zipper Puller (Pink),Gear,,,
LEGO Star Wars 10yr Anniversary T-shirt,Gear,,,
Star Wars 10th Anniversary Stormtrooper Magnet,Gear,,9.99,
LEGO Holiday Countdown Candle,Gear,,19.99,
Holiday Magnet,Gear,,9.99,
Holiday LEGO Ornaments,Seasonal,66.0,19.99,0.30287878787878786
Metallized Magnet Set,Gear,,9.99,
Pirates Battle Pack,Pirates,37.0,14.99,0.40513513513513516
Pirates Coin Bank,Gear,,19.99,
Pirates Soldier Key Chain,Gear,,4.99,
Pirates Tic Tac Toe,Gear,,19.99,
Pirates Chess Set,Gear,,,
Vintage Minifigure Collection Vol. 4,Miscellaneous,41.0,17.99,0.438780487804878
LEGO Coin Bank (2x2),Gear,,9.99,
LEGO Ruler,Gear,,4.99,
Bionicle T-shirt,Gear,,16.99,
Troll T-shirt,Gear,,16.99,
LEGO Indiana Jones T-shirt,Gear,,16.99,
LEGO Star Wars Stormtrooper T-shirt,Gear,,16.99,
LEGO Star Wars Darth Vader T-shirt,Gear,,16.99,
LEGO Star Wars 10yr Anniversary T-shirt,Gear,,16.99,
LEGO Star Wars Jango Fett Pen,Gear,,9.99,
LEGO Star Wars Darth Maul Pen,Gear,,9.99,
LEGO Star Wars Luke Skywalker Pen,Gear,,9.99,
LEGO Star Wars Tusken Raider Pen,Gear,,9.99,
Stormtrooper Adult Watch,Gear,,29.99,
Darth Vader Adult Watch,Gear,,29.99,
Obi-Wan Kenobi Adult Watch,Gear,,29.99,
C-3PO Watch,Gear,,19.99,
Darth Maul Watch,Gear,,24.99,
Han Solo Watch,Gear,,19.99,
Obi-Wan Kenobi Watch,Gear,,19.99,
Classic Brick Adult Watch,Gear,,29.99,
Luke Skywalker & Han Solo Adult Watch,Gear,,29.99,
BIONICLE: The Legend Reborn DVD,Gear,,19.99,
Space Police Watch,Gear,,19.99,
Power Miners Watch,Gear,,19.99,
LEGO UK Charity Calendar 2010,Gear,,,
LEGO Rock Band,Gear,,39.99,
LEGO Rock Band,Gear,,19.99,
LEGO Rock Band,Gear,,39.99,
LEGO Rock Band,Gear,,39.99,
LEGO Indiana Jones 2: The Adventure Continues,Gear,,49.99,
LEGO Indiana Jones 2: The Adventure Continues,Gear,,49.99,
LEGO Indiana Jones 2: The Adventure Continues,Gear,,29.99,
LEGO Indiana Jones 2: The Adventure Continues,Gear,,49.99,
LEGO Indiana Jones 2: The Adventure Continues,Gear,,29.99,
3-Seat Playtable,Gear,,299.99,
LEGO Indiana Jones 2: The Adventure Continues,Gear,,,
Duplo Creative Bucket,Duplo,76.0,,
LEGO Creative Bucket,Bricks and More,480.0,,
Chrome  Darth Vader,Star Wars,7.0,,
{Power Miners Promotional Polybag},Power Miners,,,
{Power Miners Promotional Polybag},Power Miners,,,
{Power Miners Promotional Polybag},Power Miners,,,
LEGO Battles,Gear,,,
LEGO Strategie,Gear,,,
LEGO Battles,Gear,,29.99,
Space Police Watch,Gear,,,
{Chessie},Promotional,45.0,,
{Bear},Promotional,69.0,,
{Vulcan},Promotional,81.0,,
BrickJournal Issue 5,Books,,,
BrickJournal Issue 6,Books,,,
BrickJournal Issue 7,Books,,,
BrickJournal Issue 8,Books,,,
BrickJournal Compendium 2,Books,,,
BrickJournal Compendium 3,Books,,,
{Flying Pig},Promotional,93.0,,
{Salamander},Promotional,72.0,,
Collectable Display Set 1,Star Wars,5.0,,
Collectable Display Set 2,Star Wars,2.0,,
Collectable Display Set 4,Star Wars,15.0,,
Collectable Display Set 5,Star Wars,4.0,,
Collectable Display Set 3,Star Wars,5.0,,
Collectable Display Set 6,Star Wars,5.0,,
Mini Republic Dropship Mini AT-TE Brickmaster Pack (SDCC 2009 exclusive),Star Wars,94.0,,
Holo-Brick Archives (SDCC 2009 exclusive),Star Wars,3.0,,
{Nascar},Promotional,70.0,,
{Skull},Promotional,92.0,,
{The Römer},Promotional,157.0,,
{Bronco},Promotional,60.0,,
Race Car 1,Promotional,,,
Race Car 2,Promotional,,,
Race Car 3,Promotional,,,
Race Car 4,Promotional,,,
Race Car 5,Promotional,,,
Race Car 6,Promotional,,,
{Crab},Promotional,69.0,,
{Fish and Coral},Promotional,85.0,,
LEGO Pirates: Brickmaster,Books,,,
LEGO Castle: Brickmaster,Books,,,
The LEGO Book,Books,1.0,,
Standing Small: A Celebration of 30 Years of the LEGO Minifigure,Books,1.0,,
LEGO Star Wars: The Visual Dictionary,Books,4.0,21.99,5.4975
LEGO MINDSTORMS NXT Thinking Robots,Books,,,
Celebrating Moments That CLICK! Light Bulb,Promotional,57.0,,
Ole Kirk's House,Miscellaneous,910.0,,
Christmas set,Miscellaneous,120.0,,
Hole punch,Miscellaneous,2.0,,
Basic set,Miscellaneous,200.0,,
"Basic set, transparent",Miscellaneous,120.0,,
Paper and brick set,Miscellaneous,187.0,,
6 x 2 Turbo,Gear,,,
Rally Fire,Gear,,,
Curve Cruiser,Gear,,,
Circuit Star,Gear,,,
Lap Star,Gear,,,
EZ Rally,Gear,,,
Curve Chaser,Gear,,,
Sport Racer,Gear,,,
Penguin,Promotional,16.0,,
Heart,Promotional,15.0,,
Leprechaun,Promotional,,,
Rabbit,Promotional,,,
House,Promotional,,,
Tractor,Promotional,,,
Flower,Promotional,,,
Sailing Boat,Promotional,,,
US Flag,Promotional,,,
Ice Cream,Promotional,,,
Lobster,Promotional,,,
Book and Pencil,Promotional,,,
Pumpkin,Promotional,,,
Turkey,Promotional,,,
Fireworks,Promotional,,,
Christmas Wreath,Promotional,29.0,,
{Cowboy},Promotional,58.0,,
{Baseball Player},Promotional,58.0,,
{Wild Turkey},Promotional,73.0,,
{Lighthouse},Promotional,121.0,,
Blue Building Plate,Bricks and More,1.0,4.99,4.99
Happy Holidays - The Christmas Game,Miscellaneous,139.0,,
City Advent Calendar,City,271.0,34.99,0.12911439114391143
Small Car,City,43.0,4.99,0.11604651162790698
Seaplane,City,102.0,10.99,0.10774509803921568
Repair Truck,City,118.0,12.99,0.11008474576271186
Tank Truck,City,222.0,19.99,0.09004504504504504
Passenger Plane,City,309.0,39.99,0.12941747572815535
Passenger Plane - ANA version,City,309.0,,
Airport,City,703.0,99.99,0.14223328591749643
LEGO City Truck,City,278.0,34.99,0.125863309352518
Helicopter and Limousine,City,267.0,29.99,0.11232209737827714
Shave A Sheep,Games,118.0,9.99,0.08466101694915254
UFO Attack,Games,88.0,,
Magma Monster,Games,95.0,14.99,0.15778947368421053
Pirate Plank,Games,122.0,14.99,0.1228688524590164
Orient Bazaar,Games,204.0,19.99,0.09799019607843136
Meteor Strike,Games,185.0,19.99,0.10805405405405405
Atlantis Treasure,Games,280.0,24.99,0.08925
Harry Potter Hogwarts,Games,332.0,34.99,0.10539156626506024
Freeing Dobby,Harry Potter,73.0,10.99,0.15054794520547946
Quidditch Match,Harry Potter,153.0,19.99,0.13065359477124183
Hagrid's Hut,Harry Potter,442.0,39.99,0.09047511312217195
The Burrow,Harry Potter,568.0,59.99,0.1056161971830986
Hogwarts Express,Harry Potter,646.0,79.99,0.1238235294117647
Hogwarts Castle,Harry Potter,1290.0,129.99,0.10076744186046513
Play with Numbers,Duplo,58.0,24.99,0.4308620689655172
Duplo Large Brick Box,Duplo,71.0,29.99,0.42239436619718307
Duplo Deluxe Brick Box,Duplo,102.0,49.99,0.4900980392156863
LEGO Deluxe Brick Box,Bricks and More,704.0,49.99,0.07100852272727273
Duplo Basic Bricks,Duplo,45.0,,
LEGO Duplo XXL Box,Duplo,201.0,,
LEGO XXL Box,Bricks and More,1600.0,,
Basic Bricks,Bricks and More,325.0,,
Duplo Building Fun,Duplo,81.0,29.99,0.3702469135802469
LEGO Building Fun,Bricks and More,650.0,29.99,0.04613846153846154
Duplo Basic Bricks - Large,Duplo,60.0,,
LEGO Basic Bricks - Large,Bricks and More,450.0,,
Little Piggy,Duplo,4.0,4.99,1.2475
Chicken Coop,Duplo,11.0,8.99,0.8172727272727273
Farm Bike,Duplo,9.0,9.99,1.11
Farm Nursery,Duplo,9.0,11.99,1.3322222222222222
Big Tractor,Duplo,12.0,19.99,1.6658333333333333
Horse Stables,Duplo,58.0,39.99,0.6894827586206896
Big Farm,Duplo,68.0,59.99,0.8822058823529412
Front Loader,Duplo,9.0,12.99,1.4433333333333334
Dump Truck,Duplo,10.0,19.99,1.9989999999999999
Road Construction,Duplo,27.0,39.99,1.4811111111111113
Stone Quarry,Duplo,48.0,59.99,1.2497916666666666
Fishing Trip,Duplo,14.0,14.99,1.0707142857142857
Caravan,Duplo,21.0,29.99,1.428095238095238
Pet Shop,Duplo,29.0,24.99,0.8617241379310344
Jessie's Round-Up,Duplo,18.0,14.99,0.8327777777777778
Pizza Planet Truck,Duplo,13.0,19.99,1.5376923076923075
The Great Train Chase,Duplo,39.0,34.99,0.8971794871794873
Alien Space Crane,Duplo,23.0,39.99,1.7386956521739132
Lightning McQueen,Duplo,11.0,14.99,1.3627272727272728
Mater's Yard,Duplo,16.0,19.99,1.249375
Flo's V-8 Cafe,Duplo,32.0,29.99,0.9371875
Mack's Road Trip,Duplo,34.0,49.99,1.470294117647059
Mini Helicopter,Creator,52.0,5.99,0.11519230769230769
Mini Dumper,Creator,60.0,5.99,0.09983333333333334
Rotor Rescue,Creator,149.0,12.99,0.08718120805369127
Super Speedster,Creator,278.0,19.99,0.07190647482014388
Ferocious Creatures,Creator,416.0,29.99,0.07209134615384614
Apple Tree House,Creator,539.0,44.99,0.08346938775510204
Sonic Boom,Creator,539.0,59.99,0.1112987012987013
Off-Road Power,Creator,1061.0,89.99,0.08481621112158341
Cars Building Set,Bricks and More,139.0,9.99,0.0718705035971223
House Building Set,Bricks and More,134.0,9.99,0.07455223880597014
Raid VPR,Space,69.0,9.99,0.14478260869565218
Smash 'n' Grab,Space,188.0,19.99,0.10632978723404254
Undercover Cruiser,Space,317.0,29.99,0.09460567823343848
Lunar Limo,Space,391.0,39.99,0.1022762148337596
Space Police Central,Space,631.0,79.99,0.12676703645007922
Tahu,Bionicle,19.0,7.99,0.4205263157894737
Gresh,Bionicle,19.0,7.99,0.4205263157894737
Takanuva,Bionicle,21.0,7.99,0.38047619047619047
Skrall,Bionicle,21.0,7.99,0.38047619047619047
Piraka,Bionicle,15.0,7.99,0.5326666666666667
Rahkshi,Bionicle,18.0,7.99,0.4438888888888889
Von Nebula,HERO Factory,156.0,19.99,0.12814102564102564
XPlode,HERO Factory,45.0,12.99,0.2886666666666667
Meltdown,HERO Factory,50.0,12.99,0.25980000000000003
Corroder,HERO Factory,40.0,12.99,0.32475
Thunder,HERO Factory,47.0,12.99,0.2763829787234043
Furno Bike,HERO Factory,165.0,29.99,0.18175757575757576
Drop Ship,HERO Factory,390.0,49.99,0.12817948717948718
Rotor,HERO Factory,145.0,19.99,0.13786206896551723
Preston Stormer,HERO Factory,17.0,7.99,0.47000000000000003
Natalie Breez,HERO Factory,19.0,7.99,0.4205263157894737
William Furno,HERO Factory,19.0,7.99,0.4205263157894737
Duncan Bulk,HERO Factory,17.0,7.99,0.47000000000000003
Mark Surge,HERO Factory,19.0,7.99,0.4205263157894737
Jimi Stringer,HERO Factory,17.0,7.99,0.47000000000000003
Bulk and Vapour,HERO Factory,89.0,24.99,0.2807865168539326
Fire Helicopter,City,342.0,39.99,0.11692982456140351
Fire Boat,City,306.0,49.99,0.16336601307189544
Fire Station,City,662.0,79.99,0.12083081570996979
Off-Road Fire Truck & Fireboat,City,388.0,39.99,0.10306701030927835
Farmer,City,16.0,3.99,0.249375
Traveller,City,21.0,3.99,0.19
Desert Attack,Prince of Persia,57.0,10.99,0.19280701754385965
The Ostrich Race,Prince of Persia,169.0,19.99,0.11828402366863905
The Fight for the Dagger,Prince of Persia,258.0,29.99,0.11624031007751938
Quest Against Time,Prince of Persia,506.0,49.99,0.09879446640316206
Battle of Alamut,Prince of Persia,821.0,79.99,0.09742996345919609
Woody and Buzz to the Rescue,Toy Story,92.0,19.99,0.21728260869565216
Construct-a-Zurg,Toy Story,118.0,24.99,0.21177966101694914
Construct-a-Buzz,Toy Story,205.0,24.99,0.12190243902439024
Buzz's Star Command Spaceship,Toy Story,257.0,29.99,0.11669260700389104
Woody's Roundup!,Toy Story,502.0,49.99,0.09958167330677291
Army Men on Patrol,Toy Story,90.0,10.99,0.12211111111111111
Trash Compactor Escape,Toy Story,370.0,49.99,0.1351081081081081
Western Train Chase,Toy Story,584.0,79.99,0.13696917808219178
Pizza Planet Truck Rescue,Toy Story,225.0,39.99,0.17773333333333335
Garbage Truck Getaway,Toy Story,402.0,49.99,0.12435323383084577
Pig Farm & Tractor,City,256.0,34.99,0.1366796875
LEGO Sports Plane ,City,105.0,,
Lotso's Dump Truck,Toy Story,129.0,19.99,0.15496124031007752
Toys R Us Truck,City,356.0,,
Level Crossing,City,142.0,19.99,0.14077464788732394
Train Station,City,361.0,49.99,0.13847645429362881
Passenger Train,City,669.0,129.99,0.194304932735426
Cargo Train,City,839.0,179.99,0.21452920143027415
King's Castle,Castle,933.0,99.99,0.10717041800643086
Prison Tower Rescue,Castle,365.0,49.99,0.13695890410958905
Outpost Attack,Castle,194.0,19.99,0.10304123711340206
Prison Carriage Rescue,Castle,50.0,9.99,0.1998
Knight's Showdown,Castle,61.0,6.99,0.11459016393442624
Kingdoms Advent Calendar,Castle,167.0,34.99,0.20952095808383234
Court Jester,Castle,22.0,3.99,0.18136363636363637
Wizard,Castle,19.0,3.99,0.21000000000000002
Fast,Racers,69.0,12.99,0.1882608695652174
Strong,Racers,91.0,12.99,0.14274725274725275
Hero,Racers,68.0,12.99,0.1910294117647059
Bad,Racers,72.0,12.99,0.18041666666666667
Race Truck,Technic,608.0,59.99,0.09866776315789474
Motorized Excavator,Technic,1123.0,199.99,0.17808548530721283
Mini Telehandler,Technic,117.0,10.99,0.09393162393162394
Helicopter,Technic,152.0,19.99,0.13151315789473683
Compact Excavator,Technic,252.0,24.99,0.09916666666666667
Buggy,Technic,314.0,39.99,0.12735668789808918
Tractor with Log Loader,Technic,525.0,59.99,0.11426666666666667
Motorbike,Technic,467.0,39.99,0.08563169164882227
Container Truck,Technic,686.0,69.99,0.10202623906705538
Mobile Crane,Technic,1289.0,99.99,0.07757176105508146
Monster Crab Clash,Atlantis,68.0,6.99,0.10279411764705883
Wreck Raider,Atlantis,64.0,9.99,0.15609375
Guardian of the Deep,Atlantis,144.0,14.99,0.10409722222222223
Seabed Scavenger,Atlantis,119.0,14.99,0.12596638655462186
Typhoon Turbo Sub,Atlantis,197.0,24.99,0.12685279187817258
Gateway of the Squid,Atlantis,354.0,39.99,0.11296610169491526
Sea Jet,Atlantis,23.0,3.99,0.17347826086956522
Manta Warrior,Atlantis,13.0,3.99,0.30692307692307697
Neptune Carrier,Atlantis,476.0,59.99,0.1260294117647059
Deep Sea Striker,Atlantis,260.0,19.99,0.07688461538461538
Atlantis Exploration HQ,Atlantis,473.0,49.99,0.10568710359408034
Portal of Atlantis,Atlantis,1007.0,99.99,0.09929493545183714
Shadow Snapper,Atlantis,246.0,29.99,0.12191056910569105
Undersea Explorer,Atlantis,364.0,39.99,0.10986263736263736
Rebel Trooper Battle Pack,Star Wars,79.0,11.99,0.1517721518987342
Snowtrooper Battle Pack,Star Wars,74.0,11.99,0.16202702702702704
Freeco Speeder,Star Wars,177.0,24.99,0.1411864406779661
Droid Tri-Fighter,Star Wars,268.0,24.99,0.09324626865671641
TIE Defender,Star Wars,304.0,49.99,0.1644407894736842
ARC-170 Starfighter,Star Wars,396.0,59.99,0.151489898989899
Hoth Wampa Cave,Star Wars,297.0,39.99,0.13464646464646465
Republic Swamp Speeder,Star Wars,176.0,29.99,0.17039772727272726
Luke's Landspeeder,Star Wars,163.0,24.99,0.1533128834355828
Plo Koon's Jedi Starfighter,Star Wars,175.0,24.99,0.14279999999999998
General Grievous' Starfighter,Star Wars,454.0,49.99,0.11011013215859031
Emperor Palpatine's Shuttle,Star Wars,592.0,59.99,0.10133445945945946
Slave I,Star Wars,573.0,79.99,0.13959860383944153
Clone Turbo Tank,Star Wars,1141.0,119.99,0.10516213847502191
Midi-scale Imperial Star Destroyer,Star Wars,423.0,39.99,0.09453900709219859
Cad Bane's Speeder,Star Wars,318.0,49.99,0.15720125786163522
AT-AT Walker,Star Wars,815.0,109.99,0.13495705521472393
Fire Blaster,Power Miners,67.0,9.99,0.1491044776119403
Magma Mech,Power Miners,183.0,19.99,0.10923497267759562
Claw Catcher,Power Miners,259.0,34.99,0.13509652509652512
Lavatraz,Power Miners,381.0,49.99,0.13120734908136483
Lime Racer,Racers,44.0,5.99,0.13613636363636364
Blue Bullet,Racers,50.0,5.99,0.1198
Nitro Muscle,Racers,47.0,5.99,0.1274468085106383
Turbo Tow,Racers,43.0,5.99,0.13930232558139535
Chopper Jump,Racers,141.0,14.99,0.10631205673758866
Highway Chaos,Racers,142.0,14.99,0.10556338028169014
Ramp Crash,Racers,145.0,14.99,0.10337931034482759
Security Smash,Racers,135.0,14.99,0.11103703703703705
Brick Street Getaway,Racers,552.0,39.99,0.07244565217391305
Lamborghini Polizia,Racers,801.0,59.99,0.07489388264669164
City House,City,383.0,39.99,0.10441253263707573
Public Transport Station,City,864.0,99.99,0.11572916666666666
Spidermonkey,Ben 10: Alien Force,21.0,14.99,0.7138095238095238
Swampfire,Ben 10: Alien Force,22.0,14.99,0.6813636363636364
ChromaStone,Ben 10: Alien Force,21.0,14.99,0.7138095238095238
Humungousaur,Ben 10: Alien Force,14.0,14.99,1.0707142857142857
Jet Ray,Ben 10: Alien Force,16.0,14.99,0.936875
Big Chill,Ben 10: Alien Force,20.0,14.99,0.7495
LEGO Minifigures - Series 1 {Random bag},Collectable Minifigures,,1.99,
Tribal Hunter,Collectable Minifigures,9.0,1.99,0.22111111111111112
Cheerleader,Collectable Minifigures,7.0,1.99,0.2842857142857143
Caveman,Collectable Minifigures,6.0,1.99,0.33166666666666667
Circus Clown,Collectable Minifigures,6.0,1.99,0.33166666666666667
Zombie,Collectable Minifigures,6.0,1.99,0.33166666666666667
Skater,Collectable Minifigures,8.0,1.99,0.24875
Robot,Collectable Minifigures,6.0,1.99,0.33166666666666667
Demolition Dummy,Collectable Minifigures,6.0,1.99,0.33166666666666667
Magician,Collectable Minifigures,6.0,1.99,0.33166666666666667
Super Wrestler,Collectable Minifigures,5.0,1.99,0.398
Nurse,Collectable Minifigures,8.0,1.99,0.24875
Ninja,Collectable Minifigures,7.0,1.99,0.2842857142857143
Spaceman,Collectable Minifigures,9.0,1.99,0.22111111111111112
Forestman,Collectable Minifigures,9.0,1.99,0.22111111111111112
Deep Sea Diver,Collectable Minifigures,9.0,1.99,0.22111111111111112
Cowboy,Collectable Minifigures,8.0,1.99,0.24875
LEGO Minifigures - Series 1 - Complete,Collectable Minifigures,115.0,,
LEGO Minifigures - Series 1 - Sealed Box,Collectable Minifigures,,,
LEGO Minifigures - Series 2 {Random bag},Collectable Minifigures,,1.99,
Mariachi,Collectable Minifigures,9.0,1.99,0.22111111111111112
Spartan Warrior,Collectable Minifigures,8.0,1.99,0.24875
Ringmaster,Collectable Minifigures,6.0,1.99,0.33166666666666667
Witch,Collectable Minifigures,6.0,1.99,0.33166666666666667
Vampire,Collectable Minifigures,7.0,1.99,0.2842857142857143
Traffic Cop,Collectable Minifigures,8.0,1.99,0.24875
Explorer,Collectable Minifigures,8.0,1.99,0.24875
Life Guard,Collectable Minifigures,6.0,1.99,0.33166666666666667
Mime,Collectable Minifigures,7.0,1.99,0.2842857142857143
Weightlifter,Collectable Minifigures,8.0,1.99,0.24875
Pop Star,Collectable Minifigures,7.0,1.99,0.2842857142857143
Skier,Collectable Minifigures,10.0,1.99,0.199
Disco Dude,Collectable Minifigures,6.0,1.99,0.33166666666666667
Karate Master,Collectable Minifigures,7.0,1.99,0.2842857142857143
Surfer,Collectable Minifigures,6.0,1.99,0.33166666666666667
Pharaoh,Collectable Minifigures,6.0,1.99,0.33166666666666667
LEGO Minifigures - Series 2 - Complete,Collectable Minifigures,115.0,,
LEGO Minifigures - Series 2 - Sealed Box,Collectable Minifigures,,,
Blizzard's Peak,World Racers,504.0,59.99,0.11902777777777779
Desert of Destruction,World Racers,961.0,89.99,0.09364203954214359
Snake Canyon,World Racers,57.0,9.99,0.17526315789473684
Jagged Jaws Reef,World Racers,191.0,19.99,0.10465968586387434
Wreckage Road,World Racers,288.0,29.99,0.10413194444444444
Gator Swamp,World Racers,354.0,39.99,0.11296610169491526
Playhouse Set,Education,125.0,,
Community Vehicles Set,Education,50.0,,
Farm Set,Education,146.0,,
City Buildings Set,Education,822.0,,
Rescue Services Set,Education,1490.0,,
Vehicles Set,Education,934.0,,
Animals Set,Education,1081.0,,
Space & Airport Set,Education,1189.0,,
Reflection Kit,Serious Play,57.0,,
Bricks Set,Education,884.0,,
Sceneries Set,Education,1207.0,,
"Doors, Windows",Education,278.0,,
LEGO Solar Panel,Education,1.0,,
Energy Display,Education,1.0,,
Energy Storage,Education,1.0,,
E-Motor,Education,1.0,,
Renewable Energy Add-On Set,Education,12.0,,
NXT DC Rechargeable Battery,Education,1.0,79.99,79.99
Colour Sensor,Education,1.0,39.99,39.99
LEGO Mindstorms Education Resource Set,Education,817.0,,
Body Forward Challenge Kit,Education,1515.0,,
Maersk Line Container Ship,Advanced models,990.0,119.99,0.1212020202020202
Imperial Flagship,Advanced models,1664.0,179.99,0.10816706730769231
Grand Emporium,Advanced models,2182.0,149.99,0.0687396883593034
Imperial Shuttle,Star Wars,2503.0,259.99,0.1038713543747503
Shuttle Adventure,Advanced models,1204.0,99.99,0.08304817275747507
Tower Bridge,Advanced models,4287.0,239.99,0.05598087240494518
Obi-Wan's Jedi Starfighter,Star Wars,676.0,99.99,0.14791420118343193
Winter Village Bakery,Advanced models,687.0,54.99,0.08004366812227075
Neptune Microsub,Atlantis,63.0,,
4x4 Dynamo,Creator,69.0,,
Crocodile,Creator,89.0,,
Imperial Shuttle,Star Wars,70.0,,
Dagger Trap,Prince of Persia,52.0,,
AT-AT Walker,Star Wars,83.0,,
The White House,Architecture,560.0,49.99,0.08926785714285715
Fire Chief,City,31.0,,
Police Dinghy,City,16.0,,
Microlight,City,34.0,,
Police Buggy,City,34.0,,
Jet,Creator,47.0,,
Parrot,Creator,48.0,,
Rally Raider,Racers,29.0,,
World Race Powerboat,World Racers,27.0,,
World Race Buggy,World Racers,35.0,,
Truck,Racers,45.0,,
Tow Truck,Racers,34.0,,
Off-Road Racer 2,Racers,30.0,,
Octopus,Atlantis,42.0,,
Piranha,Atlantis,45.0,,
Mini Sub,Atlantis,36.0,,
Republic Attack Shuttle,Star Wars,54.0,,
Mini X-wing,Star Wars,61.0,,
Farm {Random Bag},Duplo,4.0,,
Farm  - Farmer,Duplo,,,
Farm - Dog,Duplo,,,
Farm - Sheep,Duplo,,,
Farm - Horse,Duplo,,,
Farm - Cow,Duplo,,,
Attack Wagon,Castle,36.0,,
Target Practice,Castle,31.0,,
Alien Space Ship,Toy Story,29.0,,
Army Jeep,Toy Story,37.0,,
Woody's Camp Out,Toy Story,18.0,,
Buzz's Mini Ship,Toy Story,27.0,,
Heart,Seasonal,26.0,4.99,0.19192307692307692
Bunny,Seasonal,81.0,9.99,0.12333333333333334
Snowman Building Set,Seasonal,64.0,4.99,0.07796875
Holiday Building Set,Seasonal,85.0,4.99,0.05870588235294118
Father Christmas with Sledge Building Set,Seasonal,71.0,4.99,0.07028169014084508
Thanksgiving Turkey,Seasonal,53.0,4.99,0.09415094339622641
Halloween Pumpkin,Seasonal,18.0,1.99,0.11055555555555556
Halloween Ghost,Seasonal,18.0,1.99,0.11055555555555556
Halloween Bat,Seasonal,25.0,1.99,0.0796
LEGO Universe Massively Multiplayer Online Game,Gear,,19.99,
Nexus Force Rocket,LEGO Universe,55.0,,
Bonus/Value Pack,Duplo,,,
Star Wars Super Pack 3 in 1,Star Wars,342.0,,
City Super Pack 3 in 1,City,565.0,,
Duplo Super Pack,Duplo,33.0,,
City Super Pack 4 in 1,City,296.0,,
City Super Pack 4 in 1,City,1053.0,,
City Super Pack 3 in 1,City,510.0,,
Super Pack 4 in 1,Technic,804.0,,
City Super Pack 4 in 1,City,871.0,,
City Super Pack 4 in 1,City,289.0,,
City Super Pack 4 in 1,City,279.0,,
Star Wars Super Pack 3 in 1,Star Wars,308.0,,
Atlantis Super Pack 4 in 1,Atlantis,691.0,,
Star Wars Super Pack 3 in 1,Star Wars,531.0,,
Bonus/Value Pack,Duplo,68.0,,
Star Wars Super Pack 3 in 1,Star Wars,316.0,,
Fun Favor Pack,Miscellaneous,72.0,19.99,0.2776388888888889
City Super Pack 4 in 1,City,1224.0,,
Bonus/Value Pack,Duplo,71.0,,
City Police Handcuffs,Gear,,4.99,
Angel Key Chain,Gear,,4.99,
Vintage Minifigure Collection Vol. 5,Miscellaneous,20.0,17.99,0.8995
Minifigure Ice Cube Tray,Gear,,7.99,
Shark Warrior Key Chain,Gear,,4.99,
Manta Warrior Key Chain,Gear,,4.99,
Diver Key Chain,Gear,,4.99,
Magnet Set,Gear,,14.99,
Water Gun,Gear,,9.99,
Harpoon Blaster,Gear,,19.99,
Sword,Gear,,9.99,
Shield,Gear,,9.99,
Trident,Gear,,9.99,
Fairy Key Chain,Gear,,4.99,
Rose,Gear,,4.99,
Evolution of the Minifigure T-Shirt,Gear,,17.99,
White Spaceman Key Chain,Gear,,4.99,
Minifig Display Box,Gear,,14.99,
Admiral Ackbar,Gear,,4.99,
C-3PO,Gear,,4.99,
Wicket,Gear,,4.99,
Nute Gunray,Gear,,4.99,
Onaconda Farr,Gear,,4.99,
Princess Leia,Gear,,4.99,
Biker Scout,Gear,,4.99,
Star Wars Magnet Set,Gear,,14.99,
Star Wars Magnet Set,Gear,,14.99,
Star Wars Magnet Set,Gear,,14.99,
Star Wars Yoda T-Shirt,Gear,,17.99,
Woody Key Chain,Gear,,4.99,
Buzz Lightyear Key Chain,Gear,,4.99,
Jessie Key Chain,Gear,,4.99,
Max Key Chain,Gear,,4.99,
Foldable red shopping bag,Gear,,,
Firax Key Chain,Gear,,4.99,
Duke Key Chain,Gear,,4.99,
LEGO Rock Band Promo Key Chain Minifig 1,Gear,,,
LEGO Rock Band Promo Key Chain Minifig 2,Gear,,,
3D Glasses Atlantis,Gear,,,
Portal Emperor Key Chain,Gear,,4.99,
Court Jester Key Chain,Gear,,4.99,
Princess Key Chain,Gear,,4.99,
Good Knight's Armour,Gear,,,
Dragon Armour,Gear,,,
Battle Pack,Castle,36.0,14.99,0.4163888888888889
Battle Pack,Castle,37.0,14.99,0.40513513513513516
Prince Dastan Key Chain,Gear,,4.99,
Princess Tamina Key Chain,Gear,,4.99,
Nizam Key Chain,Gear,,4.99,
Prince of Persia Magnet Set,Gear,,14.99,
Luke Skywalker,Gear,,4.99,
Kit Fisto,Gear,,4.99,
Star Wars R4-P44,Gear,,4.99,
Star Wars Magnet Set,Gear,,14.99,
Female Minifigure Magnet Set,Gear,,14.99,
Toy Story Magnet Set,Gear,,14.99,
Alien Key Chain,Gear,,4.99,
Harry Potter Key Chain,Gear,,4.99,
Ron Weasley Key Chain,Gear,,4.99,
Hermione Granger Key Chain,Gear,,4.99,
Rebus Hagrid Key Chain,Gear,,4.99,
King Key Chain,Gear,,4.99,
Football,Gear,,,
Albus Dumbledore Key Chain,Gear,,4.99,
Severus Snape Key Chain,Gear,,4.99,
Dobby Key Chain,Gear,,4.99,
Harry Potter Magnet Set,Gear,,14.99,
Harry Potter Magnet Set,Gear,,14.99,
Key Covers,Gear,,3.99,
Duck Key Chain,Gear,,4.99,
Crocodile Key Chain,Gear,,4.99,
Penguin Key Chain,Gear,,4.99,
LEGO Umbrella,Gear,,12.99,
LEGO Logo Mug,Gear,,9.99,
Ducks,Miscellaneous,15.0,,
Max,Promotional,4.0,,
LEGO 2011 US Calendar,Gear,,9.99,
Birthday Party Kit,Gear,,39.99,
LEGO Holiday Stocking,Gear,,9.99,
Star Wars Magnet Set,Gear,,14.99,
Anakin Skywalker,Gear,,4.99,
Clone Pilot,Gear,,4.99,
Senate Commando Captain,Gear,,4.99,
Friends towel,Gear,,,
Enterprise RTS,Serious Play,,,
Communication Kit for RTS,Serious Play,,,
Foundation Skills Set,Serious Play,,,
Landscape Supplement Kit,Serious Play,,,
Concept Sampler Kit,Serious Play,,,
The IMP for the Enterprise,Serious Play,,,
The IMP for the Enterprise 2,Serious Play,,,
The IMP for you,Serious Play,,,
Window Exploration Bag,Serious Play,4900.0,484.99,0.09897755102040816
IMP for the team,Serious Play,,,
LSP Imaginopedia for Skills Build,Serious Play,,,
Connections Kit ,Serious Play,,,
Starter Kit,Serious Play,219.0,36.99,0.16890410958904112
Identity and Landscape Kit ,Serious Play,,,
LE Smart Kit Prepack,Serious Play,20.0,,
WS Kit Simple Machines Set,Serious Play,43.0,,
Green City Replacement Mats,Serious Play,4.0,,
9+ Robotics B,Serious Play,,,
9+ Robotics C,Serious Play,,,
9+ Robotics D,Serious Play,,,
Board Game Die Key Chain,Gear,,,
Promo Goldener Würfel (Golden dice),Games,7.0,,
Chrome Stormtrooper,Star Wars,5.0,,
White Boba Fett Figure,Star Wars,5.0,,
Nexus Astronaut,LEGO Universe,5.0,,
LEGO The Adventures of Clutch Powers DVD,Gear,,19.99,
Exclusive Spaceman Magnet,Gear,,,
Mindstorms NXT IR Receiver,Mindstorms,1.0,49.99,49.99
Imperial Soldier ,Gear,,,
Cavalry Colonel ,Gear,,,
Fire Chief ,Gear,,,
Black Falcon ,Gear,,,
LEGO Harry Potter: Years 1-4 Video Game,Gear,,49.99,
LEGO Harry Potter: Years 1-4 Video Game,Gear,,29.99,
LEGO Harry Potter: Years 1-4 Video Game,Gear,,49.99,
LEGO Harry Potter: Years 1-4 Video Game,Gear,,49.99,
LEGO Harry Potter: Years 1-4 Video Game,Gear,,29.99,
LEGO Harry Potter: Years 1-4 Video Game,Gear,,29.99,
Harry Potter: Years 1-4 Video Game Collector's Edition,Gear,,,
Harry Potter: Years 1-4 Video Game Collector's Edition,Gear,,,
Harry Potter: Years 1-4 Video Game Collector's Edition,Gear,,,
Holiday Santa Magnet 2010,Gear,,,
LEGO Hero Factory: Rise of the Rookies DVD,Gear,,14.99,
Storm Trooper Minifigure Clock,Gear,,29.99,
Darth Vader Minifigure Clock,Gear,,29.99,
The Brick Apple,Promotional,133.0,,
Cars,Miscellaneous,407.0,,
Basic Set Limited Edition,Bricks and More,480.0,,
Rocket Kit,World Racers,26.0,,
Harry Potter Gryffindor Crest Key Chain,Gear,,,
Harry Potter Hufflepuff Crest Key Chain,Gear,,,
Harry Potter Ravenclaw Crest Key Chain,Gear,,,
Harry Potter Slytherin Crest Key Chain,Gear,,,
Target Bullseye Gift Card 2010,Promotional,31.0,,
Atlantis DVD,Gear,,,
Storage Head Large (Boy),Gear,,34.99,
{Bat},Promotional,82.0,,
White Boba Fett minifig and Star Wars book,Star Wars,5.0,,
BrickJournal Issue 9,Books,,,
BrickJournal Issue 10,Books,,,
BrickJournal Issue 11,Books,,,
BrickJournal Issue 12,Books,,,
BrickJournal Compendium 4,Books,,,
{Bucking Bronco},Promotional,130.0,,
Fan Celebration V - CubeDude - The Bounty Hunter Edition,Star Wars,496.0,,
San Diego Comic Con 2010 Exclusive - CubeDude - The Clone Wars Edition,Promotional,416.0,,
{Subway Car},Promotional,95.0,,
{Spirit of St Louis},Promotional,88.0,,
{Rattlesnake},Promotional,140.0,,
{Bull and Rider},Promotional,143.0,,
LEGO: A Love Story,Books,,,
LEGO Star Wars: Brickmaster,Books,,29.99,
LEGO Atlantis: Brickmaster,Books,,,
Crazy Action Contraptions,Books,,,
The LEGO MINDSTORMS NXT 2.0 Discovery Book,Books,,,
LEGO MINDSTORMS NXT-G Programming Guide,Books,,,
The LEGO Technic Idea Book: Simple Machines,Books,,,
"Brick Separator, Orange",Bricks and More,1.0,2.49,2.49
LEGO Duck,Miscellaneous,91.0,,
Stormer 2.0,HERO Factory,31.0,7.99,0.257741935483871
Furno 2.0,HERO Factory,30.0,7.99,0.26633333333333337
Evo 2.0,HERO Factory,31.0,7.99,0.257741935483871
Nex 2.0,HERO Factory,31.0,7.99,0.257741935483871
Kai,Ninjago,19.0,9.99,0.5257894736842106
Cole,Ninjago,19.0,9.99,0.5257894736842106
Zane,Ninjago,19.0,9.99,0.5257894736842106
Chopov,Ninjago,20.0,9.99,0.4995
Bonezai,Ninjago,21.0,9.99,0.4757142857142857
Krazi,Ninjago,22.0,9.99,0.4540909090909091
Surge 2.0,HERO Factory,30.0,7.99,0.26633333333333337
Breez 2.0,HERO Factory,29.0,7.99,0.27551724137931033
Rocka 3.0,HERO Factory,30.0,7.99,0.26633333333333337
Nex 3.0,HERO Factory,29.0,7.99,0.27551724137931033
Stormer 3.0,HERO Factory,31.0,7.99,0.257741935483871
Cole DX,Ninjago,21.0,9.99,0.4757142857142857
Zane DX,Ninjago,22.0,9.99,0.4540909090909091
Nya,Ninjago,21.0,9.99,0.4757142857142857
Nuckal,Ninjago,26.0,9.99,0.38423076923076926
Kruncha,Ninjago,24.0,9.99,0.41625
Wyplash,Ninjago,23.0,9.99,0.43434782608695655
Bulk 3.0,HERO Factory,30.0,7.99,0.26633333333333337
Stringer 3.0,HERO Factory,30.0,7.99,0.26633333333333337
Furno 3.0,HERO Factory,28.0,7.99,0.28535714285714286
Drilldozer,HERO Factory,61.0,12.99,0.21295081967213114
Jetbug,HERO Factory,63.0,12.99,0.2061904761904762
Nitroblast,HERO Factory,57.0,12.99,0.22789473684210526
Waspix,HERO Factory,48.0,12.99,0.270625
Raw-Jaw,HERO Factory,52.0,12.99,0.24980769230769231
Fangz,HERO Factory,55.0,12.99,0.2361818181818182
Fire Lord,HERO Factory,125.0,19.99,0.15991999999999998
Scorpio,HERO Factory,104.0,24.99,0.24028846153846153
Mountain Shrine,Ninjago,169.0,19.99,0.11828402366863905
Sensei Wu,Ninjago,20.0,9.99,0.4995
Lord Garmadon,Ninjago,23.0,9.99,0.43434782608695655
Spinjitzu Starter Set,Ninjago,57.0,19.99,0.3507017543859649
Ninja Ambush,Ninjago,71.0,6.99,0.09845070422535211
Skull Motorbike,Ninjago,157.0,14.99,0.09547770700636943
Ice Dragon Attack,Ninjago,158.0,19.99,0.12651898734177214
Turbo Shredder,Ninjago,298.0,29.99,0.10063758389261744
Rocka XL,HERO Factory,174.0,24.99,0.1436206896551724
Witch Doctor,HERO Factory,331.0,29.99,0.09060422960725074
Spinjitzu Dojo,Ninjago,373.0,49.99,0.13402144772117963
Garmadon's Dark Fortress,Ninjago,518.0,69.99,0.13511583011583012
Skull Truck,Ninjago,515.0,59.99,0.11648543689320388
Fire Temple,Ninjago,1174.0,119.99,0.102206132879046
Blacksmith Shop,Ninjago,189.0,19.99,0.10576719576719576
Earth Dragon Defense,Ninjago,227.0,34.99,0.1541409691629956
Ninja Training Outpost,Ninjago,45.0,4.99,0.1108888888888889
Nuckal's ATV,Ninjago,174.0,24.99,0.1436206896551724
Skeleton Bowling,Ninjago,371.0,29.99,0.0808355795148248
Ninjago Battle Arena,Ninjago,463.0,49.99,0.10796976241900648
Lightning Dragon Battle,Ninjago,645.0,79.99,0.12401550387596899
Space Moon Buggy,City,37.0,4.99,0.13486486486486488
Satellite Launch Pad,City,165.0,19.99,0.12115151515151515
Space Shuttle,City,231.0,29.99,0.12982683982683982
Space Center,City,494.0,69.99,0.14168016194331984
Police Chase,City,173.0,24.99,0.14445086705202312
Police Helicopter,City,237.0,34.99,0.14763713080168778
Bank & Money Transfer,City,405.0,49.99,0.12343209876543211
Red Cargo Train,City,831.0,159.99,0.19252707581227438
Heroic Heroes of the Deep,SpongeBob SquarePants,95.0,14.99,0.15778947368421053
Glove World,SpongeBob SquarePants,169.0,19.99,0.11828402366863905
Sunblock,Games,80.0,9.99,0.124875
Banana Balance,Games,49.0,9.99,0.20387755102040817
Frog Rush,Games,107.0,14.99,0.14009345794392525
Ramses Return,Games,99.0,14.99,0.15141414141414142
Ninjago: The Board Game,Games,245.0,29.99,0.12240816326530611
Draida Bay,Games,101.0,14.99,0.1484158415841584
Waldurk Forest,Games,225.0,19.99,0.08884444444444443
Caverns of Nathuz,Games,217.0,19.99,0.09211981566820276
Castle Fortaan,Games,304.0,29.99,0.09865131578947368
LEGO Champion,Games,216.0,34.99,0.16199074074074074
Isla De Muerta,Pirates of the Caribbean,152.0,19.99,0.13151315789473683
The Cannibal Escape,Pirates of the Caribbean,279.0,29.99,0.10749103942652329
The Mill,Pirates of the Caribbean,365.0,39.99,0.10956164383561644
The Black Pearl,Pirates of the Caribbean,804.0,99.99,0.12436567164179103
Captain's Cabin,Pirates of the Caribbean,95.0,11.99,0.12621052631578947
Fountain of Youth,Pirates of the Caribbean,128.0,19.99,0.156171875
The London Escape,Pirates of the Caribbean,462.0,49.99,0.1082034632034632
Whitecap Bay,Pirates of the Caribbean,745.0,79.99,0.10736912751677852
Queen Anne's Revenge,Pirates of the Caribbean,1097.0,119.99,0.10938012762078395
Speedboat,City,34.0,4.99,0.14676470588235294
Fishing Boat,City,64.0,19.99,0.31234375
Power Boat Transporter,City,254.0,39.99,0.15744094488188978
Marina,City,294.0,49.99,0.17003401360544218
Harbor,City,551.0,89.99,0.1633212341197822
The Forbidden Forest,Harry Potter,64.0,11.99,0.18734375
The Knight Bus,Harry Potter,281.0,34.99,0.12451957295373667
Hogwarts,Harry Potter,466.0,49.99,0.10727467811158799
Policeman,Duplo,4.0,4.99,1.2475
Police Bike,Duplo,8.0,9.99,1.24875
Police Truck,Duplo,14.0,,
Police Station,Duplo,60.0,,
Fire Truck,Duplo,21.0,,
Market Place,Duplo,24.0,24.99,1.04125
Car Transporter,Duplo,15.0,,
Vet,Duplo,4.0,4.99,1.2475
Doctor's Clinic,Duplo,56.0,59.99,1.07125
Car Wash,Duplo,14.0,24.99,1.785
LEGO® DUPLO® Creative Building Kit,Duplo,86.0,,
LEGO® Creative Building Kit,Bricks and More,650.0,,
Mini Digger,Creator,56.0,5.99,0.10696428571428572
Mini Plane,Creator,52.0,5.99,0.11519230769230769
Dune Hopper,Creator,137.0,12.99,0.09481751824817518
Rescue Robot,Creator,149.0,16.99,0.11402684563758388
Transport Truck,Creator,276.0,19.99,0.07242753623188405
Log Cabin,Creator,355.0,29.99,0.08447887323943662
Cool Cruiser,Creator,621.0,39.99,0.06439613526570048
Lighthouse Island,Creator,518.0,39.99,0.0772007722007722
Hillside House,Creator,714.0,69.99,0.0980252100840336
Nurse's Car,Duplo,10.0,9.99,0.999
Emergency Helicopter,Duplo,18.0,24.99,1.3883333333333332
Big City Hospital,Duplo,111.0,89.99,0.8107207207207207
Agent Mater,Duplo,11.0,14.99,1.3627272727272728
Luigi's Italian Place,Duplo,22.0,19.99,0.9086363636363636
Tokyo Racing,Duplo,45.0,29.99,0.6664444444444444
Big Bentley,Duplo,67.0,39.99,0.596865671641791
The Pit Stop,Duplo,52.0,49.99,0.9613461538461539
World Grand Prix,Duplo,35.0,39.99,1.1425714285714286
Knight and Castle Building Set,Bricks and More,144.0,9.99,0.069375
Road Construction Building Set,Bricks and More,121.0,9.99,0.08256198347107438
My First LEGO DUPLO Set,Duplo,31.0,14.99,0.4835483870967742
My First LEGO Set,Bricks and More,231.0,14.99,0.06489177489177489
Airport Building Set,Bricks and More,310.0,19.99,0.06448387096774193
Winnie the Pooh's Picnic,Duplo,13.0,9.99,0.7684615384615385
Tigger's Expedition,Duplo,26.0,19.99,0.7688461538461537
Winnie the Pooh's House,Duplo,40.0,29.99,0.7497499999999999
Play with Letters Set,Duplo,62.0,29.99,0.48370967741935483
My First LEGO DUPLO Vehicle Set,Duplo,90.0,,
My First LEGO Town,Bricks and More,704.0,,
DUPLO Build and Play,Duplo,100.0,,
LEGO Build and Play,Bricks and More,645.0,,
My First Zoo,Duplo,60.0,24.99,0.4165
My First LEGO® DUPLO® Supermarket,Duplo,38.0,19.99,0.5260526315789473
My First Fire Station,Duplo,60.0,29.99,0.4998333333333333
Blacksmith Attack,Castle,104.0,9.99,0.09605769230769232
Alien Striker,Space,42.0,4.99,0.11880952380952381
Alien Defender,Space,105.0,9.99,0.09514285714285714
Tripod Invader,Space,166.0,19.99,0.12042168674698794
UFO Abduction,Space,211.0,29.99,0.14213270142180093
Alien Mothership,Space,416.0,59.99,0.14420673076923077
Earth Defense HQ,Space,879.0,89.99,0.10237770193401592
Jet-Copter Encounter,Space,375.0,39.99,0.10664
Escape from the Dragon's Prison,Castle,185.0,19.99,0.10805405405405405
King's Carriage Ambush,Castle,286.0,39.99,0.13982517482517484
Mill Village Raid,Castle,663.0,69.99,0.1055656108597285
Police Minifigure Collection,City,57.0,9.99,0.17526315789473684
Police Dog Unit,City,96.0,12.99,0.1353125
Prisoner Transport,City,173.0,19.99,0.11554913294797688
Police Boat,City,172.0,39.99,0.2325
Mobile Police Unit,City,408.0,44.99,0.11026960784313726
Scarab Attack,Pharaoh's Quest,44.0,4.99,0.11340909090909092
Golden Staff Guardians,Pharaoh's Quest,70.0,9.99,0.1427142857142857
Flying Mummy Attack,Pharaoh's Quest,125.0,19.99,0.15991999999999998
Cursed Cobra Statue,Pharaoh's Quest,213.0,29.99,0.1407981220657277
Rise of the Sphinx,Pharaoh's Quest,527.0,49.99,0.09485768500948767
Scorpion Pyramid,Pharaoh's Quest,792.0,99.99,0.12625
Police Station,City,783.0,99.99,0.12770114942528735
Flexible and Straight Tracks,City,24.0,19.99,0.8329166666666666
City Advent Calendar,City,232.0,34.99,0.1508189655172414
Commuter Jet,City,108.0,,
Mace Windu's Jedi Starfighter,Star Wars,309.0,39.99,0.12941747572815535
Battle for Geonosis,Star Wars,331.0,39.99,0.12081570996978852
Naboo Starfighter,Star Wars,318.0,49.99,0.15720125786163522
Hoth Echo Base,Star Wars,773.0,89.99,0.11641655886157826
Clone Trooper Battle Pack,Star Wars,85.0,12.99,0.15282352941176472
Mandalorian Battle Pack,Star Wars,68.0,12.99,0.1910294117647059
Imperial V-wing Starfighter,Star Wars,139.0,19.99,0.14381294964028776
The Battle of Naboo,Star Wars,241.0,24.99,0.10369294605809128
Bounty Hunter Assault Gunship,Star Wars,389.0,49.99,0.1285089974293059
T-6 Jedi Shuttle,Star Wars,389.0,59.99,0.1542159383033419
Ewok Attack,Star Wars,166.0,24.99,0.15054216867469877
Sith Nightspeeder,Star Wars,214.0,24.99,0.11677570093457944
Star Wars Advent Calendar,Star Wars,266.0,39.99,0.15033834586466166
Geonosian Starfighter,Star Wars,155.0,29.99,0.19348387096774192
Darth Maul's Sith Infiltrator,Star Wars,479.0,69.99,0.14611691022964507
Anakin Skywalker and Sebulba's Podracers,Star Wars,810.0,89.99,0.11109876543209876
Republic Frigate,Star Wars,1015.0,119.99,0.1182167487684729
Millennium Falcon,Star Wars,1254.0,139.99,0.1116347687400319
Ocean Speeder,Atlantis,54.0,4.99,0.09240740740740741
Seabed Strider,Atlantis,105.0,9.99,0.09514285714285714
Angler Attack,Atlantis,201.0,19.99,0.09945273631840795
Deep Sea Raider,Atlantis,265.0,29.99,0.11316981132075471
City of Atlantis,Atlantis,686.0,69.99,0.10202623906705538
Mini Container Truck,Technic,119.0,10.99,0.0923529411764706
Off-Roader,Technic,141.0,19.99,0.14177304964539006
Mini Mobile Crane,Technic,292.0,24.99,0.08558219178082191
Rescue Helicopter,Technic,408.0,39.99,0.09801470588235295
Backhoe Loader,Technic,609.0,59.99,0.09850574712643678
Super Car,Technic,1281.0,119.99,0.09366900858704137
Bucket Truck,Technic,593.0,49.99,0.08430016863406409
Extreme Cruiser,Technic,590.0,59.99,0.10167796610169492
Flatbed Truck,Technic,1115.0,99.99,0.08967713004484304
Mercedes-Benz Unimog U 400,Technic,2048.0,199.99,0.0976513671875
Radiator Springs Lightning McQueen,Cars,35.0,6.99,0.19971428571428573
Radiator Springs Classic Mater,Cars,52.0,6.99,0.13442307692307692
Tokyo Pit Stop,Cars,147.0,14.99,0.10197278911564626
Storming Enforcer,Racers,97.0,12.99,0.13391752577319588
Dragon Dueler,Racers,94.0,12.99,0.13819148936170214
Sting Striker,Racers,82.0,12.99,0.15841463414634147
Vicious Viper,Racers,96.0,12.99,0.1353125
Urban Enforcer,Racers,45.0,5.99,0.13311111111111112
Rod Rider,Racers,48.0,5.99,0.12479166666666668
Demon Destroyer,Racers,51.0,5.99,0.11745098039215687
Smokin' Slickster,Racers,44.0,5.99,0.13613636363636364
World Grand Prix Racing Rivalry,Cars,136.0,14.99,0.11022058823529413
Mater's Spy Zone,Cars,114.0,14.99,0.13149122807017544
Escape at Sea,Cars,159.0,19.99,0.12572327044025156
Ultimate Build Lightning McQueen,Cars,242.0,29.99,0.12392561983471073
Mack's Team Truck,Cars,374.0,39.99,0.10692513368983958
Flo's V8 Cafe,Cars,517.0,59.99,0.1160348162475822
Spy Jet Escape,Cars,339.0,49.99,0.1474631268436578
Big Bentley Bust Out,Cars,743.0,69.99,0.09419919246298789
Ultimate Build Mater,Cars,288.0,29.99,0.10413194444444444
Ultimate Build Francesco,Cars,196.0,29.99,0.15301020408163266
Tokyo International Circuit,Cars,842.0,89.99,0.10687648456057007
LEGO Minifigures - Series 3 {Random bag} ,Collectable Minifigures,,2.99,
Fisherman,Collectable Minifigures,9.0,2.99,0.33222222222222225
Pilot,Collectable Minifigures,7.0,2.99,0.42714285714285716
Tribal Chief,Collectable Minifigures,6.0,2.99,0.49833333333333335
Samurai Warrior,Collectable Minifigures,7.0,2.99,0.42714285714285716
Snowboarder,Collectable Minifigures,7.0,2.99,0.42714285714285716
Space Villain,Collectable Minifigures,9.0,2.99,0.33222222222222225
Sumo Wrestler,Collectable Minifigures,6.0,2.99,0.49833333333333335
Mummy,Collectable Minifigures,5.0,2.99,0.5980000000000001
Elf,Collectable Minifigures,8.0,2.99,0.37375
Tennis Player,Collectable Minifigures,6.0,2.99,0.49833333333333335
Race Car Driver,Collectable Minifigures,7.0,2.99,0.42714285714285716
Gorilla Suit Guy,Collectable Minifigures,6.0,2.99,0.49833333333333335
Space Alien,Collectable Minifigures,6.0,2.99,0.49833333333333335
Hula Dancer,Collectable Minifigures,8.0,2.99,0.37375
Rapper,Collectable Minifigures,7.0,2.99,0.42714285714285716
Baseball Player,Collectable Minifigures,6.0,2.99,0.49833333333333335
LEGO Minifigures - Series 3 - Complete,Collectable Minifigures,110.0,,
LEGO Minifigures - Series 3 - Sealed Box,Collectable Minifigures,,,
LEGO Minifigures - Series 4 {Random bag} ,Collectable Minifigures,,2.99,
Lawn Gnome,Collectable Minifigures,8.0,2.99,0.37375
Kimono Girl,Collectable Minifigures,6.0,2.99,0.49833333333333335
Musketeer,Collectable Minifigures,7.0,2.99,0.42714285714285716
Punk Rocker,Collectable Minifigures,6.0,2.99,0.49833333333333335
Surfer Girl,Collectable Minifigures,6.0,2.99,0.49833333333333335
Viking,Collectable Minifigures,10.0,2.99,0.29900000000000004
The Monster,Collectable Minifigures,4.0,2.99,0.7475
Hockey Player,Collectable Minifigures,9.0,2.99,0.33222222222222225
Street Skater,Collectable Minifigures,8.0,2.99,0.37375
Sailor,Collectable Minifigures,6.0,2.99,0.49833333333333335
Soccer Player,Collectable Minifigures,7.0,2.99,0.42714285714285716
Werewolf,Collectable Minifigures,6.0,2.99,0.49833333333333335
Hazmat Guy,Collectable Minifigures,6.0,2.99,0.49833333333333335
Artist,Collectable Minifigures,7.0,2.99,0.42714285714285716
Ice Skater,Collectable Minifigures,8.0,2.99,0.37375
Crazy Scientist,Collectable Minifigures,6.0,2.99,0.49833333333333335
LEGO Minifigures - Series 4 - Complete,Collectable Minifigures,110.0,,
LEGO Minifigures - Series 4 - Sealed Box,Collectable Minifigures,,,
LEGO Minifigures - Series 5 {Random bag} ,Collectable Minifigures,,2.99,
Graduate,Collectable Minifigures,7.0,2.99,0.42714285714285716
Gladiator,Collectable Minifigures,7.0,2.99,0.42714285714285716
Royal Guard,Collectable Minifigures,6.0,2.99,0.49833333333333335
Ice Fisherman,Collectable Minifigures,8.0,2.99,0.37375
Cave Woman,Collectable Minifigures,7.0,2.99,0.42714285714285716
Lizard Man,Collectable Minifigures,6.0,2.99,0.49833333333333335
Zookeeper,Collectable Minifigures,7.0,2.99,0.42714285714285716
Lumberjack,Collectable Minifigures,6.0,2.99,0.49833333333333335
Small Clown,Collectable Minifigures,6.0,2.99,0.49833333333333335
Fitness Instructor,Collectable Minifigures,6.0,2.99,0.49833333333333335
Detective,Collectable Minifigures,6.0,2.99,0.49833333333333335
Evil Dwarf,Collectable Minifigures,10.0,2.99,0.29900000000000004
Boxer,Collectable Minifigures,5.0,2.99,0.5980000000000001
Egyptian Queen,Collectable Minifigures,6.0,2.99,0.49833333333333335
Gangster,Collectable Minifigures,7.0,2.99,0.42714285714285716
Snowboarder Guy,Collectable Minifigures,6.0,2.99,0.49833333333333335
LEGO Minifigures - Series 5 - Complete,Collectable Minifigures,106.0,,
LEGO Minifigures - Series 5 - Sealed Box,Collectable Minifigures,,,
Harbour Set,Education,906.0,,
Community Minifigure Set,Education,256.0,49.99,0.1952734375
Fairytale and Historic Minifigure Set,Education,227.0,49.99,0.22022026431718061
Wheels Set,Education,286.0,39.99,0.13982517482517484
WeDo Resource Set,Education,326.0,,
Green City Challenge Set,Education,1365.0,,
Simple Machines Set,Education,204.0,,
Food Factor Challenge Kit,Education,2119.0,,
Diagon Alley,Harry Potter,2025.0,149.99,0.07406913580246914
Pet Shop,Advanced models,2032.0,149.99,0.07381397637795276
Maersk Train,Advanced models,1234.0,119.99,0.09723662884927066
Volkswagen T1 Camper Van,Advanced models,1334.0,119.99,0.08994752623688156
Super Star Destroyer ,Star Wars,3152.0,399.99,0.1269003807106599
Winter Village Post Office,Advanced models,822.0,69.99,0.08514598540145984
Shuttle Expedition,Advanced models,1230.0,99.99,0.08129268292682926
Compass Sensor,Mindstorms,1.0,54.99,54.99
Colour Sensor ,Mindstorms,1.0,54.99,54.99
HERO Recon Team,HERO Factory,31.0,,
Slave I,Star Wars,76.0,,
Mini Turbo Shredder,Ninjago,83.0,,
Bounty Hunter Assault Gunship,Star Wars,81.0,,
Space Designer,Master Builder Academy,178.0,29.99,0.1684831460674157
Micro-Scale,Master Builder Academy,222.0,,
Robots,Master Builder Academy,155.0,,
Airplanes ,Master Builder Academy,150.0,,
Willis Tower,Architecture,69.0,19.99,0.2897101449275362
Rockefeller Center,Architecture,240.0,39.99,0.166625
Burj Khalifa,Architecture,208.0,24.99,0.12014423076923077
Farnsworth House,Architecture,546.0,59.99,0.10987179487179488
Robie House,Architecture,2276.0,199.99,0.08786906854130053
Brandenburg Gate,Architecture,363.0,34.99,0.09639118457300276
Shinkai 6500 Submarine,Ideas,413.0,,
Life Of George 1,Life of George,146.0,29.99,0.20541095890410957
Police Helicopter,City,32.0,,
Jet Ski,City,24.0,,
Satellite,City,35.0,,
Bee,Creator,23.0,,
Lighthouse,Creator,25.0,,
Truck,Creator,56.0,,
Clown Fish,Creator,59.0,,
Panda,Creator,62.0,,
Reindeer,Creator,66.0,,
Holiday Wreath,Creator,50.0,,
Pudsey Bear,Creator,95.0,,
Buggy Racer,Racers,26.0,,
AAT,Star Wars,46.0,,
Republic Attack Cruiser,Star Wars,41.0,,
AT-ST,Star Wars,46.0,,
Vulture Droid,Star Wars,42.0,,
Ninja Glider,Ninjago,26.0,,
Skeleton Chopper,Ninjago,41.0,,
Ninja Training,Ninjago,32.0,,
Dragon Fight,Ninjago,31.0,,
Jay,Ninjago,5.0,,
Desert Glider,Pharaoh's Quest,29.0,,
Desert Rover,Pharaoh's Quest,34.0,,
Trolley,Harry Potter,22.0,,
The Lab,Harry Potter,34.0,,
Guido,Cars,34.0,,
Grem,Cars,52.0,,
Mini Black Pearl,Pirates of the Caribbean,47.0,,
Jack Sparrow's Boat,Pirates of the Caribbean,22.0,,
Captain Jack Sparrow,Pirates of the Caribbean,4.0,,
Jack Sparrow,Pirates of the Caribbean,4.0,,
ADU Walker,Space,34.0,,
Jetpack,Space,19.0,,
Heart Book,Seasonal,51.0,4.99,0.09784313725490197
Valentine Letter Set,Seasonal,41.0,4.99,0.12170731707317074
Easter Basket,Seasonal,86.0,4.99,0.05802325581395349
Easter Bunny,Seasonal,95.0,4.99,0.052526315789473685
Brickley the Sea Serpent,Miscellaneous,59.0,,
Halloween Set,Seasonal,71.0,4.99,0.07028169014084508
Spiders Set,Seasonal,54.0,4.99,0.09240740740740741
Mini Santa Set,Seasonal,72.0,4.99,0.06930555555555556
Holiday Stocking,Seasonal,76.0,4.99,0.06565789473684211
Christmas Tree,Seasonal,77.0,4.99,0.06480519480519481
Christmas Candle,Seasonal,,,
Mini Hogwarts Express,Harry Potter,64.0,4.99,0.07796875
City Super Pack 4 in 1,City,352.0,,
Star Wars Super Pack 3 in 1,Star Wars,484.0,,
Star Wars Super Pack 3 in 1,Star Wars,330.0,,
Co-Pack DUPLO Bricks & More,Duplo,145.0,,
Co-Pack System Bricks & More,Bricks and More,970.0,,
Super Pack 3 in 1,Ninjago,599.0,,
Super Pack 3 in 1,Cars,823.0,,
3-in-1 Super Pack,Cars,234.0,,
City Super Pack 4 in 1,City,964.0,,
City Police Super Pack 5 in 1,City,828.0,,
Super Pack 3 in 1,Duplo,82.0,,
3-in-1 Super Pack,Ninjago,830.0,,
Star Wars Super Pack 3 in 1,Star Wars,367.0,,
Star Wars Super Pack 3 in 1,Star Wars,644.0,,
Technic Super Pack 4 in 1,Technic,1272.0,,
Super Pack 2-in-1,HERO Factory,61.0,,
City Trains Super Pack 4-in-1,City,1232.0,,
Value Pack,HERO Factory,60.0,,
Value Pack,HERO Factory,61.0,,
Super Pack 2-in-1,HERO Factory,61.0,,
AAA Battery Box,Power Functions,1.0,12.99,12.99
Train Motor,Power Functions,7.0,13.99,1.9985714285714287
Tokyo Key Chain,Gear,,,
Tokyo Magnet,Gear,,,
HERO Factory Mission Log Book,Gear,,3.99,
Diver Key Chain,Gear,,4.99,
Hammer Head Key Chain,Gear,,4.99,
Barracuda Guardian Key Chain,Gear,,4.99,
LEGO Atlantis Magnet Set,Gear,,14.99,
Wizard Key Chain,Gear,,4.99,
Princess Key Chain,Gear,,4.99,
Policeman Key Chain,Gear,,4.99,
City Burglars Magnet Set,Gear,,14.99,
Astronaut Key Chain,Gear,,4.99,
Kai Key Chain,Gear,,4.99,
Jay Key Chain,Gear,,4.99,
Cole Key Chain,Gear,,4.99,
Zane Key Chain,Gear,,4.99,
Sensei Wu Key Chain,Gear,,4.99,
Ninjago Magnet Set,Gear,,14.99,
Ninjago Sword,Gear,,14.99,
Ninjago Battle Arena,Ninjago,8.0,19.99,2.49875
Ninjago Headband,Gear,,4.99,
Ninjago Weapons Set + Lenticular Card,Ninjago,26.0,,
Ninjago Wallet,Gear,,,
Ninjago Trading Card Holder,Gear,,9.99,
Boba Fett,Gear,,4.99,
Emperor Palpatine,Gear,,4.99,
Bossk,Gear,,4.99,
Star Wars Magnet Set,Gear,,14.99,
Cad Bane,Gear,,4.99,
Aayla Secura,Gear,,4.99,
Star Wars Magnet Set,Gear,,14.99,
LEGO Signature Minifigure Towel,Gear,,14.99,
LEGO Minifigure Mug,Gear,,,
LEGO Signature Minifigure Umbrella,Gear,,14.99,
LEGO Signature Minifigure Stationery Set,Gear,,6.99,
LEGO 2x4 Brick Coin Bank,Gear,,7.99,
LEGO Signature Minifigure Playing Cards,Gear,,3.99,
LEGO Classic Logo Wallet,Gear,,9.99,
LEGO Classic Logo Magnet,Gear,,3.99,
Amset-Ra Key Chain,Gear,,4.99,
Jake Raines Key Chain,Gear,,,
Anubis Guard Key Chain,Gear,,4.99,
"Magnet Set: Amset-Ra, Jack Raines and Anubis Guard",Gear,,14.99,
Pharaoh's Quest Coin Bank,Gear,,19.99,
Skeleton Mummy Battle Pack,Pharaoh's Quest,29.0,14.99,0.516896551724138
Jack Sparrow Key Chain,Gear,,4.99,
Elizabeth Swann Key Chain,Gear,,4.99,
Barbossa Key Chain,Gear,,4.99,
Pirates of the Caribbean Magnet Set,Gear,,14.99,
Brick Calendar,Miscellaneous,120.0,14.99,0.12491666666666666
Shaak Ti,Gear,,4.99,
Jar Jar Binks,Gear,,4.99,
Small blue towel,Gear,,,
Medium red towel,Gear,,,
Large yellow towel,Gear,,,
Classic Minifigure Sticker Set,Gear,,2.99,
Pirates of the Caribbean Battle Pack,Pirates of the Caribbean,30.0,14.99,0.49966666666666665
Minifigure Wrapping Paper,Gear,,2.99,
LEGO Large Tote,Gear,,19.99,
"FIRST LEGO League Key Chain, Male",Gear,,,
"FIRST LEGO League Key Chain, Female",Gear,,,
Alien Conquest Battle Pack,Space,31.0,14.99,0.4835483870967742
Copenhagen Key Chain ,Gear,,,
Berlin Key Chain,Gear,,,
Canada Key Chain,Gear,,,
New York Key Chain,Gear,,,
Copenhagen LEGO Store Magnet,Gear,,,
I (love) NY Figure Magnet,Gear,,,
Minifigure Wedding Favour Set,Miscellaneous,24.0,7.99,0.3329166666666667
Holiday Bauble with Red Bricks,Seasonal,30.0,7.99,0.26633333333333337
Holiday Bauble with Gold Bricks,Seasonal,40.0,7.99,0.19975
Holiday Bauble with Green Bricks,Seasonal,36.0,7.99,0.22194444444444444
2012 US Calendar,Gear,,9.99,
Christmas Scene Magnet,Gear,,9.99,
Classic Gift Wrap,Gear,,3.99,
SpongeBob Super Hero Key Chain,Gear,,,
Patrick Super Hero Key Chain ,Gear,,,
LEGO HEROICA Storage Mat,Gear,,34.99,
Snake Sword,Gear,,9.99,
Green Bandana,Gear,,4.99,
Darth Vader Watch,Gear,,24.99,
Luke Skywalker Watch,Gear,,24.99,
Darth Vader pen,Gear,,9.99,
Yoda Connect & Build Pen ,Gear,,9.99,
R2-D2 Connect & Build Pen,Gear,,9.99,
Classic Brick Kids Watch,Gear,,24.99,
Accelerometer Sensor,Mindstorms,1.0,54.99,54.99
Infrared Seeker,Mindstorms,1.0,49.99,49.99
Gyroscopic Sensor,Mindstorms,1.0,54.99,54.99
Gift Card,Gear,,24.99,
Gift Card Reload,Gear,,54.99,
Infrared Link Sensor,Mindstorms,1.0,54.99,54.99
LEGO Minifigure Key Light,Gear,,,
Stormtrooper Kids' Watch,Gear,,24.99,
LEGO Minifigure 2GB USB Flash Drive,Gear,,24.99,
Creationary Booster Pack,Games,10.0,3.99,0.399
Anakin Skywalker watch,Gear,,24.99,
Count Dooko Watch,Gear,,19.99,
Yoda Watch,Gear,,24.99,
Ninjago Card Shrine,Ninjago,98.0,6.99,0.0713265306122449
Shadow ARF Trooper,Star Wars,5.0,,
Firefighter ZipBin Large Storage Toy Box,Gear,,24.99,
Yoda Mini Figure Clock,Gear,,29.99,
Portable Storage Case with Baseplate,Gear,,11.99,
Portable Storage Case with Baseplate,Gear,,11.99,
LEGO Star Wars III: The Clone Wars,Gear,,49.99,
LEGO Star Wars III: The Clone Wars,Gear,,49.99,
LEGO Star Wars III: The Clone Wars,Gear,,49.99,
LEGO Star Wars III: The Clone Wars,Gear,,29.99,
LEGO Star Wars III: The Clone Wars,Gear,,29.99,
LEGO Star Wars III: The Clone Wars,Gear,,29.99,
Ninja Princess,Gear,,,
Forestman,Gear,,,
Knight,Gear,,,
Classic black spaceman,Gear,,,
LEGO Star Wars III: The Clone Wars,Gear,,39.99,
Droid T-shirt - Kids,Gear,,14.99,
Droid T-shirt - Youth,Gear,,14.99,
LEGO Battles Ninjago,Gear,,29.99,
LEGO Pirates of the Caribbean: The Video Game - Nintendo DS,Gear,,29.99,
LEGO Pirates of the Caribbean: The Video Game - PS3,Gear,,49.99,
LEGO Pirates of the Caribbean: The Video Game - PSP,Gear,,29.99,
LEGO Pirates of the Caribbean: The Video Game - Wii,Gear,,49.99,
LEGO Pirates of the Caribbean: The Video Game - Nintendo 3DS,Gear,,39.99,
City Park Cafe,Friends,222.0,34.99,0.1576126126126126
Heartlake Flying Club,Friends,195.0,19.99,0.1025128205128205
Olivia's Tree House,Friends,191.0,19.99,0.10465968586387434
Stephanie's Cool Convertible,Friends,130.0,14.99,0.1153076923076923
Adventure Camper,Friends,309.0,34.99,0.11323624595469256
Summer Riding Camp,Friends,1112.0,99.99,0.08991906474820144
Emma's Horse Trailer,Friends,218.0,24.99,0.11463302752293578
Butterfly Beauty Shop,Friends,221.0,24.99,0.11307692307692307
Heartlake Vet,Friends,343.0,44.99,0.1311661807580175
Heartlake Stables,Friends,401.0,49.99,0.12466334164588529
Olivia's House,Friends,695.0,74.99,0.10789928057553956
Friends Advent Calendar,Friends,212.0,,
The Flying Dutchman,SpongeBob SquarePants,241.0,24.99,0.10369294605809128
Bikini Bottom Undersea Party,SpongeBob SquarePants,471.0,49.99,0.10613588110403398
Kokoriko,Games,115.0,,
Mini-Taurus,Games,165.0,,
City Alarm,Games,247.0,19.99,0.08093117408906882
Star Wars: The Battle of Hoth,Games,305.0,,
Maya Mystica,Games,,,
Phineas and Ferb,Games,,,
Ilrion,Games,240.0,19.99,0.08329166666666667
The Hobbit: An Unexpected Journey,Games,394.0,34.99,0.08880710659898478
Stephanie's Outdoor Bakery,Friends,45.0,6.99,0.15533333333333335
Emma's Splash Pool,Friends,43.0,5.99,0.13930232558139535
Andrea's Stage,Friends,87.0,9.99,0.11482758620689655
Olivia's Invention Workshop,Friends,81.0,9.99,0.12333333333333334
Mia's Puppy House,Friends,64.0,9.99,0.15609375
Stephanie's Pet Patrol,Friends,73.0,9.99,0.13684931506849315
Emma's Fashion Design Studio,Friends,79.0,9.99,0.12645569620253164
Olivia's Speedboat,Friends,65.0,9.99,0.15369230769230768
Andrea's Bunny House,Friends,62.0,9.99,0.16112903225806452
Mia's Bedroom,Friends,85.0,9.99,0.11752941176470588
Heartlake Dog Show,Friends,183.0,19.99,0.10923497267759562
Mining 4x4,City,102.0,11.99,0.11754901960784314
Loader and Tipper,City,139.0,17.99,0.12942446043165468
Mining Truck,City,269.0,34.99,0.1300743494423792
Excavator Transporter,City,305.0,39.99,0.13111475409836065
The Mine,City,748.0,99.99,0.13367647058823529
Off-road Command Center,City,403.0,39.99,0.09923076923076923
Recycling Truck,City,297.0,29.99,0.10097643097643097
City Garage,City,933.0,119.99,0.12860664523043944
Fire Truck,City,243.0,19.99,0.0822633744855967
Fire Plane,City,522.0,59.99,0.11492337164750958
Fire ATV,City,50.0,5.99,0.1198
City Advent Calendar,City,248.0,39.99,0.16125
Helicopter Rescue,City,425.0,59.99,0.1411529411764706
Fire Transporter,City,522.0,49.99,0.09576628352490422
Ambulance,City,199.0,19.99,0.10045226130653266
Garbage Truck,City,208.0,19.99,0.09610576923076922
Dirt Bike Transporter,City,201.0,19.99,0.09945273631840795
Dump Truck,City,222.0,19.99,0.09004504504504504
Car and Caravan,City,218.0,19.99,0.09169724770642201
Patrol Car,City,97.0,11.99,0.12360824742268041
Police Pursuit,City,129.0,17.99,0.13945736434108527
Robber's Hideout,City,317.0,39.99,0.12615141955835962
Heavy-Lift Helicopter,City,393.0,49.99,0.12720101781170484
Forest Police Station,City,633.0,79.99,0.12636650868878357
Police Dog Van,City,313.0,34.99,0.1117891373801917
Glider,City,101.0,,
Police Helicopter,City,112.0,,
Batman,DC Comics Super Heroes,40.0,14.99,0.37475
The Joker,DC Comics Super Heroes,57.0,14.99,0.2629824561403509
Green Lantern,DC Comics Super Heroes,38.0,14.99,0.3944736842105263
Iron Man,Marvel Super Heroes,44.0,14.99,0.3406818181818182
The Hulk,Marvel Super Heroes,39.0,14.99,0.38435897435897437
Captain America,Marvel Super Heroes,44.0,14.99,0.3406818181818182
Pink Brick Box,Duplo,30.0,14.99,0.49966666666666665
Brick Box Green,Duplo,31.0,14.99,0.4835483870967742
Pink Brick Box,Bricks and More,224.0,14.99,0.06691964285714286
Farm Brick Box,Bricks and More,232.0,14.99,0.06461206896551724
Fun With Bricks,Duplo,85.0,29.99,0.3528235294117647
Fun With Bricks,Bricks and More,600.0,29.99,0.04998333333333333
Build & Play Box,Duplo,150.0,59.99,0.39993333333333336
Build & Play Box,Make and Create,1000.0,,
My First Build,Duplo,59.0,24.99,0.4235593220338983
Building Plates,Duplo,3.0,9.99,3.33
Fun With Vehicles,Bricks and More,525.0,29.99,0.05712380952380952
Police Building Set,Bricks and More,130.0,9.99,0.07684615384615384
Safari Building Set,Bricks and More,152.0,9.99,0.06572368421052632
Ambush Attack,Dino,80.0,11.99,0.149875
Tower Takedown,Dino,136.0,19.99,0.14698529411764705
Raptor Chase,Dino,259.0,29.99,0.11579150579150578
Triceratops Trapper,Dino,271.0,49.99,0.1844649446494465
T-Rex Hunter,Dino,480.0,69.99,0.14581249999999998
Dino Defense HQ,Dino,793.0,99.99,0.1260907944514502
Ocean Interceptor,Dino,222.0,34.99,0.1576126126126126
Red,Duplo,13.0,14.99,1.153076923076923
Race Day,Duplo,26.0,24.99,0.9611538461538461
Siddeley Saves The Day,Duplo,34.0,34.99,1.0291176470588237
My First Farm,Duplo,62.0,24.99,0.4030645161290322
Racing Team,Duplo,34.0,,
Zoo Train,Duplo,12.0,,
Tow Truck,Duplo,17.0,,
Sleeping Beauty's Room,Duplo,16.0,12.99,0.811875
Snow White's Cottage,Duplo,28.0,14.99,0.5353571428571429
Cinderella's Carriage,Duplo,20.0,24.99,1.2494999999999998
Cinderella's Castle,Duplo,77.0,39.99,0.5193506493506493
Photo Safari,Duplo,67.0,59.99,0.8953731343283582
The Big Zoo,Duplo,147.0,89.99,0.6121768707482993
Animal Clinic,Duplo,62.0,39.99,0.645
Fire Station,Duplo,63.0,,
Fire Chief,Duplo,6.0,9.99,1.665
Gas Station,Duplo,45.0,29.99,0.6664444444444444
Zoo Truck,Duplo,8.0,19.99,2.49875
Panda,Duplo,8.0,7.99,0.99875
EVO,HERO Factory,36.0,8.99,0.24972222222222223
TOXIC REAPA,HERO Factory,42.0,8.99,0.21404761904761904
ROCKA,HERO Factory,55.0,12.99,0.2361818181818182
BLACK PHANTOM,HERO Factory,124.0,19.99,0.16120967741935482
JAWBLADE,HERO Factory,45.0,8.99,0.19977777777777778
SURGE,HERO Factory,39.0,8.99,0.23051282051282052
SPLITFACE,HERO Factory,50.0,12.99,0.25980000000000003
NEX,HERO Factory,39.0,8.99,0.23051282051282052
CORE HUNTER,HERO Factory,51.0,12.99,0.25470588235294117
BULK,HERO Factory,61.0,12.99,0.21295081967213114
BREEZ,HERO Factory,55.0,12.99,0.2361818181818182
THORNRAXX,HERO Factory,44.0,12.99,0.2952272727272727
XT4,HERO Factory,39.0,8.99,0.23051282051282052
STORMER XL,HERO Factory,89.0,34.99,0.3931460674157304
SPEEDA DEMON,HERO Factory,192.0,34.99,0.18223958333333334
STRINGER,HERO Factory,42.0,8.99,0.21404761904761904
VOLTIX,HERO Factory,61.0,12.99,0.21295081967213114
FURNO,HERO Factory,56.0,12.99,0.2319642857142857
Grow Caterpillar Grow!,Duplo,17.0,12.99,0.7641176470588236
Busy Farm,Duplo,15.0,12.99,0.866
Let's Go! Vroom!,Duplo,12.0,12.99,1.0825
Creative Sorter,Duplo,23.0,19.99,0.8691304347826087
Creative Cakes,Duplo,55.0,24.99,0.45436363636363636
The Dynamic Duo Funhouse Escape,DC Comics Super Heroes,380.0,39.99,0.10523684210526316
Catwoman Catcycle City Chase,DC Comics Super Heroes,89.0,12.99,0.14595505617977528
The Batcave,DC Comics Super Heroes,690.0,69.99,0.10143478260869565
Superman vs. Power Armor Lex,DC Comics Super Heroes,207.0,19.99,0.09657004830917873
Batwing Battle Over Gotham City,DC Comics Super Heroes,278.0,34.99,0.125863309352518
Batmobile and the Two-Face Chase,DC Comics Super Heroes,531.0,49.99,0.09414312617702449
Captain America's Avenging Cycle,Marvel Super Heroes,72.0,12.99,0.18041666666666667
Wolverine's Chopper Showdown,Marvel Super Heroes,199.0,19.99,0.10045226130653266
Loki's Cosmic Cube Escape,Marvel Super Heroes,181.0,19.99,0.11044198895027624
Hulk's Helicarrier Breakout,Marvel Super Heroes,389.0,49.99,0.1285089974293059
Quinjet Aerial Battle,Marvel Super Heroes,735.0,69.99,0.09522448979591835
Spider-Man's Doc Ock Ambush,Marvel Super Heroes,295.0,29.99,0.10166101694915254
Mini Sports Car,Creator,70.0,5.99,0.08557142857142858
Mini Fire Truck,Creator,69.0,5.99,0.08681159420289855
Super Soarer,Creator,130.0,14.99,0.1153076923076923
Blue Roadster,Creator,152.0,14.99,0.09861842105263158
Prehistoric Hunters,Creator,191.0,17.99,0.09418848167539266
Street Rebel,Creator,196.0,19.99,0.10198979591836733
Propeller Adventures,Creator,241.0,19.99,0.0829460580912863
Transport Chopper,Creator,383.0,34.99,0.09135770234986945
Seaside House,Creator,415.0,49.99,0.1204578313253012
Highway Pickup,Creator,805.0,79.99,0.09936645962732919
LEGO Minifigures - Series 6 {Random bag} ,Collectable Minifigures,,,
Classic Alien,Collectable Minifigures,6.0,,
Highland Battler,Collectable Minifigures,7.0,,
Sleepyhead,Collectable Minifigures,6.0,,
Lady Liberty,Collectable Minifigures,8.0,,
Bandit,Collectable Minifigures,8.0,,
Flamenco Dancer,Collectable Minifigures,6.0,,
Clockwork Robot,Collectable Minifigures,5.0,,
Minotaur,Collectable Minifigures,8.0,,
Leprechaun,Collectable Minifigures,9.0,2.99,0.33222222222222225
Roman Soldier,Collectable Minifigures,7.0,,
Surgeon,Collectable Minifigures,7.0,,
Skater Girl,Collectable Minifigures,8.0,,
Intergalactic Girl,Collectable Minifigures,9.0,2.99,0.33222222222222225
Butcher,Collectable Minifigures,7.0,,
Mechanic,Collectable Minifigures,7.0,,
Genie,Collectable Minifigures,7.0,,
LEGO Minifigures - Series 6 - Complete,Collectable Minifigures,115.0,,
LEGO Minifigures - Series 6 - Sealed Box,Collectable Minifigures,,,
LEGO Minifigures - Series 7 {Random bag} ,Collectable Minifigures,,,
Swimming Champion,Collectable Minifigures,6.0,,
Aztec Warrior,Collectable Minifigures,7.0,,
Bunny Suit Guy,Collectable Minifigures,6.0,,
Bride,Collectable Minifigures,11.0,,
Ocean King,Collectable Minifigures,7.0,,
Bagpiper,Collectable Minifigures,7.0,,
Daredevil,Collectable Minifigures,8.0,,
Galaxy Patrol,Collectable Minifigures,7.0,,
Tennis Ace,Collectable Minifigures,6.0,2.99,0.49833333333333335
Jungle Boy,Collectable Minifigures,7.0,2.99,0.42714285714285716
Hippie,Collectable Minifigures,9.0,,
Computer Programmer,Collectable Minifigures,7.0,,
Viking Woman,Collectable Minifigures,10.0,,
Evil Knight,Collectable Minifigures,8.0,,
Rocker Girl,Collectable Minifigures,6.0,,
Grandma Visitor,Collectable Minifigures,7.0,,
LEGO Minifigures - Series 7 - Complete,Collectable Minifigures,119.0,,
LEGO Minifigures - Series 7 - Sealed Box,Collectable Minifigures,,,
LEGO Minifigures - Series 8 {Random bag} ,Collectable Minifigures,,,
Evil Robot,Collectable Minifigures,8.0,,
Conquistador,Collectable Minifigures,8.0,,
Lederhosen Guy,Collectable Minifigures,6.0,,
Cowgirl,Collectable Minifigures,6.0,,
Football Player,Collectable Minifigures,8.0,,
Diver,Collectable Minifigures,8.0,,
Downhill Skier,Collectable Minifigures,9.0,,
Businessman,Collectable Minifigures,7.0,,
Fairy,Collectable Minifigures,8.0,2.99,0.37375
Santa,Collectable Minifigures,7.0,,
Vampire Bat,Collectable Minifigures,5.0,,
DJ,Collectable Minifigures,7.0,,
Red Cheerleader,Collectable Minifigures,7.0,,
Actor,Collectable Minifigures,7.0,,
Pirate Captain,Collectable Minifigures,6.0,,
Alien Villainess,Collectable Minifigures,9.0,,
LEGO Minifigures - Series 8 - Complete ,Collectable Minifigures,116.0,,
LEGO Minifigures - Series 8 - Sealed Box,Collectable Minifigures,,,
LEGO Minifigures - Team GB {Random bag},Collectable Minifigures,,,
Brawny Boxer,Collectable Minifigures,6.0,,
Stealth Swimmer,Collectable Minifigures,6.0,,
Relay Runner,Collectable Minifigures,7.0,,
Judo Fighter,Collectable Minifigures,6.0,,
Tactical Tennis Player,Collectable Minifigures,7.0,,
Flexible Gymnast,Collectable Minifigures,9.0,,
Wondrous Weightlifter,Collectable Minifigures,9.0,,
Horseback rider,Collectable Minifigures,6.0,,
Agile Archer,Collectable Minifigures,7.0,,
LEGO Minifigures - Team GB - Complete,Collectable Minifigures,63.0,,
LEGO Minifigures - Team GB - Sealed Box,Collectable Minifigures,60.0,,
Crazy Demon,Racers,86.0,9.99,0.11616279069767442
Bone Cruncher,Racers,87.0,9.99,0.11482758620689655
Star Striker,Racers,88.0,9.99,0.11352272727272728
Nitro Predator,Racers,87.0,9.99,0.11482758620689655
Community Services Set,Education,130.0,,
Wild Animals Set,Education,98.0,,
Small building plates,Education,22.0,,
Community Starter Set,Education,1907.0,,
Mini Tow Truck,Technic,136.0,11.99,0.08816176470588236
Tracked Crane,Technic,218.0,19.99,0.09169724770642201
Quad Bike,Technic,199.0,24.99,0.12557788944723616
Tractor,Technic,353.0,39.99,0.11328611898016998
Jet Plane,Technic,499.0,49.99,0.10018036072144289
Pick-Up Tow Truck,Technic,954.0,69.99,0.07336477987421383
Helicopter,Technic,1056.0,119.99,0.11362689393939393
Logging Truck,Technic,1308.0,139.99,0.10702599388379205
4x4 Crawler,Technic,1327.0,199.99,0.15070836473247928
Venomari Shrine,Ninjago,86.0,6.99,0.08127906976744187
Kai's Blade Cycle,Ninjago,188.0,14.99,0.07973404255319148
Jay's Storm Fighter,Ninjago,243.0,24.99,0.1028395061728395
Rattlecopter,Ninjago,327.0,29.99,0.09171253822629968
Cole's Tread Assault,Ninjago,286.0,39.99,0.13982517482517484
Fangpyre Truck Ambush,Ninjago,452.0,49.99,0.11059734513274337
Destiny's Bounty,Ninjago,680.0,79.99,0.11763235294117647
Lasha's Bite Cycle,Ninjago,250.0,24.99,0.09996
Samurai Mech,Ninjago,452.0,39.99,0.08847345132743363
Ultra Sonic Raider,Ninjago,622.0,79.99,0.12860128617363342
Epic Dragon Battle,Ninjago,915.0,119.99,0.13113661202185792
Fangpyre Mech,Ninjago,255.0,24.99,0.09799999999999999
Spinner Battle Arena,Ninjago,418.0,39.99,0.09566985645933015
Fangpyre Wrecking Ball,Ninjago,415.0,49.99,0.1204578313253012
The Swamp Creature,Monster Fighters,70.0,6.99,0.09985714285714287
The Mummy,Monster Fighters,90.0,11.99,0.13322222222222221
The Werewolf,Monster Fighters,243.0,19.99,0.0822633744855967
The Vampyre Hearse,Monster Fighters,314.0,34.99,0.11143312101910828
The Zombies,Monster Fighters,447.0,39.99,0.08946308724832215
The Crazy Scientist & His Monster,Monster Fighters,430.0,49.99,0.11625581395348837
The Ghost Train,Monster Fighters,741.0,79.99,0.10794871794871794
Vampyre Castle,Monster Fighters,949.0,99.99,0.10536354056902002
Gandalf Arrives,The Lord of the Rings,83.0,12.99,0.15650602409638553
Shelob Attacks,The Lord of the Rings,227.0,19.99,0.08806167400881057
Uruk-Hai Army,The Lord of the Rings,257.0,29.99,0.11669260700389104
Attack On Weathertop,The Lord of the Rings,430.0,59.99,0.13951162790697674
The Mines of Moria,The Lord of the Rings,776.0,79.99,0.10307989690721649
The Battle of Helm's Deep,The Lord of the Rings,1368.0,129.99,0.09502192982456141
The Orc Forge,The Lord of the Rings,363.0,39.99,0.11016528925619835
Francesco Bernoulli,Cars,49.0,6.99,0.1426530612244898
Ivan Mater,Cars,52.0,6.99,0.13442307692307692
Finn McMissile,Cars,52.0,6.99,0.13442307692307692
Jeff Gorvette,Cars,54.0,6.99,0.12944444444444445
Agent Mater's Escape,Cars,144.0,14.99,0.10409722222222223
Red's Water Rescue,Cars,199.0,19.99,0.10045226130653266
Ultimate Race Set,Cars,280.0,29.99,0.10710714285714285
Oil Rig Escape,Cars,422.0,49.99,0.11845971563981043
Elite Clone Trooper & Commando Droid Battle Pack,Star Wars,98.0,12.99,0.13255102040816327
Endor Rebel Trooper & Imperial Trooper Battle Pack,Star Wars,77.0,12.99,0.1687012987012987
Droid Escape,Star Wars,137.0,19.99,0.14591240875912406
Geonosian Cannon,Star Wars,132.0,19.99,0.15143939393939393
TIE Fighter,Star Wars,413.0,54.99,0.13314769975786925
X-wing Starfighter,Star Wars,560.0,59.99,0.107125
Anakin's Jedi Interceptor,Star Wars,300.0,39.99,0.1333
Gold Leader's Y-wing Starfighter,Star Wars,458.0,49.99,0.10914847161572053
Desert Skiff,Star Wars,213.0,24.99,0.11732394366197182
Republic Striker-class Starfighter,Star Wars,376.0,44.99,0.11965425531914894
Saesee Tiin's Jedi Starfighter,Star Wars,244.0,29.99,0.12290983606557376
Gungan Sub,Star Wars,465.0,69.99,0.15051612903225806
Sith Fury-class Interceptor,Star Wars,748.0,89.99,0.12030748663101604
Star Wars Advent Calendar,Star Wars,234.0,49.99,0.21363247863247864
Malevolence,Star Wars,1101.0,119.99,0.1089827429609446
Jabba's Palace,Star Wars,717.0,119.99,0.16735006973500696
Pre Vizsla's Mandalorian Fighter,Star Wars,403.0,49.99,0.12404466501240695
Palpatine's Arrest,Star Wars,645.0,89.99,0.13951937984496124
Kendo Cole,Ninjago,28.0,4.99,0.17821428571428571
Lloyd Garmadon,Ninjago,26.0,4.99,0.19192307692307692
Jay ZX,Ninjago,28.0,4.99,0.17821428571428571
Zane ZX,Ninjago,37.0,4.99,0.13486486486486488
Mezmo,Ninjago,32.0,4.99,0.1559375
Bytar,Ninjago,25.0,4.99,0.1996
Lizaru,Ninjago,25.0,4.99,0.1996
Training Set,Ninjago,219.0,19.99,0.09127853881278539
Kai ZX,Ninjago,21.0,9.99,0.4757142857142857
Lasha,Ninjago,21.0,9.99,0.4757142857142857
Kendo Zane,Ninjago,22.0,9.99,0.4540909090909091
Snappa,Ninjago,20.0,9.99,0.4995
Samurai X,Ninjago,23.0,9.99,0.43434782608695655
Fang-Suei,Ninjago,19.0,9.99,0.5257894736842106
Spitta,Ninjago,20.0,9.99,0.4995
NRG Jay,Ninjago,20.0,9.99,0.4995
Fangdam,Ninjago,20.0,9.99,0.4995
NRG Cole,Ninjago,20.0,9.99,0.4995
Slithraa,Ninjago,20.0,9.99,0.4995
Lloyd ZX,Ninjago,23.0,9.99,0.43434782608695655
Starter Set,Ninjago,62.0,19.99,0.32241935483870965
NRG Zane,Ninjago,23.0,9.99,0.43434782608695655
Weapon Pack,Ninjago,73.0,19.99,0.27383561643835613
Senior Solutions Challenge Kit,Education,1615.0,,
Naboo Starfighter & Naboo,Star Wars,56.0,9.99,0.17839285714285716
Sebulba's Podracer & Tatooine,Star Wars,80.0,9.99,0.124875
TIE Interceptor & Death Star,Star Wars,65.0,9.99,0.15369230769230768
X-wing Starfighter & Yavin 4,Star Wars,77.0,9.99,0.12974025974025974
Twin-Pod Cloud Car & Bespin,Star Wars,78.0,9.99,0.1280769230769231
AT-ST & Endor,Star Wars,65.0,9.99,0.15369230769230768
Kingdoms Joust,Castle,1575.0,119.99,0.07618412698412698
Town Hall,Advanced models,2766.0,199.99,0.07230296456977585
R2-D2,Star Wars,2127.0,179.99,0.0846215326751293
Sopwith Camel,Advanced models,883.0,99.99,0.11323895809739523
B-wing Starfighter,Star Wars,1487.0,199.99,0.1344922663080027
Haunted House,Monster Fighters,2064.0,179.99,0.08720445736434108
Winter Village Cottage,Advanced models,1490.0,99.99,0.06710738255033556
Mini Modulars,Promotional,1356.0,79.99,0.05898967551622419
Mickey Mouse and Friends,Duplo,65.0,34.99,0.5383076923076924
Creature Designer,Master Builder Academy,232.0,,
Auto Designer,Master Builder Academy,188.0,,
The Lost Village,Master Builder Academy,229.0,,
The Forbidden Bridge,Master Builder Academy,220.0,,
The Dark Lair,Master Builder Academy,183.0,,
Sydney Opera House,Architecture,270.0,39.99,0.1481111111111111
Big Ben,Architecture,346.0,29.99,0.08667630057803467
Villa Savoye,Architecture,660.0,69.99,0.10604545454545454
Sungnyemun,Architecture,325.0,34.99,0.10766153846153846
Hayabusa,Ideas,369.0,49.99,0.13547425474254743
Minecraft Micro World: The Forest,Ideas,480.0,34.99,0.07289583333333334
Life Of George 2,Life of George,146.0,29.99,0.20541095890410957
Police Boat,City,35.0,,
Police Microlight,City,32.0,,
Fire Helicopter,City,37.0,,
Star Destroyer,Star Wars,38.0,,
Anakin's Podracer,Star Wars,38.0,,
STAP,Star Wars,24.0,,
MTT,Star Wars,51.0,,
Vet {Random Bag},Duplo,4.0,,
Vet - Vet,Duplo,,,
Vet - Boy,Duplo,,,
Vet - Rabbit,Duplo,,,
Vet - Dog,Duplo,,,
Vet - Cat,Duplo,,,
Zoo {Random Bag},Duplo,4.0,,
Zoo - Monkey,Duplo,,,
Zoo - Zookeeper,Duplo,,,
Zoo - Tiger Cub,Duplo,,,
Zoo - Turtle,Duplo,,,
Jumping Snakes,Ninjago,42.0,,
Hidden Sword,Ninjago,39.0,,
Car,Ninjago,27.0,,
Rattla,Ninjago,5.0,,
Beach,Friends,28.0,,
Skateboarder,Friends,28.0,,
Desk,Friends,26.0,,
Car,Friends,32.0,,
Mailbox,Friends,41.0,,
Racing Car,City,35.0,,
Mining Dozer,City,32.0,,
Mining Quad,City,40.0,,
Batman Jetski,DC Comics Super Heroes,40.0,,
Batmobile,DC Comics Super Heroes,45.0,,
Quinjet,Marvel Super Heroes,33.0,,
Thor and the Cosmic Cube,Marvel Super Heroes,25.0,,
Lex Luthor,DC Comics Super Heroes,14.0,,
Hawkeye with equipment,Marvel Super Heroes,24.0,,
Ganrash,Games,55.0,,
Aircraft,Creator,45.0,,
Helicopter,Creator,52.0,,
Santa,Creator,57.0,,
Ferrari 150   Italia,Racers,34.0,,
Scuderia Ferrari Truck,Racers,41.0,,
F40,Racers,48.0,,
250 GT Berlinetta,Racers,25.0,,
458 Italia,Racers,33.0,,
FXX,Racers,53.0,,
Shell F1 Team,Racers,47.0,,
Zombie chauffeur coffin car,Monster Fighters,32.0,,
Ghost,Monster Fighters,33.0,,
Frodo with cooking corner,The Lord of the Rings,33.0,,
Uruk-Hai with ballista,The Lord of the Rings,21.0,,
Mirkwood Elf Guard,The Hobbit,27.0,,
Gandalf at Dol Guldur,The Hobbit,31.0,,
New York Taxi,Creator,44.0,,
Statue Of Liberty,Creator,39.0,,
Valentine's Day Box,Seasonal,51.0,4.99,0.09784313725490197
Duck with Ducklings,Seasonal,51.0,4.99,0.09784313725490197
Bunny and Chick,Seasonal,52.0,4.99,0.09596153846153846
Witch,Seasonal,71.0,4.99,0.07028169014084508
Turkey,Seasonal,52.0,4.99,0.09596153846153846
Christmas Train,Seasonal,82.0,4.99,0.06085365853658537
Rocking Horse,Seasonal,49.0,4.99,0.10183673469387755
Cobra,Promotional,37.0,,
Hockey player,Promotional,43.0,,
Worm & Earth,Promotional,29.0,,
Tulip,Promotional,16.0,,
Olympic flame,Promotional,15.0,,
Moose,Promotional,27.0,,
Cat,Promotional,25.0,,
Duck,Promotional,24.0,,
Lawnmower,Promotional,25.0,,
Shark,Promotional,27.0,,
Pilgrim,Promotional,23.0,,
Owl,Promotional,41.0,,
Birthday Cake,Seasonal,24.0,,
Mini Sopwith Camel,Miscellaneous,65.0,,
Zombie Car,Monster Fighters,60.0,,
BuildToExpress Set,Education,200.0,,
Cars Super Pack 3-in-1,Duplo,67.0,,
Super Pack 3-in-1,Cars,381.0,,
Super Pack 3-in-1,Ninjago,560.0,,
Super Pack 3-in-1,Star Wars,633.0,,
City Police Super Pack 2-in-1,City,190.0,,
City Fire Super Pack 3-in-1,City,815.0,,
City Police Super Pack 4-in-1,City,932.0,,
City Police Super Pack 4-in-1,City,965.0,,
Super Pack 3-in-1,Duplo,96.0,,
Super Pack 3-in-1,Duplo,34.0,,
Super Pack 3-in-1,Star Wars,298.0,,
Super Pack 3-in-1,Star Wars,763.0,,
Super Pack 3-in-1,Technic,1163.0,,
3-in-1 Super Pack,Friends,358.0,,
Super Pack 4-in-1,Friends,495.0,,
City Police Super Pack 2-in-1,City,226.0,,
"Furno, Jawblade Mission Pack ",HERO Factory,101.0,,
Teacher's Kit,Education,63.0,,
Super Pack 3-in-1,Ninjago,504.0,,
Bonus/Value Pack,HERO Factory,78.0,,
Bonus/Value Pack,HERO Factory,39.0,,
City Traffic Super Pack 4-in-1,City,826.0,,
"Stringer, Voltix Mission Pack ",HERO Factory,109.0,,
Riddles for the Ring,The Hobbit,105.0,9.99,0.09514285714285714
Escape from Mirkwood Spiders,The Hobbit,298.0,29.99,0.10063758389261744
Attack of the Wargs,The Hobbit,400.0,49.99,0.124975
An Unexpected Gathering,The Hobbit,652.0,69.99,0.10734662576687115
Barrel Escape,The Hobbit,334.0,39.99,0.1197305389221557
The Goblin King Battle,The Hobbit,841.0,99.99,0.11889417360285374
Darth Vader,Gear,,,
Zipper Pullers (Black),Gear,,,
Zipper Pullers (Aqua),Gear,,,
Pink Hippo Key Chain,Gear,,4.99,
Monkey Key Chain,Gear,,4.99,
Silicone Coasters,Gear,,14.99,
Minifigure Presentation Boxes,Miscellaneous,89.0,9.99,0.11224719101123595
LEGO mug,Gear,,,
Desk Business Card Holder,Miscellaneous,150.0,14.99,0.09993333333333333
Pencil Holder,Miscellaneous,157.0,14.99,0.09547770700636943
Classic Magnet Set Collection,Gear,,9.99,
Friends school starter pack,Gear,,,
Lloyd ZX Key Chain,Gear,,4.99,
Snake Key Chain,Gear,,4.99,
Ninjago Character Card Shrine,Ninjago,88.0,14.99,0.1703409090909091
Darth Maul,Gear,,4.99,
Snowtrooper,Gear,,4.99,
Luke Skywalker,Gear,,4.99,
Minifigure Accessory Pack,Collectable Minifigures,63.0,14.99,0.23793650793650795
Lord Vampyre Key Chain,Gear,,4.99,
Ghost Key Chain,Gear,,4.99,
The Monster Key Chain,Gear,,4.99,
Ninjago Sheath with Snake Sword ,Gear,,,
I Brick LEGOLAND Key Chain (Male),Gear,,,
I Brick LEGOLAND Magnet (Male),Gear,,,
VIP Top 5 Boxed Minifigures,Collectable Minifigures,37.0,,
Rock Band Minifigure Accessory Set,Collectable Minifigures,62.0,14.99,0.2417741935483871
Halloween Accessory Set,Collectable Minifigures,58.0,14.99,0.258448275862069
Orlando Key Chain,Gear,,,
Anaheim Key Chain,Gear,,,
Statue of Liberty Minifigure Magnet,Gear,,,
I (love) Orlando figure magnet,Gear,,,
I (love) Anaheim Figure Magnet,Gear,,,
Holiday Bauble,Seasonal,3.0,,
Card Making Kit,Gear,,24.99,
Spider-Man Key Chain,Gear,,4.99,
Marvel Super Heroes magnets,Gear,,,
Holiday Wrapping Paper,Gear,,3.99,
Mordor Orc Key Chain,Gear,,4.99,
Gandalf the Grey Key Chain,Gear,,4.99,
Gimli Key Chain,Gear,,4.99,
Lord of the Rings Magnet Set,Gear,,14.99,
Loki Key Chain,Gear,,4.99,
Heartlake City Playmat,Gear,,14.99,
Drink Tumbler,Gear,,7.99,
Hawaii Key Chain,Gear,,,
LEGO Kingdoms Chess Set,Gear,,49.99,
Fire Fighter Key Chain,Gear,,4.99,
LEGO City Accessory Pack,City,43.0,14.99,0.3486046511627907
Purple Brick Key Chain,Gear,,,
Turquoise Brick Key Chain,Gear,,5.99,
Nature's Fury Challenge Kit,Education,2031.0,,
Palace Cinema,Creator Expert,2196.0,149.99,0.06830145719489983
Horizon Express,Creator Expert,1351.0,129.99,0.09621761658031089
Sydney Opera House,Creator Expert,2989.0,319.99,0.10705587152893944
Winter Village Market,Creator Expert,1261.0,99.99,0.07929421094369547
Ewok Village,Star Wars,1990.0,249.99,0.12562311557788944
Tower of Orthanc,The Lord of the Rings,2359.0,199.99,0.08477744807121662
Red Five X-wing Starfighter,Star Wars,1559.0,199.99,0.12828094932649134
Year of the Snake,Seasonal,243.0,,
Horse Stable,Duplo,44.0,29.99,0.681590909090909
Zoo Friends,Duplo,5.0,4.99,0.998
Zoo Bus,Duplo,19.0,29.99,1.578421052631579
Circus Show,Duplo,25.0,14.99,0.5996
My First Circus,Duplo,62.0,34.99,0.5643548387096774
Play House,Duplo,83.0,59.99,0.7227710843373494
Train Accessory Set,Duplo,24.0,19.99,0.8329166666666666
My First Train Set,Duplo,52.0,44.99,0.8651923076923077
Deluxe Train Set,Duplo,134.0,109.99,0.820820895522388
Dusty and Chug,Duplo,16.0,14.99,0.936875
Ripslinger's Air Race,Duplo,40.0,24.99,0.6247499999999999
Skipper's Flight School,Duplo,53.0,39.99,0.7545283018867925
Jake's Treasure Hunt,Duplo,22.0,14.99,0.6813636363636364
Never Land Hideout,Duplo,37.0,24.99,0.6754054054054054
Jake's Pirate Ship Bucky,Duplo,56.0,39.99,0.7141071428571429
Ariel's Undersea Castle,Duplo,39.0,29.99,0.768974358974359
Ariel's Magical Boat Ride,Duplo,30.0,14.99,0.49966666666666665
My First Garden,Duplo,38.0,12.99,0.3418421052631579
My First Construction Site,Duplo,43.0,19.99,0.4648837209302325
Garbage Truck,Duplo,16.0,19.99,1.249375
Big Front Loader,Duplo,12.0,19.99,1.6658333333333333
Circus Transport,Duplo,9.0,19.99,2.221111111111111
Creative Cars,Duplo,40.0,19.99,0.49974999999999997
Toddler Build and Play Cubes,Duplo,17.0,12.99,0.7641176470588236
Toddler Build and Pull Along,Duplo,15.0,14.99,0.9993333333333333
Creative Bucket,Duplo,65.0,29.99,0.46138461538461534
Creative Chest,Duplo,106.0,44.99,0.424433962264151
Giant Tower,Duplo,200.0,59.99,0.29995
Number Train,Duplo,31.0,19.99,0.6448387096774193
A Fairy Tale,Duplo,15.0,12.99,0.866
Peekaboo Jungle,Duplo,13.0,12.99,0.9992307692307693
Toddler Starter Building Set,Duplo,37.0,19.99,0.5402702702702702
LEGO Monster Trucks,Bricks and More,197.0,19.99,0.1014720812182741
My First LEGO Princess,Bricks and More,88.0,9.99,0.11352272727272728
My First LEGO Set,Bricks and More,148.0,14.99,0.10128378378378379
LEGO® Blue Suitcase,Bricks and More,146.0,24.99,0.17116438356164382
LEGO® Pink Suitcase,Bricks and More,151.0,24.99,0.16549668874172185
My First LEGO Fire Station,Bricks and More,90.0,9.99,0.111
LEGO Creative Bucket,Bricks and More,607.0,29.99,0.049406919275123556
Creative Chest,Bricks and More,609.0,,
Creative Tower,Bricks and More,1600.0,,
Batman: Arkham Asylum Breakout,DC Comics Super Heroes,1619.0,159.99,0.0988202594193947
Brickmaster City parts,City,,,
Brickmaster Ninjago parts,Ninjago,,,
Brickmaster Friends: Treasure Hunt in Heartlake City parts,Friends,95.0,,
Brickmaster Ninjago: Fight the Power of the Snakes parts,Ninjago,156.0,,
Brickmaster Legends of Chima: The Quest for CHI parts,Legends of Chima,187.0,,
Brickmaster Star Wars: Battle for the Stolen Crystals parts,Star Wars,189.0,,
Time Machine,Master Builder Academy,,,
World Architecture,Master Builder Academy,,,
Inventor's Lab,Master Builder Academy,,,
Adventure Designer,Master Builder Academy,638.0,79.99,0.12537617554858935
Invention Designer,Master Builder Academy,675.0,79.99,0.1185037037037037
Robot & Micro Designer,Master Builder Academy,383.0,49.99,0.13052219321148825
Action Designer,Master Builder Academy,576.0,79.99,0.13887152777777778
The Leaning Tower of Pisa,Architecture,345.0,34.99,0.10142028985507247
Imperial Hotel,Architecture,1188.0,129.99,0.10941919191919193
United Nations Headquarters,Architecture,597.0,49.99,0.0837353433835846
Marina Bay Sands,Architecture,602.0,,
Studio,Architecture,1210.0,159.99,0.13222314049586778
The DeLorean Time Machine,Ideas,401.0,34.99,0.0872568578553616
The Village,Minecraft,466.0,34.99,0.07508583690987125
The Nether,Minecraft,469.0,34.99,0.07460554371002133
Circus {Random Bag},Duplo,3.0,,
Circus - Lion Tamer,Duplo,,,
Circus - Lion,Duplo,,,
Circus - Girl,Duplo,,,
Circus - Clown,Duplo,,,
Circus - Rabbit,Duplo,,,
Ice Cream Stand,Friends,34.0,,
Birthday Party,Friends,39.0,,
Summer Picnic,Friends,33.0,,
Robin and Redbird Cycle,DC Comics Super Heroes,40.0,,
Iron Man vs. Fighting Drone,Marvel Super Heroes,24.0,,
Gun mounting system,Marvel Super Heroes,17.0,,
Little Car,Creator,50.0,,
Little Helicopter,Creator,56.0,,
Little Eagle,Creator,48.0,,
Christmas Tree,Creator,51.0,,
Legolas Greenleaf,The Hobbit,33.0,,
Lake-town Guard,The Hobbit,31.0,,
Fire Speedboat,City,40.0,,
Fire Car,City,36.0,,
Police Helicopter,City,33.0,,
Ride-On Lawn Mower,City,42.0,,
Coast Guard Seaplane,City,37.0,,
Mini Mech,Space,28.0,,
Space Insectoid,Space,27.0,,
Z-95 Headhunter,Star Wars,54.0,,
Mandalorian Fighter,Star Wars,49.0,,
Republic Frigate,Star Wars,45.0,4.99,0.1108888888888889
Umbaran MHC,Star Wars,49.0,,
Ewar's Acro Fighter,Legends of Chima,33.0,,
Winzar's Pack Patrol,Legends of Chima,38.0,,
Crug's Swamp Jet,Legends of Chima,23.0,,
Leonidas' Jungle Dragster,Legends of Chima,30.0,,
Razcal's Double-Crosser,Legends of Chima,36.0,,
Crawley,Legends of Chima,11.0,,
Lone Ranger's Pump Car,The Lone Ranger,24.0,,
Tonto's Campfire,The Lone Ranger,20.0,,
Kraang's Turtle Target Practice ,Teenage Mutant Ninja Turtles,36.0,,
Mini Speeder,Creator,65.0,6.99,0.10753846153846154
Mini Skyflyer,Creator,62.0,6.99,0.11274193548387097
Super Racer,Creator,121.0,14.99,0.12388429752066116
Red Rotors,Creator,145.0,14.99,0.10337931034482759
Fierce Flyer,Creator,166.0,14.99,0.09030120481927711
Construction Hauler,Creator,256.0,17.99,0.0702734375
Highway Speedster,Creator,286.0,24.99,0.08737762237762237
Power Mech,Creator,223.0,19.99,0.08964125560538116
Thunder Wings,Creator,235.0,19.99,0.08506382978723404
Small Cottage,Creator,271.0,24.99,0.0922140221402214
Treehouse,Creator,356.0,29.99,0.08424157303370786
Aviation Adventures,Creator,618.0,59.99,0.09707119741100324
Family House,Creator,756.0,69.99,0.09257936507936507
Mindstorms EV3,Mindstorms,601.0,349.99,0.5823460898502496
Valentine's Day Heart Box,Seasonal,54.0,4.99,0.09240740740740741
Springtime Scene,Seasonal,88.0,7.99,0.09079545454545455
Easter Bunny with Basket,Seasonal,96.0,4.99,0.05197916666666667
Summer Scene,Seasonal,40.0,4.99,0.12475
Halloween Pumpkin,Seasonal,52.0,4.99,0.09596153846153846
Thanksgiving Feast,Seasonal,46.0,7.99,0.17369565217391306
Fall Scene,Seasonal,72.0,7.99,0.11097222222222222
Decorating the Tree,Seasonal,110.0,7.99,0.07263636363636364
Santa's Sleigh,Seasonal,77.0,7.99,0.10376623376623377
Igloo,Promotional,40.0,,
Log Cabin,Promotional,59.0,,
Sea Turtle,Promotional,29.0,,
Lamb,Promotional,32.0,,
Kingfisher,Promotional,21.0,,
Fisherman,Promotional,37.0,,
Crab,Promotional,37.0,,
Flamingo,Promotional,31.0,,
Pirate,Promotional,44.0,,
Witch,Promotional,22.0,,
Lawn Mower,Promotional,44.0,,
Rocking Horse,Promotional,32.0,,
Panda,Creator,70.0,,
Geoffrey,Promotional,90.0,,
Hot Dog Stand,Creator,39.0,,
Mini VW T1 Camper Van,Creator,76.0,,
Friends Pencil Holder,Friends,138.0,14.99,0.1086231884057971
LEGOLAND Picture Frame -- Florida Edition,Miscellaneous,122.0,,
LEGOLAND Picture Frame -- Deutschland Edition,Miscellaneous,122.0,,
LEGOLAND Picture Frame -- Billund Edition,Miscellaneous,122.0,,
LEGOLAND Picture Frame -- Malaysia Edition,Miscellaneous,122.0,,
LEGOLAND Picture Frame -- Windsor Edition,Miscellaneous,,,
LEGOLAND Picture Frame -- California Edition,Miscellaneous,122.0,,
Christmas Tree Stand,Creator,115.0,,
Christmas Tree Truck,Creator,118.0,,
Accessory Pack,HERO Factory,6.0,,
BMW,Racers,30.0,,
Water Scooter Fun,Friends,28.0,6.99,0.24964285714285714
Mia's Magic Tricks,Friends,90.0,9.99,0.111
Emma's Karate Class,Friends,93.0,9.99,0.10741935483870968
Olivia's Newborn Foal,Friends,70.0,9.99,0.1427142857142857
Rehearsal Stage,Friends,198.0,19.99,0.10095959595959596
Heartlake High,Friends,487.0,49.99,0.10264887063655032
Downtown Bakery,Friends,253.0,29.99,0.11853754940711461
Heartlake Pet Salon,Friends,242.0,29.99,0.12392561983471073
Heartlake City Pool,Friends,423.0,39.99,0.09453900709219859
Andrea's Bedroom,Friends,75.0,9.99,0.1332
Olivia's Beach Buggy,Friends,94.0,9.99,0.10627659574468086
Stephanie's Soccer Practice,Friends,80.0,9.99,0.124875
Emma's Sports Car,Friends,159.0,14.99,0.09427672955974843
Dolphin Cruiser,Friends,612.0,69.99,0.1143627450980392
Friends Advent Calendar,Friends,213.0,29.99,0.1407981220657277
Squirrel's Tree House,Friends,41.0,4.99,0.12170731707317074
Cat's Playground,Friends,31.0,4.99,0.16096774193548388
Turtle's Little Oasis,Friends,33.0,4.99,0.15121212121212121
Hedgehog's Hideaway,Friends,34.0,4.99,0.14676470588235294
Poodle's Little Palace,Friends,46.0,4.99,0.10847826086956522
Bunny's Hutch,Friends,37.0,4.99,0.13486486486486488
Fawn's Forest,Friends,35.0,4.99,0.14257142857142857
Parrot's Perch,Friends,32.0,4.99,0.1559375
Puppy's Playhouse,Friends,39.0,4.99,0.12794871794871795
4x4 Crawler Exclusive Edition ,Technic,1585.0,199.99,0.12617665615141957
Grand Prix Racer,Technic,1141.0,129.99,0.11392638036809817
Mini Off-Roader,Technic,100.0,12.99,0.12990000000000002
Hovercraft,Technic,170.0,19.99,0.11758823529411763
Mini Backhoe Loader,Technic,246.0,24.99,0.10158536585365853
Monster Truck,Technic,329.0,49.99,0.1519452887537994
Excavator,Technic,720.0,79.99,0.11109722222222221
Moto Cross Bike,Technic,253.0,39.99,0.15806324110671938
Service Truck,Technic,1276.0,129.99,0.10187304075235111
Mobile Crane MK II,Technic,2606.0,219.99,0.08441673062164237
Off-road Racer,Technic,160.0,19.99,0.12493749999999999
Race Car,Technic,158.0,19.99,0.12651898734177214
FURNO XL,HERO Factory,103.0,19.99,0.19407766990291261
PYROX,HERO Factory,50.0,12.99,0.25980000000000003
ROCKA,HERO Factory,43.0,9.99,0.23232558139534884
SCAROX,HERO Factory,46.0,9.99,0.21717391304347827
BULK,HERO Factory,50.0,9.99,0.1998
BRUIZER,HERO Factory,62.0,12.99,0.20951612903225808
BREEZ,HERO Factory,49.0,9.99,0.20387755102040817
OGRUM,HERO Factory,59.0,12.99,0.22016949152542373
SURGE,HERO Factory,66.0,12.99,0.1968181818181818
DRAGON BOLT,HERO Factory,149.0,19.99,0.13416107382550335
STORMER,HERO Factory,69.0,12.99,0.1882608695652174
FROST BEAST,HERO Factory,60.0,12.99,0.2165
EVO,HERO Factory,51.0,9.99,0.19588235294117648
AQUAGON,HERO Factory,41.0,9.99,0.24365853658536585
JET ROCKA,HERO Factory,290.0,34.99,0.12065517241379312
Creative Builder,Education,124.0,,
Playground,Education,104.0,,
Tech Machines Set,Education,95.0,239.95,2.5257894736842106
Soft Starter Set,Education,84.0,,
Creative Cards,Education,,,
StoryStarter Core Set,Education,1147.0,,
EV3 Intelligent Brick,Mindstorms,1.0,224.95,224.95
DC Rechargeable Battery,Education,1.0,99.95,99.95
EV3 Large Servo Motor,Mindstorms,1.0,29.99,29.99
EV3 Medium Servo Motor,Mindstorms,1.0,29.95,29.95
EV3 Ultrasonic Sensor,Mindstorms,1.0,39.95,39.95
EV3 Gyro Sensor,Mindstorms,1.0,34.99,34.99
EV3 Colour Sensor,Mindstorms,1.0,49.95,49.95
EV3 Touch Sensor,Mindstorms,1.0,29.95,29.95
EV3 Infrared Beacon,Mindstorms,1.0,34.99,34.99
EV3 Infrared Sensor,Mindstorms,1.0,34.99,34.99
Cable Pack,Education,7.0,24.95,3.564285714285714
Bluetooth Dongle,Education,,,
WiFi Dongle,Education,,,
Education EV3 Core Set,Education,541.0,,
Education EV3 Expansion Set,Education,853.0,,
Batman,Games,257.0,,
Story Mixer,Games,425.0,,
Legends of Chima,Games,211.0,19.99,0.09473933649289099
The Battle of Helm's Deep,Games,338.0,,
Fire Motorcycle,City,40.0,6.99,0.17475000000000002
Fire Chief Car,City,80.0,11.99,0.149875
Fire Truck,City,208.0,19.99,0.09610576923076922
Fire Emergency,City,301.0,39.99,0.13285714285714287
Fire Station,City,753.0,99.99,0.13278884462151394
Fire Boat,City,222.0,29.99,0.13509009009009007
Police ATV,City,51.0,6.99,0.13705882352941176
High Speed Chase,City,283.0,29.99,0.10597173144876325
Museum Break-in,City,563.0,69.99,0.12431616341030194
Helicopter Arrest,City,352.0,49.99,0.14201704545454547
Fire Helicopter,City,232.0,39.99,0.1723706896551724
Surfer Rescue,City,32.0,6.99,0.2184375
Coast Guard 4x4 & Diving Boat,City,128.0,19.99,0.156171875
Coast Guard Helicopter,City,230.0,39.99,0.1738695652173913
Coast Guard Patrol,City,449.0,79.99,0.17815144766146992
Coast Guard Plane,City,279.0,44.99,0.16125448028673836
Tanker Truck,City,191.0,19.99,0.10465968586387434
Flatbed Truck,City,212.0,19.99,0.09429245283018867
Cement Mixer,City,221.0,19.99,0.0904524886877828
Stunt Plane,City,140.0,19.99,0.14278571428571427
Cargo Truck,City,321.0,39.99,0.12457943925233646
Cargo Heliplane,City,393.0,44.99,0.11447837150127227
Cargo Terminal,City,658.0,99.99,0.15196048632218845
LEGO City Starter Set,City,272.0,29.99,0.11025735294117646
City Advent Calendar,City,244.0,29.99,0.12290983606557376
Grand Prix Truck,City,315.0,29.99,0.0952063492063492
Town Square,City,914.0,119.99,0.1312800875273523
Monster Truck Transporter,City,299.0,29.99,0.1003010033444816
City Corner,City,483.0,,
Bonus/Value Pack,City,328.0,,
Super Pack 3-in-1,Star Wars,727.0,,
Super Pack 3-in-1,Legends of Chima,596.0,,
Fire Value Pack,City,653.0,,
Super Pack 3-in-1,Duplo,89.0,,
Friends Value Pack,Friends,844.0,,
Star Wars Value Pack,Star Wars,821.0,,
Super Pack 2-in-1,HERO Factory,153.0,,
LEGO Star Wars Super Pack,Star Wars,1360.0,,
LEGO Chima Super Pack,Legends of Chima,1081.0,,
Super Pack,City,814.0,,
Ultimate Stormer,HERO Factory,129.0,,
Bonus/Value Pack,HERO Factory,215.0,,
Bonus/Value Pack,HERO Factory,158.0,,
Bonus/Value Pack,HERO Factory,158.0,,
Bonus/Value Pack,HERO Factory,155.0,,
Ultimate Evo,HERO Factory,92.0,,
Animals Christmas Party Set,Friends,328.0,,
Chi Hyper Laval ,Legends of Chima,122.0,,
Chi Hyper Gorzan,Legends of Chima,127.0,,
Chi Hyper Cragger,Legends of Chima,120.0,,
Razcal's Glider,Legends of Chima,109.0,11.99,0.11
Crawley's Claw Ripper,Legends of Chima,139.0,14.99,0.10784172661870504
Lennox' Lion Attack,Legends of Chima,230.0,24.99,0.10865217391304346
Eris' Eagle Interceptor,Legends of Chima,348.0,34.99,0.10054597701149426
Wakz' Pack Tracker,Legends of Chima,297.0,29.99,0.10097643097643097
Laval's Royal Fighter,Legends of Chima,417.0,39.99,0.09589928057553958
Cragger's Command Ship,Legends of Chima,609.0,79.99,0.13134646962233168
Eglor's Twin Bike,Legends of Chima,223.0,24.99,0.11206278026905829
Gorzan's Gorilla Striker,Legends of Chima,505.0,49.99,0.098990099009901
Worriz's Combat Lair,Legends of Chima,664.0,69.99,0.10540662650602409
The Lion CHI Temple,Legends of Chima,1258.0,119.99,0.09538155802861685
Eagles' Castle,Legends of Chima,369.0,39.99,0.1083739837398374
Razar's CHI Raider,Legends of Chima,412.0,39.99,0.09706310679611652
Equila's Ultra Striker,Legends of Chima,339.0,39.99,0.11796460176991151
The Croc Swamp Hideout,Legends of Chima,647.0,69.99,0.10817619783616692
Ring of Fire,Legends of Chima,83.0,14.99,0.18060240963855423
Target Practice,Legends of Chima,101.0,14.99,0.1484158415841584
CHI Waterfall,Legends of Chima,106.0,14.99,0.14141509433962265
Boulder Bowling,Legends of Chima,93.0,14.99,0.16118279569892474
Jungle Gates,Legends of Chima,81.0,14.99,0.18506172839506174
Nest Dive,Legends of Chima,97.0,14.99,0.15453608247422682
Ice Tower,Legends of Chima,101.0,14.99,0.1484158415841584
Skunk Attack,Legends of Chima,97.0,14.99,0.15453608247422682
Royal Roost,Legends of Chima,105.0,14.99,0.14276190476190476
Whirling Vines,Legends of Chima,77.0,14.99,0.19467532467532467
Tower Target,Legends of Chima,92.0,14.99,0.16293478260869565
Swamp Jump,Legends of Chima,91.0,14.99,0.16472527472527473
Croc Chomp,Legends of Chima,105.0,14.99,0.14276190476190476
CHI Battles,Legends of Chima,92.0,19.99,0.21728260869565216
Sky Joust,Legends of Chima,117.0,19.99,0.17085470085470084
Ultimate Speedor Tournament,Legends of Chima,246.0,29.99,0.12191056910569105
CHI Laval,Legends of Chima,55.0,14.99,0.27254545454545454
CHI Eris,Legends of Chima,67.0,14.99,0.2237313432835821
CHI Gorzan,Legends of Chima,59.0,14.99,0.2540677966101695
CHI Cragger,Legends of Chima,65.0,14.99,0.2306153846153846
CHI Worriz,Legends of Chima,55.0,14.99,0.27254545454545454
CHI Razar,Legends of Chima,68.0,14.99,0.22044117647058825
Forest Ambush,Castle,90.0,11.99,0.13322222222222221
Gold Getaway,Castle,199.0,19.99,0.10045226130653266
The Gatehouse Raid,Castle,248.0,29.99,0.12092741935483871
Dragon Mountain,Castle,376.0,49.99,0.13295212765957448
King's Castle,Castle,996.0,99.99,0.10039156626506024
Kai's Fire Mech,Ninjago,102.0,9.99,0.09794117647058824
Warrior Bike,Ninjago,210.0,19.99,0.09519047619047619
Cole's Earth Driller,Ninjago,171.0,19.99,0.11690058479532163
The Golden Dragon,Ninjago,252.0,29.99,0.11900793650793651
Garmatron,Ninjago,328.0,39.99,0.12192073170731708
Temple of Light,Ninjago,565.0,69.99,0.12387610619469025
Space Swarmer,Space,86.0,11.99,0.1394186046511628
Swarm Interceptor,Space,218.0,19.99,0.09169724770642201
Warp Stinger,Space,310.0,29.99,0.09674193548387096
Star Slicer,Space,311.0,39.99,0.12858520900321543
Vermin Vaporizer,Space,506.0,59.99,0.11855731225296443
Bug Obliterator,Space,711.0,79.99,0.11250351617440224
Crater Creeper,Space,171.0,19.99,0.11690058479532163
CLS-89 Eradicator Mech,Space,440.0,39.99,0.09088636363636364
Hive Crawler,Space,560.0,69.99,0.12498214285714285
Galactic Titan,Space,1012.0,99.99,0.09880434782608695
LEGO Minifigures Series 9 {Random bag},Collectable Minifigures,7.0,,
Waiter,Collectable Minifigures,7.0,,
Cyclops,Collectable Minifigures,6.0,,
Hollywood Starlet,Collectable Minifigures,6.0,,
Heroic Knight,Collectable Minifigures,10.0,,
Roman Emperor,Collectable Minifigures,6.0,,
Policeman,Collectable Minifigures,7.0,,
Chicken Suit Guy,Collectable Minifigures,4.0,,
Roller Derby Girl,Collectable Minifigures,7.0,,
Fortune Teller,Collectable Minifigures,7.0,2.99,0.42714285714285716
Judge,Collectable Minifigures,7.0,2.99,0.42714285714285716
Alien Avenger,Collectable Minifigures,7.0,,
Mermaid,Collectable Minifigures,6.0,,
Battle Mech,Collectable Minifigures,6.0,,
Mr. Good and Evil,Collectable Minifigures,6.0,,
Forest Maiden,Collectable Minifigures,7.0,,
Plumber,Collectable Minifigures,6.0,,
LEGO Minifigures - Series 9 - Complete,Collectable Minifigures,105.0,,
LEGO Minifigures - Series 9 - Sealed Box,Collectable Minifigures,,,
LEGO Minifigures Series 10 {Random bag},Collectable Minifigures,,,
Librarian,Collectable Minifigures,7.0,,
Medusa,Collectable Minifigures,5.0,,
Roman Commander,Collectable Minifigures,8.0,,
Warrior Woman,Collectable Minifigures,7.0,,
Tomahawk Warrior,Collectable Minifigures,6.0,,
Skydiver,Collectable Minifigures,5.0,,
Bumblebee Girl,Collectable Minifigures,7.0,,
Grandpa,Collectable Minifigures,7.0,,
Paintball Player,Collectable Minifigures,7.0,2.99,0.42714285714285716
Sea Captain,Collectable Minifigures,7.0,,
Sad Clown,Collectable Minifigures,6.0,,
Revolutionary Soldier,Collectable Minifigures,6.0,,
Baseball Fielder,Collectable Minifigures,5.0,,
Trendsetter,Collectable Minifigures,7.0,,
Decorator,Collectable Minifigures,9.0,,
Motorcycle Mechanic,Collectable Minifigures,6.0,,
LEGO Minifigures - Series 10 - Complete (except Mr. Gold),Collectable Minifigures,105.0,,
LEGO Minifigures - Series 10 - Sealed Box,Collectable Minifigures,,,
Mr. Gold,Collectable Minifigures,8.0,,
LEGO Minifigures Series 11 {Random bag},Collectable Minifigures,7.0,,
Barbarian,Collectable Minifigures,7.0,,
Scarecrow,Collectable Minifigures,7.0,,
Pretzel Girl,Collectable Minifigures,7.0,,
Evil Mech,Collectable Minifigures,8.0,,
Island Warrior,Collectable Minifigures,8.0,,
Gingerbread Man,Collectable Minifigures,5.0,,
Holiday Elf,Collectable Minifigures,8.0,,
Yeti,Collectable Minifigures,5.0,,
Mountain Climber,Collectable Minifigures,7.0,2.99,0.42714285714285716
Welder,Collectable Minifigures,7.0,,
Scientist,Collectable Minifigures,7.0,,
Saxophone Player,Collectable Minifigures,6.0,,
Diner Waitress,Collectable Minifigures,10.0,,
Grandma,Collectable Minifigures,7.0,,
Constable,Collectable Minifigures,6.0,,
Lady Robot,Collectable Minifigures,5.0,,
LEGO Minifigures - Series 11 - Complete,Collectable Minifigures,110.0,,
LEGO Minifigures - Series 11 - Sealed Box,Collectable Minifigures,,,
Clone Troopers vs. Droidekas,Star Wars,124.0,12.99,0.10475806451612904
Republic Troopers vs. Sith Troopers,Star Wars,63.0,12.99,0.2061904761904762
AT-RT,Star Wars,222.0,19.99,0.09004504504504504
A-wing Starfighter,Star Wars,177.0,24.99,0.1411864406779661
Z-95 Headhunter,Star Wars,373.0,49.99,0.13402144772117963
Rancor Pit,Star Wars,380.0,59.99,0.15786842105263157
Jedi Starfighter & Planet Kamino,Star Wars,61.0,9.99,0.16377049180327868
Republic Assault Ship & Planet Coruscant,Star Wars,74.0,9.99,0.135
TIE Bomber & Asteroid Field,Star Wars,60.0,9.99,0.1665
Snowspeeder & Planet Hoth,Star Wars,69.0,,
B-Wing Starfighter & Planet Endor,Star Wars,83.0,,
Tantive IV & Planet Alderaan,Star Wars,102.0,,
BARC Speeder with Sidecar,Star Wars,226.0,24.99,0.11057522123893805
Umbaran MHC (Mobile Heavy Cannon),Star Wars,493.0,49.99,0.10139959432048681
Battle of Hoth,Star Wars,426.0,49.99,0.1173474178403756
Corporate Alliance Tank Droid,Star Wars,271.0,19.99,0.07376383763837638
Homing Spider Droid,Star Wars,295.0,29.99,0.10166101694915254
Duel on Geonosis,Star Wars,391.0,39.99,0.1022762148337596
JEK-14's Stealth Starfighter,Star Wars,550.0,69.99,0.12725454545454545
AT-TE ,Star Wars,794.0,89.99,0.11333753148614609
Jabba's Sail Barge,Star Wars,850.0,119.99,0.14116470588235294
Republic Gunship,Star Wars,1175.0,119.99,0.1021191489361702
Mandalorian Speeder,Star Wars,211.0,24.99,0.11843601895734597
Star Wars Advent Calendar,Star Wars,254.0,39.99,0.15744094488188978
HH-87 Starhopper,Star Wars,362.0,39.99,0.11046961325966852
Jedi Defender-class Cruiser,Star Wars,927.0,89.99,0.09707659115426105
Arctic Batman vs. Mr. Freeze: Aquaman on Ice,DC Comics Super Heroes,198.0,19.99,0.10095959595959596
The Bat vs. Bane: Tumbler Chase,DC Comics Super Heroes,368.0,39.99,0.10866847826086957
Superman Metropolis Showdown,DC Comics Super Heroes,119.0,12.99,0.10915966386554622
Superman: Battle of Smallville,DC Comics Super Heroes,418.0,49.99,0.11959330143540671
Spider-Man: Spider-Cycle Chase,Marvel Super Heroes,237.0,19.99,0.08434599156118143
Spider-Man: Daily Bugle Showdown,Marvel Super Heroes,476.0,49.99,0.10502100840336134
Iron Man: Extremis Sea Port Battle ,Marvel Super Heroes,195.0,19.99,0.1025128205128205
Iron Man: Malibu Mansion Attack,Marvel Super Heroes,364.0,39.99,0.10986263736263736
Iron Man vs. The Mandarin: Ultimate Showdown,Marvel Super Heroes,91.0,12.99,0.14274725274725275
Superman: Black Zero Escape,DC Comics Super Heroes,168.0,19.99,0.11898809523809523
The Wizard Battle,The Lord of the Rings,113.0,12.99,0.11495575221238938
The Council of Elrond,The Lord of the Rings,243.0,29.99,0.12341563786008229
Battle at the Black Gate,The Lord of the Rings,656.0,59.99,0.09144817073170732
Pirate Ship Ambush,The Lord of the Rings,756.0,99.99,0.13226190476190475
Dol Guldur Ambush,The Hobbit,217.0,19.99,0.09211981566820276
Mirkwood Elf Army ,The Hobbit,276.0,29.99,0.10865942028985506
Lake-town Chase,The Hobbit,470.0,49.99,0.10636170212765958
Dol Guldur Battle,The Hobbit,797.0,69.99,0.08781681304893349
Kraang Lab Escape,Teenage Mutant Ninja Turtles,90.0,12.99,0.14433333333333334
Shredder's Dragon Bike,Teenage Mutant Ninja Turtles,198.0,24.99,0.1262121212121212
Stealth Shell in Pursuit,Teenage Mutant Ninja Turtles,162.0,19.99,0.12339506172839505
Turtle Lair Attack,Teenage Mutant Ninja Turtles,488.0,49.99,0.10243852459016393
The Shellraiser Street Chase,Teenage Mutant Ninja Turtles,690.0,59.99,0.08694202898550725
Baxter Robot Rampage,Teenage Mutant Ninja Turtles,397.0,39.99,0.10073047858942066
Cavalry Builder Set,The Lone Ranger,69.0,12.99,0.1882608695652174
Comanche Camp,The Lone Ranger,161.0,19.99,0.1241614906832298
Stagecoach Escape,The Lone Ranger,279.0,29.99,0.10749103942652329
Colby City Showdown,The Lone Ranger,587.0,49.99,0.0851618398637138
Silver Mine Shootout,The Lone Ranger,644.0,69.99,0.10868012422360247
Constitution Train Chase,The Lone Ranger,699.0,99.99,0.1430472103004292
L-Motor,Power Functions,1.0,13.99,13.99
Servo Motor,Power Functions,1.0,24.99,24.99
Ewar,Legends of Chima,15.0,,
Razcal,Legends of Chima,11.0,,
Chicago Key Chain,Gear,,,
Friends Brick Calendar,Friends,140.0,14.99,0.10707142857142857
Friends Name Sign,Friends,29.0,12.99,0.4479310344827586
Friends Carry Case,Gear,,14.99,
Game Cards Binder,Gear,,12.99,
Chima Cragger Key Chain,Gear,,4.99,
Eris Key Chain,Gear,,4.99,
Chima Laval Key Chain,Gear,,4.99,
Worriz Key Chain,Gear,,4.99,
Cragger's Shield,Gear,,12.99,
Cragger Sword,Gear,,9.99,
Laval's Shield,Gear,,12.99,
Laval Sword,Gear,,9.99,
Police Accessory Pack,City,34.0,14.99,0.4408823529411765
Fire Accessory Pack,City,43.0,14.99,0.3486046511627907
Golden Ninja Key Chain,Gear,,4.99,
Samurai Sword and Sheath,Gear,,14.99,
Samurai Accessory Set,Ninjago,36.0,14.99,0.4163888888888889
R2-D2,Gear,,4.99,
Darth Vader Magnet,Gear,,6.99,
Luke Skywalker Magnet,Gear,,6.99,
Princess Leia Magnet,Gear,,6.99,
Han Solo Magnet,Gear,,6.99,
Chewbacca Magnet,Gear,,6.99,
Obi-Wan Kenobi Magnet,Gear,,6.99,
Darth Maul Magnet,Gear,,6.99,
Stormtrooper Magnet,Gear,,6.99,
Boba Fett Magnet,Gear,,6.99,
Yoda Magnet,Gear,,6.99,
Teenage Mutant Ninja Turtles Donatello Key Chain,Gear,,4.99,
Teenage Mutant Ninja Turtles Leonardo Key Chain,Gear,,4.99,
Teenage Mutant Ninja Turtles Michelangelo Key Chain,Gear,,4.99,
Teenage Mutant Ninja Turtles Raphael Key Chain,Gear,,4.99,
Lone Ranger Key Chain,Gear,,4.99,
Tonto Key Chain,Gear,,4.99,
Batman Magnet,Gear,,6.99,
Spider-Man Magnet,Gear,,6.99,
Superman Magnet,Gear,,6.99,
Baby Zoo,Duplo,18.0,,
Maersk Line Triple-E,Creator Expert,1518.0,149.99,0.0988076416337286
MINI Cooper MK VII,Creator Expert,1077.0,99.99,0.09284122562674094
Parisian Restaurant,Creator Expert,2469.0,159.99,0.06479951397326854
Fairground Mixer,Creator Expert,1746.0,149.99,0.08590492554410081
Santa's Workshop,Creator Expert,883.0,69.99,0.07926387315968289
Baby Calf,Duplo,9.0,6.99,0.7766666666666667
Farm Animals,Duplo,12.0,9.99,0.8325
Farm Tractor,Duplo,29.0,19.99,0.6893103448275861
Big Farm,Duplo,121.0,59.99,0.4957851239669422
Peter Pan's Visit,Duplo,39.0,29.99,0.768974358974359
Ambulance,Duplo,14.0,14.99,1.0707142857142857
School Bus,Duplo,26.0,19.99,0.7688461538461537
Truck,Duplo,16.0,14.99,0.936875
My First Police Set,Duplo,39.0,24.99,0.6407692307692308
Fire and Rescue Team,Duplo,30.0,29.99,0.9996666666666666
Beach Racing,Duplo,37.0,24.99,0.6754054054054054
Sleeping Beauty's Fairy Tale,Duplo,55.0,34.99,0.6361818181818182
Superman Rescue,Duplo,19.0,19.99,1.0521052631578947
The Joker Challenge,Duplo,40.0,29.99,0.7497499999999999
Batcave Adventure,Duplo,59.0,49.99,0.8472881355932204
My First Shop,Duplo,39.0,24.99,0.6407692307692308
Creative Suitcase,Duplo,135.0,59.99,0.44437037037037036
Creative Picnic,Duplo,52.0,24.99,0.48057692307692307
Toddler Build and Boat Fun,Duplo,18.0,19.99,1.1105555555555555
Knight Tournament,Duplo,16.0,9.99,0.624375
Treasure Attack,Duplo,46.0,29.99,0.6519565217391304
All-in-One Gift Set,Duplo,30.0,14.99,0.49966666666666665
All-in-One-Pink-Box-of-Fun,Duplo,65.0,29.99,0.46138461538461534
All-in-One-Box-of-Fun,Duplo,65.0,29.99,0.46138461538461534
Creative Animals,Duplo,25.0,14.99,0.5996
Creative Ice Cream,Duplo,24.0,14.99,0.6245833333333334
Creative Building Cube,Duplo,75.0,29.99,0.39986666666666665
Zoo Care,Duplo,9.0,6.99,0.7766666666666667
Big Royal Castle,Duplo,135.0,59.99,0.44437037037037036
Clubhouse Cafe,Duplo,16.0,12.99,0.811875
Deluxe Box of Fun,Duplo,95.0,49.99,0.5262105263157895
Vehicle Suitcase,Juniors,146.0,,
Spider-Man: Spider-Car Pursuit,Juniors,55.0,12.99,0.2361818181818182
Digger,Juniors,75.0,9.99,0.1332
Construction,Juniors,160.0,14.99,0.0936875
The Princess Play Castle,Juniors,150.0,14.99,0.09993333333333333
Turtle Lair,Juniors,107.0,19.99,0.18682242990654205
Fire Emergency,Juniors,123.0,19.99,0.16252032520325202
Batman: Defend the Batcave,Juniors,150.0,29.99,0.19993333333333332
Race Car Rally,Juniors,350.0,29.99,0.08568571428571428
Pony Farm,Juniors,306.0,29.99,0.09800653594771241
Police – The Big Escape,Juniors,146.0,29.99,0.20541095890410957
Knights' Castle,Juniors,480.0,49.99,0.10414583333333334
Creative Building Cube,Bricks and More,600.0,,
Creative Suitcase,Bricks and More,1000.0,59.99,0.05999
The Eiffel Tower,Architecture,321.0,34.99,0.10900311526479751
Trevi Fountain,Architecture,731.0,49.99,0.06838577291381669
NASA Mars Science Laboratory Curiosity Rover,Ideas,295.0,29.99,0.10166101694915254
The End,Minecraft,440.0,34.99,0.07952272727272727
Ghostbusters Ecto-1,Ideas,508.0,49.99,0.09840551181102362
Exo Suit,Ideas,321.0,34.99,0.10900311526479751
Research Institute,Ideas,165.0,19.99,0.12115151515151515
The Cave,Minecraft,249.0,19.99,0.08028112449799196
The Farm,Minecraft,262.0,29.99,0.11446564885496183
The First Night,Minecraft,408.0,39.99,0.09801470588235295
Crafting Box,Minecraft,518.0,49.99,0.09650579150579151
The Ender Dragon,Minecraft,634.0,69.99,0.11039432176656151
The Mine,Minecraft,922.0,109.99,0.11929501084598698
Town Master,Fusion,256.0,34.99,0.1366796875
Battle Towers,Fusion,212.0,34.99,0.16504716981132075
Create and Race,Fusion,223.0,34.99,0.15690582959641255
Resort Designer,Fusion,262.0,34.99,0.13354961832061069
Farm {Random Bag},Duplo,5.0,,
Farm - Farmer,Duplo,4.0,,
Farm - Calf,Duplo,4.0,,
Farm - Goat,Duplo,4.0,,
Farm - Cat,Duplo,4.0,,
LEGO™ DUPLO™ Food,Duplo,6.0,,
Emma's Flower Stand,Friends,33.0,,
Stephanie's Bakery Stand,Friends,28.0,,
Andrea's Beach Lounge ,Friends,29.0,,
Jungle Boat,Friends,31.0,,
Rapunzel's Market Visit,Disney,37.0,,
Fast Car ,Creator,56.0,,
Cute Kitten ,Creator,54.0,,
Transport Plane  ,Creator,49.0,,
Snowman,Creator,60.0,,
Police Helicopter ,City,48.0,,
Police Watercraft,City,36.0,,
Police ATV,City,40.0,,
Repair Lift ,City,40.0,,
Anakin's Jedi Interceptor,Star Wars,45.0,,
Imperial Shuttle,Star Wars,57.0,,
ARC-170 Starfighter,Star Wars,54.0,,
Gorzan's Walker ,Legends of Chima,34.0,,
Spider Crawler,Legends of Chima,40.0,,
Frax' Phoenix Flyer,Legends of Chima,32.0,,
Worriz' Fire Bike,Legends of Chima,31.0,,
Sykor's Ice Cruiser,Legends of Chima,25.0,,
Mikey's Mini-Shellraiser,Teenage Mutant Ninja Turtles,47.0,,
The Piece of Resistance ,The LEGO Movie,33.0,,
Micro Manager Battle ,The LEGO Movie,27.0,,
Super Secret Police Enforcer ,The LEGO Movie,40.0,,
The Batman Tumbler,DC Comics Super Heroes,57.0,,
Batwing,DC Comics Super Heroes,45.0,,
Spider-Man,Marvel Super Heroes,45.0,,
Arctic Scout,City,40.0,,
Red Thunder,Creator,66.0,4.99,0.07560606060606061
Power Digger,Creator,64.0,4.99,0.07796875
Emerald Express,Creator,56.0,4.99,0.08910714285714286
Sunset Speeder,Creator,119.0,12.99,0.10915966386554622
Highway Cruiser,Creator,129.0,12.99,0.10069767441860465
Forest Animals,Creator,272.0,19.99,0.07349264705882352
Twinblade Adventures,Creator,216.0,17.99,0.08328703703703703
Furry Creatures,Creator,285.0,19.99,0.07014035087719298
Turbo Quad,Creator,186.0,24.99,0.1343548387096774
Yellow Racers,Creator,328.0,29.99,0.09143292682926829
Roaring Power,Creator,374.0,29.99,0.08018716577540107
Mountain Hut,Creator,550.0,39.99,0.07270909090909092
Bike Shop & Cafe,Creator,1023.0,89.99,0.08796676441837732
LEGO Valentine,Seasonal,127.0,9.99,0.07866141732283465
LEGO Easter,Seasonal,106.0,9.99,0.09424528301886792
Halloween Bat,Seasonal,156.0,9.99,0.06403846153846154
Thanksgiving Turkey,Seasonal,125.0,9.99,0.07992
Reindeer,Seasonal,139.0,9.99,0.0718705035971223
Snowman,Seasonal,140.0,9.99,0.07135714285714286
Snowplough,Promotional,44.0,,
Micro Manager,Promotional,50.0,,
Spring Tree,Promotional,62.0,,
Helicopter,Promotional,44.0,,
Dragon,Promotional,43.0,,
Jet-Ski,Promotional,33.0,,
Surf Van,Promotional,46.0,,
Monkey,Promotional,46.0,,
Aircraft,Promotional,37.0,,
Rocket,Promotional,48.0,,
Frankenstein's Monster,Promotional,36.0,,
Gingerbread House,Promotional,54.0,,
Toy Workshop,Creator,107.0,,
Winter Skating Scene,Creator,129.0,,
Balloon Cart,Creator,66.0,,
MINI Cooper Mini Model,Creator,59.0,,
LEGO City Coin Bank,City,122.0,14.99,0.1228688524590164
Catwalk Phone Stand,Friends,144.0,14.99,0.10409722222222223
LEGO® Friends Buildable Jewelry Box,Friends,201.0,14.99,0.07457711442786069
LEGOLAND Entrance with Family,Promotional,270.0,,
Hero Robot,HERO Factory,31.0,,
Villains Minimodel,HERO Factory,28.0,,
Buildable Brick Box 2x2,Miscellaneous,203.0,16.99,0.08369458128078817
Bricktober Theater,Promotional,164.0,,
Bricktober Pizza Place,Promotional,139.0,,
Bricktober Fire Station,Promotional,175.0,,
Bricktober Town Hall,Promotional,186.0,,
Ferrari F138,Promotional,42.0,,
Ferrari F12berlinetta,Promotional,45.0,,
Ferrari 250 GTO,Promotional,47.0,,
Ferrari 512 S,Promotional,51.0,,
Finish Line & Podium,Promotional,64.0,,
Shell Station,Promotional,80.0,,
Shell Tanker,Promotional,94.0,,
Sunshine Harvest,Friends,233.0,19.99,0.085793991416309
Mia's Lemonade Stand,Friends,112.0,9.99,0.08919642857142858
Emma's Lifeguard Post,Friends,78.0,9.99,0.1280769230769231
Stephanie's New Born Lamb,Friends,78.0,9.99,0.1280769230769231
Olivia's Ice Cream Bike,Friends,98.0,9.99,0.10193877551020408
Andrea's Mountain Hut,Friends,119.0,9.99,0.08394957983193277
First Aid Jungle Bike,Friends,156.0,14.99,0.09608974358974359
Jungle Falls Rescue,Friends,183.0,19.99,0.10923497267759562
Summer Caravan,Friends,297.0,29.99,0.10097643097643097
Heartlake Juice Bar,Friends,277.0,29.99,0.10826714801444043
Jungle Bridge Rescue,Friends,365.0,29.99,0.08216438356164384
Stephanie's Beach House,Friends,369.0,39.99,0.1083739837398374
Jungle Rescue Base,Friends,472.0,59.99,0.12709745762711866
Sunshine Ranch,Friends,721.0,69.99,0.09707350901525658
Friends Advent Calendar,Friends,228.0,29.99,0.13153508771929823
Turtle's Little Paradise,Friends,43.0,3.99,0.09279069767441861
Tiger's Beautiful Temple,Friends,42.0,3.99,0.095
Penguin's Playground,Friends,46.0,3.99,0.08673913043478261
Macaw's Fountain,Friends,39.0,3.99,0.10230769230769231
Orangutan's Banana Tree,Friends,37.0,3.99,0.10783783783783785
Brown Bear's River,Friends,37.0,3.99,0.10783783783783785
Seal's Little Rock,Friends,37.0,,
Lion Cub's Savanna,Friends,43.0,,
Panda's Bamboo,Friends,47.0,,
Ariel's Amazing Treasures,Disney,77.0,12.99,0.1687012987012987
Merida's Highland Games,Disney,145.0,19.99,0.13786206896551723
Ariel's Magical Kiss,Disney,250.0,29.99,0.11996
Cinderella's Dream Carriage,Disney,274.0,29.99,0.10945255474452555
Rapunzel's Creativity Tower,Disney,299.0,39.99,0.13374581939799332
Cinderella's Romantic Castle,Disney,646.0,69.99,0.10834365325077398
Heartlake News Van,Friends,278.0,24.99,0.08989208633093525
Heartlake Horse Show,Friends,355.0,39.99,0.11264788732394367
Heartlake Shopping Mall,Friends,1120.0,109.99,0.09820535714285714
Jungle Tree Sanctuary,Friends,320.0,29.99,0.09371874999999999
Flain,Mixels,58.0,4.99,0.08603448275862069
Vulk,Mixels,69.0,4.99,0.07231884057971015
Zorch,Mixels,45.0,4.99,0.1108888888888889
Krader,Mixels,66.0,4.99,0.07560606060606061
Seismo,Mixels,50.0,4.99,0.0998
Shuff,Mixels,51.0,4.99,0.09784313725490197
Teslo,Mixels,54.0,4.99,0.09240740740740741
Zaptor,Mixels,61.0,4.99,0.08180327868852459
Volectro,Mixels,70.0,4.99,0.07128571428571429
Slumbo,Mixels,61.0,4.99,0.08180327868852459
Lunk,Mixels,51.0,4.99,0.09784313725490197
Flurr,Mixels,46.0,4.99,0.10847826086956522
Chomly,Mixels,68.0,4.99,0.07338235294117647
Gobba,Mixels,57.0,4.99,0.08754385964912281
Jawg,Mixels,61.0,4.99,0.08180327868852459
Kraw,Mixels,70.0,4.99,0.07128571428571429
Tentro,Mixels,69.0,4.99,0.07231884057971015
Balk,Mixels,68.0,4.99,0.07338235294117647
Glomp,Mixels,64.0,4.99,0.07796875
Glurt,Mixels,62.0,4.99,0.08048387096774194
Torts,Mixels,48.0,4.99,0.10395833333333333
Footi,Mixels,72.0,4.99,0.06930555555555556
Scorpi,Mixels,70.0,4.99,0.07128571428571429
Hoogi,Mixels,69.0,4.99,0.07231884057971015
Mesmo,Mixels,64.0,4.99,0.07796875
Magnifo,Mixels,61.0,4.99,0.08180327868852459
Wizwuz,Mixels,70.0,4.99,0.07128571428571429
Twin-rotor Helicopter,Technic,145.0,12.99,0.08958620689655172
Snowmobile,Technic,186.0,19.99,0.10747311827956989
Hot Rod,Technic,414.0,39.99,0.09659420289855072
Construction Crew,Technic,833.0,69.99,0.08402160864345738
Container Truck,Technic,948.0,79.99,0.08437763713080168
Cargo Plane,Technic,1297.0,139.99,0.1079336931380108
Black Champion Racer,Technic,137.0,19.99,0.14591240875912406
Desert Racer,Technic,148.0,19.99,0.13506756756756755
Bulldozer,Technic,617.0,49.99,0.08102106969205836
Customised Pick-Up Truck,Technic,1063.0,99.99,0.09406396989651929
Volvo L350F Wheel Loader,Technic,1636.0,249.99,0.15280562347188265
EVO Walker,HERO Factory,51.0,9.99,0.19588235294117648
JAW Beast vs. STORMER,HERO Factory,49.0,9.99,0.20387755102040817
STORMER Freeze Machine,HERO Factory,88.0,14.99,0.1703409090909091
FURNO Jet Machine,HERO Factory,79.0,14.99,0.18974683544303797
ROCKA Stealth Machine,HERO Factory,89.0,14.99,0.16842696629213483
FLYER Beast vs. BREEZ,HERO Factory,91.0,14.99,0.16472527472527473
SPLITTER Beast vs. FURNO & EVO,HERO Factory,108.0,19.99,0.1850925925925926
EVO XL Machine,HERO Factory,193.0,24.99,0.12948186528497407
ROCKA Crawler,HERO Factory,49.0,9.99,0.20387755102040817
TUNNELER Beast vs. SURGE,HERO Factory,59.0,9.99,0.16932203389830508
BULK Drill Machine,HERO Factory,113.0,14.99,0.13265486725663717
CRYSTAL Beast vs. BULK,HERO Factory,83.0,14.99,0.18060240963855423
BREEZ Flea Machine,HERO Factory,102.0,14.99,0.1469607843137255
SURGE & ROCKA Combat Machine,HERO Factory,188.0,24.99,0.13292553191489362
"QUEEN Beast vs. FURNO, EVO & STORMER",HERO Factory,218.0,34.99,0.1605045871559633
Cafe+,Education,131.0,,
Story Tales,Education,109.0,159.95,1.4674311926605503
Multi Vehicles,Education,32.0,,
Large Farm,Education,154.0,,
Tech Machines,Education,89.0,,
LearnToLearn Core set,Education,2018.0,,
Space Challenge Set,Education,1417.0,,
FLL World Class: Learning Unleashed Challenge Kit,Education,2090.0,,
Arctic Snowmobile,City,44.0,6.99,0.15886363636363637
Arctic Ice Crawler,City,113.0,14.99,0.13265486725663717
Arctic Helicrane,City,262.0,39.99,0.15263358778625954
Arctic Outpost,City,374.0,49.99,0.13366310160427808
Arctic Base Camp,City,733.0,89.99,0.1227694406548431
Crook Pursuit,City,38.0,6.99,0.18394736842105264
High Speed Police Chase,City,110.0,19.99,0.1817272727272727
Prisoner Transporter,City,196.0,24.99,0.1275
Mobile Police Unit,City,375.0,44.99,0.11997333333333333
Police Patrol,City,408.0,44.99,0.11026960784313726
Helicopter Surveillance,City,528.0,74.99,0.14202651515151515
Police Station,City,854.0,99.99,0.11708430913348945
Police Dog Unit,City,249.0,29.99,0.12044176706827309
Helicopter Transporter,City,382.0,44.99,0.11777486910994765
Train Station,City,423.0,64.99,0.15364066193853426
High-speed Passenger Train,City,610.0,149.99,0.24588524590163935
Cargo Train,City,888.0,199.99,0.22521396396396398
Race Car,City,100.0,9.99,0.0999
Light Repair Truck,City,95.0,9.99,0.1051578947368421
Monster Truck,City,78.0,9.99,0.1280769230769231
Tow Truck,City,227.0,19.99,0.08806167400881057
Camper Van,City,195.0,19.99,0.1025128205128205
SUV with Watercraft,City,219.0,19.99,0.09127853881278539
Logging Truck,City,228.0,19.99,0.08767543859649123
Auto Transporter,City,350.0,29.99,0.08568571428571428
Airport Fire Truck,City,326.0,29.99,0.09199386503067485
Arctic Icebreaker,City,717.0,129.99,0.18129707112970714
City Advent Calendar,City,218.0,29.99,0.13756880733944954
Arctic Supply Plane,City,374.0,49.99,0.13366310160427808
Value pack: transport,City,,,
City Value Pack,City,308.0,,
Friends Value Pack,Friends,423.0,,
Value Pack,Star Wars,1087.0,,
Super Pack 5 in 1,Legends of Chima,999.0,,
City Police Value Pack,City,676.0,,
City Train Value Pack,City,1343.0,,
Star Wars Value Pack,Star Wars,840.0,,
TRU Friends Copack,Friends,,,
Rebels Co-Pack,Star Wars,1163.0,,
Microfighter Super Pack 3 in 1,Star Wars,285.0,,
Microfighter Super Pack 3 in 1,Star Wars,286.0,,
Lion Legend Beast,Legends of Chima,120.0,9.99,0.08325
Eagle Legend Beast,Legends of Chima,104.0,9.99,0.09605769230769232
Gorilla Legend Beast,Legends of Chima,106.0,9.99,0.09424528301886792
Crocodile Legend Beast,Legends of Chima,121.0,9.99,0.08256198347107438
Wolf Legend Beast,Legends of Chima,110.0,9.99,0.09081818181818183
Braptor's Wing Striker,Legends of Chima,146.0,14.99,0.10267123287671233
Lavertus' Twin Blade,Legends of Chima,183.0,19.99,0.10923497267759562
Sparratus' Spider Stalker,Legends of Chima,292.0,24.99,0.08558219178082191
Rogon's Rock Flinger,Legends of Chima,257.0,29.99,0.11669260700389104
Scorm's Scorpion Stinger,Legends of Chima,434.0,39.99,0.09214285714285715
Spinlyn's Cavern,Legends of Chima,407.0,39.99,0.09825552825552826
Lavertus' Outland Base,Legends of Chima,684.0,59.99,0.0877046783625731
Cragger's Fire Striker,Legends of Chima,380.0,39.99,0.10523684210526316
Banana Bash,Legends of Chima,120.0,12.99,0.10825
Bat Strike,Legends of Chima,97.0,12.99,0.13391752577319588
Web Dash,Legends of Chima,78.0,12.99,0.16653846153846155
Sky Launch,Legends of Chima,111.0,12.99,0.11702702702702703
Stinger Duel,Legends of Chima,85.0,19.99,0.23517647058823526
Vardy's Ice Vulture Glider,Legends of Chima,217.0,19.99,0.09211981566820276
Eris' Fire Eagle Flyer,Legends of Chima,330.0,29.99,0.09087878787878788
Sir Fangar's Sabre-Tooth Walker,Legends of Chima,415.0,39.99,0.09636144578313253
Laval's Fire Lion,Legends of Chima,450.0,49.99,0.11108888888888889
Maula's Ice Mammoth Stomper,Legends of Chima,604.0,89.99,0.14899006622516556
Flying Phoenix Fire Temple,Legends of Chima,1301.0,119.99,0.09222905457340506
Sir Fangar's Ice Fortress,Legends of Chima,670.0,69.99,0.10446268656716418
Scorching Blades,Legends of Chima,77.0,12.99,0.1687012987012987
Flaming Claws,Legends of Chima,74.0,12.99,0.17554054054054055
Frozen Spikes,Legends of Chima,77.0,12.99,0.1687012987012987
Lava Breakout,Legends of Chima,59.0,,
Fang Trap,Legends of Chima,79.0,,
Frozen Fortress,Legends of Chima,58.0,,
Inferno Pit,Legends of Chima,74.0,12.99,0.17554054054054055
Fire vs. Ice,Legends of Chima,102.0,19.99,0.19598039215686272
Riverside Raid,Ultra Agents,88.0,11.99,0.13625
Tremor Track Infiltration,Ultra Agents,241.0,19.99,0.0829460580912863
Infearno Interception,Ultra Agents,313.0,29.99,0.095814696485623
Toxikita's Toxic Meltdown,Ultra Agents,429.0,39.99,0.09321678321678323
Hurricane Heist,Ultra Agents,589.0,69.99,0.11882852292020372
Ultra Agents Mission HQ,Ultra Agents,1060.0,99.99,0.09433018867924528
CHI Laval,Legends of Chima,49.0,,
CHI Cragger,Legends of Chima,58.0,,
CHI Panthar,Legends of Chima,59.0,,
CHI Mungus,Legends of Chima,64.0,,
CHI Vardy,Legends of Chima,68.0,,
CHI Fluminox,Legends of Chima,91.0,,
CHI Sir Fangar,Legends of Chima,97.0,,
Hover Hunter,Ninjago,79.0,11.99,0.1517721518987342
Kai Fighter,Ninjago,196.0,19.99,0.10198979591836733
OverBorg Attack,Ninjago,207.0,19.99,0.09657004830917873
Thunder Raider,Ninjago,334.0,29.99,0.08979041916167664
NinjaCopter,Ninjago,516.0,59.99,0.11625968992248062
Nindroid MechDragon,Ninjago,691.0,89.99,0.1302315484804631
Destructoid,Ninjago,253.0,34.99,0.138300395256917
X-1 Ninja Charger,Ninjago,426.0,39.99,0.09387323943661972
Battle for Ninjago City,Ninjago,1223.0,119.99,0.09811120196238757
Getaway Glider,The LEGO Movie,104.0,12.99,0.12490384615384616
Melting Room,The LEGO Movie,122.0,12.99,0.10647540983606557
Bad Cop's Pursuit,The LEGO Movie,314.0,29.99,0.09550955414012738
Cloud Cuckoo Palace,The LEGO Movie,197.0,19.99,0.1014720812182741
Ice Cream Machine,The LEGO Movie,344.0,29.99,0.08718023255813953
Trash Chomper,The LEGO Movie,389.0,29.99,0.07709511568123392
Castle Cavalry,The LEGO Movie,424.0,29.99,0.0707311320754717
MetalBeard's Duel,The LEGO Movie,412.0,34.99,0.08492718446601942
Super Cycle Chase,The LEGO Movie,514.0,49.99,0.0972568093385214
Lord Business' Evil Lair,The LEGO Movie,738.0,69.99,0.09483739837398374
MetalBeard's Sea Cow,The LEGO Movie,2741.0,249.99,0.09120394016782196
The Flying Flusher,The LEGO Movie,351.0,29.99,0.08544159544159544
Creative Ambush,The LEGO Movie,473.0,39.99,0.08454545454545455
Rescue Reinforcements,The LEGO Movie,859.0,69.99,0.08147846332945284
Emmet's Construct-o-Mech,The LEGO Movie,708.0,59.99,0.0847316384180791
Super Secret Police Dropship,The LEGO Movie,854.0,79.99,0.09366510538641686
"Benny's Spaceship, Spaceship, SPACESHIP!",The LEGO Movie,940.0,99.99,0.10637234042553191
LEGO Minifigures - The LEGO Movie Series {Random bag},Collectable Minifigures,,,
Calamity Drone,Collectable Minifigures,7.0,,
President Business,Collectable Minifigures,5.0,,
Hard Hat Emmet,Collectable Minifigures,5.0,,
Wild West Wyldstyle,Collectable Minifigures,6.0,,
Abraham Lincoln,Collectable Minifigures,6.0,,
Mrs. Scratchen-Post,Collectable Minifigures,5.0,,
Scribble-Face Bad Cop,Collectable Minifigures,6.0,,
William Shakespeare,Collectable Minifigures,7.0,,
Gail the Construction Worker,Collectable Minifigures,5.0,,
Larry the Barista,Collectable Minifigures,5.0,,
Velma Staplebot,Collectable Minifigures,5.0,,
Taco Tuesday Guy,Collectable Minifigures,9.0,,
Where are my Pants? Guy,Collectable Minifigures,5.0,,
Wiley Fusebot,Collectable Minifigures,7.0,,
Panda Guy,Collectable Minifigures,5.0,,
Marsha Queen of the Mermaids,Collectable Minifigures,6.0,,
LEGO Minifigures - The LEGO Movie Series - Complete,Collectable Minifigures,94.0,,
LEGO Minifigures - The LEGO Movie Series - Sealed Box,Collectable Minifigures,,,
LEGO Minifigures - The Simpsons Series {Random bag},Collectable Minifigures,,,
Homer Simpson,Collectable Minifigures,6.0,,
Bart Simpson,Collectable Minifigures,7.0,,
Marge Simpson,Collectable Minifigures,8.0,,
Lisa Simpson,Collectable Minifigures,6.0,,
Maggie Simpson,Collectable Minifigures,4.0,,
Grampa Simpson,Collectable Minifigures,5.0,,
Ned Flanders,Collectable Minifigures,6.0,,
Krusty the Clown,Collectable Minifigures,5.0,,
Milhouse Van Houten,Collectable Minifigures,5.0,,
Ralph Wiggum,Collectable Minifigures,5.0,,
Apu Nahasapeemapetilon,Collectable Minifigures,5.0,,
Nelson Muntz,Collectable Minifigures,5.0,,
Itchy,Collectable Minifigures,5.0,,
Scratchy,Collectable Minifigures,6.0,,
Chief Wiggum,Collectable Minifigures,6.0,,
Mr. Burns,Collectable Minifigures,6.0,,
LEGO Minifigures - The Simpsons Series - Complete,Collectable Minifigures,90.0,,
LEGO Minifigures - The Simpsons Series - Sealed Box,Collectable Minifigures,,,
The Simpsons House,The Simpsons,2523.0,199.99,0.07926674593737615
LEGO Minifigures Series 12 {Random bag},Collectable Minifigures,,,
Wizard,Collectable Minifigures,10.0,,
Hun Warrior,Collectable Minifigures,9.0,,
Fairytale Princess,Collectable Minifigures,6.0,,
Video Game Guy,Collectable Minifigures,6.0,,
Battle Goddess,Collectable Minifigures,9.0,,
Space Miner,Collectable Minifigures,9.0,,
Lifeguard,Collectable Minifigures,7.0,,
Prospector,Collectable Minifigures,7.0,,
Jester,Collectable Minifigures,7.0,,
Dino Tracker,Collectable Minifigures,7.0,,
Pizza Delivery Man,Collectable Minifigures,7.0,,
Rock Star,Collectable Minifigures,6.0,,
Swashbuckler,Collectable Minifigures,7.0,,
Piggy Guy,Collectable Minifigures,6.0,,
Genie Girl,Collectable Minifigures,6.0,,
Spooky Girl,Collectable Minifigures,7.0,,
LEGO Minifigures - Series 12 - Complete,Collectable Minifigures,116.0,,
LEGO Minifigures - Series 12 - Sealed Box,Collectable Minifigures,,,
Clone Turbo Tank Microfighter,Star Wars,96.0,9.99,0.1040625
AAT Microfighter,Star Wars,95.0,9.99,0.1051578947368421
Millennium Falcon Microfighter,Star Wars,94.0,9.99,0.10627659574468086
TIE Interceptor Microfighter,Star Wars,92.0,9.99,0.10858695652173914
X-wing Fighter Microfighter,Star Wars,97.0,9.99,0.10298969072164949
Star Destroyer Microfighter,Star Wars,97.0,9.99,0.10298969072164949
Death Star Troopers,Star Wars,102.0,12.99,0.12735294117647059
Kashyyyk Troopers,Star Wars,99.0,12.99,0.13121212121212122
Utapau Troopers,Star Wars,83.0,12.99,0.15650602409638553
Battle on Saleucami,Star Wars,183.0,14.99,0.08191256830601093
Jedi Interceptor,Star Wars,223.0,24.99,0.11206278026905829
V-wing Starfighter,Star Wars,201.0,24.99,0.12432835820895521
General Grievous' Wheel Bike,Star Wars,261.0,24.99,0.0957471264367816
Vulture Droid,Star Wars,205.0,24.99,0.12190243902439024
Droid Gunship,Star Wars,439.0,49.99,0.11387243735763099
AT-AP,Star Wars,717.0,59.99,0.08366806136680614
Droid Tri-Fighter,Star Wars,262.0,29.99,0.11446564885496183
Republic AV-7 Anti-Vehicle Cannon,Star Wars,434.0,39.99,0.09214285714285715
Coruscant Police Gunship,Star Wars,481.0,49.99,0.10392931392931393
The Phantom,Star Wars,234.0,24.99,0.10679487179487179
Snowspeeder,Star Wars,278.0,29.99,0.10787769784172661
B-Wing,Star Wars,448.0,49.99,0.11158482142857143
Jedi Scout Fighter,Star Wars,490.0,59.99,0.12242857142857143
Mos Eisley Cantina,Star Wars,615.0,69.99,0.11380487804878048
The Ghost,Star Wars,929.0,89.99,0.09686759956942949
AT-AT,Star Wars,1137.0,109.99,0.09673702726473174
Imperial Star Destroyer,Star Wars,1359.0,129.99,0.09565121412803533
Star Wars Advent Calendar,Star Wars,274.0,39.99,0.14594890510948905
MTT,Star Wars,954.0,89.99,0.09432914046121593
Sandcrawler,Star Wars,3296.0,299.99,0.09101638349514564
Batman: The Penguin Face off,DC Comics Super Heroes,136.0,12.99,0.09551470588235295
Batman: Man-Bat Attack,DC Comics Super Heroes,184.0,19.99,0.10864130434782608
Batman: The Riddler Chase,DC Comics Super Heroes,304.0,29.99,0.09865131578947368
Batman: The Joker Steam Roller,DC Comics Super Heroes,486.0,49.99,0.10286008230452676
Spider-Trike vs. Electro,Marvel Super Heroes,70.0,12.99,0.18557142857142858
Doc Ock Truck Heist,Marvel Super Heroes,237.0,19.99,0.08434599156118143
Spider-Helicopter Rescue,Marvel Super Heroes,299.0,44.99,0.15046822742474916
Avengers: Captain America vs. Hydra,Marvel Super Heroes,172.0,19.99,0.11622093023255813
Avengers: Hulk Lab Smash,Marvel Super Heroes,398.0,49.99,0.12560301507537688
Starblaster Showdown ,Marvel Super Heroes,196.0,19.99,0.10198979591836733
Knowhere Escape Mission ,Marvel Super Heroes,433.0,39.99,0.09235565819861433
The Milano Spaceship Rescue,Marvel Super Heroes,665.0,74.99,0.11276691729323307
X-Men vs. The Sentinel,Marvel Super Heroes,336.0,49.99,0.14877976190476191
The Tumbler,DC Comics Super Heroes,1869.0,199.99,0.10700374531835206
Witch-King Battle,The Hobbit,101.0,14.99,0.1484158415841584
Attack on Lake-town,The Hobbit,313.0,29.99,0.095814696485623
The Battle of Five Armies,The Hobbit,472.0,59.99,0.12709745762711866
The Lonely Mountain,The Hobbit,866.0,129.99,0.15010392609699771
Turtle Van Takedown,Teenage Mutant Ninja Turtles,368.0,39.99,0.10866847826086957
Big Rig Snow Getaway,Teenage Mutant Ninja Turtles,741.0,69.99,0.09445344129554656
Turtle Lair Invasion,Teenage Mutant Ninja Turtles,888.0,99.99,0.11260135135135134
Karai Bike Escape,Teenage Mutant Ninja Turtles,88.0,12.99,0.14761363636363636
Mutation Chamber Unleashed,Teenage Mutant Ninja Turtles,196.0,24.99,0.1275
T-Rawket Sky Strike,Teenage Mutant Ninja Turtles,286.0,34.99,0.12234265734265735
Turtle Sub Undersea Chase,Teenage Mutant Ninja Turtles,684.0,59.99,0.0877046783625731
Shredder's Lair Rescue,Teenage Mutant Ninja Turtles,478.0,49.99,0.104581589958159
Grumlo,Legends of Chima,11.0,,
Speedorz Ramp,Legends of Chima,,,
"Cannon, Chi and Axe",Legends of Chima,20.0,,
Worriz,Legends of Chima,,,
Crocodile Hideout,Legends of Chima,,,
Crug,Legends of Chima,,,
Fire spinner and ramp,Legends of Chima,,,
Vornon,Legends of Chima,,,
Ice Prison,Legends of Chima,,,
Sykor,Legends of Chima,,,
Shooter,Legends of Chima,,,
Worriz,Legends of Chima,,,
Lennox with Lion Cannon,Legends of Chima,,,
Dog Grooming,Friends,13.0,,
Beach Scene,Friends,27.0,,
Kitchen with oven,Friends,28.0,,
Halloween Shop,Friends,29.0,,
Cat and scenery,Friends,24.0,,
Christmas Tree,Friends,35.0,,
Friends Notebook,Gear,,9.99,
Castle King Key Chain,Gear,,4.99,
Castle Dragon Wizard Key Chain,Gear,,4.99,
Detective's Office,Creator Expert,2262.0,159.99,0.07072944297082229
Ferris Wheel,Creator Expert,2464.0,199.99,0.08116477272727272
Ferrari F40,Creator Expert,1158.0,99.99,0.08634715025906735
Winter Toy Shop,Creator Expert,898.0,79.99,0.08907572383073496
Forest: Ducks,Duplo,13.0,9.99,0.7684615384615385
Forest: Animals,Duplo,39.0,19.99,0.5125641025641026
Forest: Fishing Trip,Duplo,32.0,24.99,0.7809375
Forest: Park,Duplo,105.0,59.99,0.5713333333333334
Mom and Baby,Duplo,13.0,9.99,0.7684615384615385
Ice Cream Truck,Duplo,11.0,14.99,1.3627272727272728
Café,Duplo,52.0,19.99,0.38442307692307687
Rally Car,Duplo,13.0,14.99,1.153076923076923
Airport,Duplo,29.0,19.99,0.6893103448275861
Fire Boat,Duplo,19.0,14.99,0.7889473684210526
Fire Truck,Duplo,26.0,24.99,0.9611538461538461
Fire Station,Duplo,105.0,49.99,0.4760952380952381
Sofia's Royal Stable,Duplo,38.0,24.99,0.6576315789473683
Sofia's Royal Castle,Duplo,87.0,49.99,0.5745977011494253
Disney Princess Collection,Duplo,63.0,39.99,0.6347619047619047
Birthday Parade,Duplo,24.0,24.99,1.04125
Batman Adventure,Duplo,47.0,39.99,0.8508510638297873
Classic Race,Duplo,29.0,24.99,0.8617241379310344
Delivery Vehicle,Duplo,19.0,19.99,1.0521052631578947
Camping,Duplo,38.0,29.99,0.7892105263157895
My First Bus,Duplo,17.0,14.99,0.881764705882353
Treasure Island,Duplo,25.0,19.99,0.7996
Rosie the Ambulance,Duplo,16.0,19.99,1.249375
Backyard Clinic,Duplo,39.0,29.99,0.768974358974359
Spider-Man Web-Bike Workshop,Duplo,13.0,14.99,1.153076923076923
Spider-Man Spider Truck Adventure,Duplo,28.0,29.99,1.0710714285714285
My First Tractor,Duplo,12.0,14.99,1.2491666666666668
My First Playhouse,Duplo,25.0,19.99,0.7996
My First Farm,Duplo,26.0,19.99,0.7688461538461537
Creative Building Box,Duplo,70.0,,
Large Creative Box,Duplo,193.0,,
DUPLO Basic Bricks – Large,Duplo,60.0,,
Beach Trip,Juniors,74.0,9.99,0.135
Pirate Treasure Hunt,Juniors,57.0,9.99,0.17526315789473684
Garbage Truck,Juniors,99.0,19.99,0.20191919191919191
Road Work Truck,Juniors,132.0,19.99,0.15143939393939393
Supermarket Suitcase,Juniors,134.0,19.99,0.14917910447761193
Fire Suitcase,Juniors,113.0,19.99,0.17690265486725662
Family House,Juniors,226.0,29.99,0.13269911504424778
Spider-Man Hideout,Juniors,137.0,29.99,0.2189051094890511
Creative Bricks,Classic,221.0,16.99,0.07687782805429863
Creative Supplement,Classic,303.0,19.99,0.06597359735973597
Creative Supplement Bright,Classic,303.0,19.99,0.06597359735973597
Creative Building Box,Classic,580.0,,
Medium Creative Brick Box,Classic,484.0,34.99,0.07229338842975207
XXXL Box,Classic,1500.0,,
Large Creative Brick Box,Classic,790.0,59.99,0.0759367088607595
32x32 Sand Baseplate,Classic,1.0,7.99,7.99
32x32 Green Baseplate,Classic,1.0,7.99,7.99
48x48 Grey Baseplate,Classic,1.0,14.99,14.99
Friends: Build your own Adventure parts,Friends,77.0,,
Ninjago: Build your own Adventure parts,Ninjago,74.0,,
Micro-Scale Space Cruiser,Space,102.0,,
Lincoln Memorial,Architecture,274.0,29.99,0.10945255474452555
"Flatiron Building, New York",Architecture,471.0,39.99,0.08490445859872611
Louvre,Architecture,695.0,59.99,0.08631654676258993
The Dungeon,Minecraft,219.0,19.99,0.09127853881278539
The Snow Hideout,Minecraft,327.0,39.99,0.12229357798165139
The Desert Outpost,Minecraft,519.0,59.99,0.11558766859344895
The Nether Fortress,Minecraft,571.0,79.99,0.14008756567425568
Birds,Ideas,580.0,44.99,0.07756896551724138
The Big Bang Theory,Ideas,484.0,59.99,0.12394628099173555
WALL-E,Ideas,677.0,59.99,0.08861152141802069
Doctor Who,Ideas,623.0,59.99,0.09629213483146068
Smoothie Stand,Friends,37.0,,
Mini Golf,Friends,26.0,,
Wish Fountain,Friends,44.0,,
Pop Star Red Carpet,Friends,33.0,,
Forest {Random Bag},Duplo,4.0,,
Forest - Squirrel,Duplo,4.0,,
Forest - Rabbit,Duplo,4.0,,
Forest - Deer,Duplo,4.0,,
Forest - Bear,Duplo,4.0,,
Snail,Duplo,6.0,,
Ice Bear Mech,Legends of Chima,39.0,,
Azari's Magic Fire,Elves,27.0,,
A-wing Starfighter,Star Wars,58.0,,
AT-DP,Star Wars,65.0,,
TIE Advanced Prototype,Star Wars,47.0,,
First Order Special Forces TIE Fighter,Star Wars,41.0,,
Off-Road,Creator,43.0,,
Tractor,Creator,51.0,,
Tiger,Creator,73.0,,
Christmas Tree,Creator,65.0,,
Anacondrai Battle Mech,Ninjago,43.0,,
Jay NanoMech,Ninjago,54.0,,
Kai Drifter,Ninjago,43.0,,
The Cowler Dragon,Ninjago,45.0,,
The Joker Bumper Car,DC Comics Super Heroes,47.0,,
The Avengers Quinjet,Marvel Super Heroes,56.0,,
Spider-Man Super Jumper,Marvel Super Heroes,38.0,,
Swamp Police Helicopter,City,51.0,,
Demolition Driller,City,40.0,,
Garbage Truck,City,48.0,,
Go-Kart Racer,City,45.0,,
Space Utility Vehicle,City,39.0,,
Gallimimus Trap,Jurassic World,29.0,,
Blue Racer,Creator,67.0,4.99,0.0744776119402985
Sea Plane,Creator,53.0,4.99,0.09415094339622641
Cargo Heli,Creator,132.0,9.99,0.07568181818181818
Red Go-Kart,Creator,106.0,9.99,0.09424528301886792
Rainforest Animals,Creator,215.0,14.99,0.06972093023255814
Red Creatures,Creator,221.0,14.99,0.06782805429864254
Vehicle Transporter,Creator,264.0,24.99,0.0946590909090909
Future Flyer,Creator,237.0,24.99,0.10544303797468353
Beach Hut,Creator,286.0,29.99,0.10486013986013985
Toy & Grocery Shop,Creator,466.0,39.99,0.08581545064377682
Adventure Vehicles,Creator,282.0,24.99,0.08861702127659574
Changing Seasons,Creator,536.0,49.99,0.09326492537313433
Blue Power Jet,Creator,608.0,69.99,0.11511513157894736
Valentine's Day Dinner,Seasonal,114.0,9.99,0.08763157894736842
Painting Easter Eggs,Seasonal,153.0,9.99,0.06529411764705882
Trick or Treat Halloween Set,Seasonal,133.0,9.99,0.07511278195488721
Thanksgiving Feast,Seasonal,158.0,9.99,0.06322784810126582
Winter Fun,Seasonal,107.0,9.99,0.0933644859813084
Santa's Visit,Seasonal,167.0,9.99,0.05982035928143713
Alien,Promotional,55.0,,
Space Shuttle,Promotional,39.0,,
Robot,Promotional,50.0,,
UFO,Promotional,39.0,,
Koala,Promotional,65.0,,
Parrot,Promotional,55.0,,
Whale,Promotional,31.0,,
Kangaroo,Promotional,49.0,,
Scuba Diver,Promotional,45.0,,
Angler Fish,Promotional,29.0,,
Shark,Promotional,31.0,,
Submarine,Promotional,28.0,,
Christmas Train,Seasonal,233.0,,
Gingerbread House,Seasonal,277.0,,
Flower Cart,Creator,71.0,,
Bricktober Hotel,Promotional,204.0,,
Bricktober Train Station,Promotional,180.0,,
Bricktober Bakery,Promotional,234.0,,
Bricktober Toys R Us Store,Promotional,165.0,,
LEGO Brand Retail Store,Promotional,413.0,,
Lufthansa Plane,Promotional,67.0,,
Year of the Sheep,Seasonal,99.0,,
Birthday Table Decoration,Seasonal,120.0,9.99,0.08325
Iconic Pencil Pot,Miscellaneous,174.0,14.99,0.08614942528735632
Piggy Coin Bank,Miscellaneous,148.0,14.99,0.10128378378378379
Organiser,Friends,171.0,16.99,0.09935672514619882
Pirates Chess Set,Pirates,857.0,59.99,0.07
Sleeping Beauty's Royal Bedroom,Disney,96.0,12.99,0.1353125
Jasmine's Exotic Palace,Disney,143.0,19.99,0.13979020979020979
Elsa's Sparkling Ice Castle,Disney,292.0,39.99,0.13695205479452055
Ariel's Undersea Palace,Disney,379.0,54.99,0.14509234828496043
Aira's Creative Workshop,Elves,98.0,9.99,0.10193877551020408
Naida's Spa Secret,Elves,249.0,19.99,0.08028112449799196
Naida's Epic Adventure Ship,Elves,312.0,29.99,0.09612179487179487
Azari and the Magical Bakery,Elves,324.0,29.99,0.09256172839506173
The Elves' Treetop Hideaway,Elves,505.0,49.99,0.098990099009901
Farran and the Crystal Hollow,Elves,175.0,14.99,0.08565714285714286
Aira's Pegasus Sleigh,Elves,319.0,39.99,0.1253605015673981
Skyra's Mysterious Sky Castle,Elves,808.0,79.99,0.09899752475247524
Vet Clinic,Friends,192.0,19.99,0.10411458333333333
Vet Ambulance,Friends,89.0,9.99,0.11224719101123595
Bunny & Babies,Friends,47.0,4.99,0.10617021276595745
Puppy Training,Friends,65.0,4.99,0.07676923076923077
Little Foal,Friends,43.0,4.99,0.11604651162790698
Olivia's Garden Pool,Friends,82.0,9.99,0.12182926829268292
Mia's Roadster,Friends,187.0,14.99,0.08016042780748663
Stephanie's Pizzeria,Friends,87.0,9.99,0.11482758620689655
Heartlake Hair Salon,Friends,318.0,29.99,0.09430817610062893
Heartlake Lighthouse,Friends,473.0,39.99,0.08454545454545455
Emma's House,Friends,706.0,69.99,0.09913597733711048
Heartlake Hot Air Balloon,Friends,254.0,29.99,0.11807086614173228
Emma's Tourist Kiosk,Friends,98.0,9.99,0.10193877551020408
Heartlake Skate Park,Friends,199.0,19.99,0.10045226130653266
Heartlake Private Jet,Friends,230.0,29.99,0.1303913043478261
Heartlake Grand Hotel,Friends,1552.0,129.99,0.08375644329896907
Friends Advent Calendar,Friends,233.0,29.99,0.12871244635193133
Pop Star Recording Studio,Friends,172.0,14.99,0.08715116279069768
Pop Star Dressing Room,Friends,279.0,29.99,0.10749103942652329
Pop Star Show Stage,Friends,446.0,39.99,0.08966367713004485
Pop Star Tour Bus,Friends,682.0,59.99,0.08796187683284458
Pop Star Limousine,Friends,265.0,24.99,0.09430188679245283
Heartlake Food Market,Friends,388.0,39.99,0.10306701030927835
Heartlake City Airport,Friends,692.0,89.99,0.13004335260115607
Rokit,Mixels,66.0,4.99,0.07560606060606061
Niksput,Mixels,62.0,4.99,0.08048387096774194
Nurp-Naut,Mixels,52.0,4.99,0.09596153846153846
Meltus,Mixels,66.0,4.99,0.07560606060606061
Flamzer,Mixels,60.0,4.99,0.08316666666666667
Burnard,Mixels,59.0,4.99,0.08457627118644068
Globert,Mixels,45.0,4.99,0.1108888888888889
Vampos,Mixels,59.0,4.99,0.08457627118644068
Boogly,Mixels,52.0,4.99,0.09596153846153846
Gox,Mixels,62.0,4.99,0.08048387096774194
Jinky,Mixels,59.0,4.99,0.08457627118644068
Kamzo,Mixels,58.0,4.99,0.08603448275862069
Krog,Mixels,60.0,4.99,0.08316666666666667
Chilbo,Mixels,65.0,4.99,0.07676923076923077
Snoof,Mixels,54.0,4.99,0.09240740740740741
Spugg,Mixels,51.0,4.99,0.09784313725490197
Turg,Mixels,56.0,4.99,0.08910714285714286
Tungster,Mixels,60.0,4.99,0.08316666666666667
Kramm,Mixels,68.0,4.99,0.07338235294117647
Forx,Mixels,65.0,4.99,0.07676923076923077
Wuzzo,Mixels,74.0,4.99,0.06743243243243244
Dribbal,Mixels,52.0,4.99,0.09596153846153846
Gurggle,Mixels,66.0,4.99,0.07560606060606061
Slusho,Mixels,53.0,4.99,0.09415094339622641
Snax,Mixels,51.0,4.99,0.09784313725490197
Berp,Mixels,68.0,4.99,0.07338235294117647
Vaka-Waka,Mixels,69.0,4.99,0.07231884057971015
Cherry Picker,Technic,155.0,12.99,0.08380645161290323
Compact Tracked Loader,Technic,252.0,19.99,0.07932539682539681
Record Breaker,Technic,125.0,19.99,0.15991999999999998
Quad Bike,Technic,148.0,19.99,0.13506756756756755
Mining Truck,Technic,362.0,29.99,0.08284530386740331
Street Motorcycle,Technic,375.0,39.99,0.10664
Formula Off-Roader,Technic,494.0,59.99,0.12143724696356276
Arctic Truck,Technic,913.0,84.99,0.09308871851040525
24 Hours Race Car,Technic,1219.0,129.99,0.10663658736669401
Fire Plane,Technic,578.0,49.99,0.0864878892733564
Race Truck,Technic,608.0,69.99,0.11511513157894736
Crawler Crane,Technic,1401.0,149.99,0.10705924339757317
Mercedes-Benz Arocs 3245,Technic,2793.0,229.99,0.0823451485857501
Math Train,Education,167.0,,
Animal Bingo,Education,49.0,,
Community People Set,Education,21.0,,
World People Set,Education,16.0,,
Wild Animals Set,Education,104.0,,
StoryStarter expansion pack: Fairy Tale,Serious Play,186.0,,
StoryStarter expansion pack: Space,Education,186.0,,
StoryStarter expansion pack: Community,Education,201.0,,
Transformer 10V DC,Mindstorms,1.0,34.95,34.95
Trash Trek Challenge Kit,Education,1973.0,,
ATV Patrol,City,59.0,6.99,0.11847457627118645
Swamp Police Starter Set,City,78.0,9.99,0.1280769230769231
Helicopter Pursuit,City,253.0,39.99,0.15806324110671938
Crooks' Hideout,City,473.0,69.99,0.1479704016913319
Swamp Police Station,City,707.0,89.99,0.12728429985855727
Water Plane Chase,City,263.0,29.99,0.11403041825095056
Hovercraft Arrest,City,331.0,44.99,0.13592145015105742
Demolition Starter Set,City,85.0,9.99,0.11752941176470588
Service Truck,City,233.0,24.99,0.10725321888412016
Bulldozer,City,384.0,39.99,0.104140625
Excavator and Truck,City,311.0,49.99,0.1607395498392283
Demolition Site,City,776.0,89.99,0.11596649484536081
Space Starter Set,City,107.0,9.99,0.0933644859813084
Utility Shuttle,City,155.0,24.99,0.16122580645161289
Training Jet Transporter,City,448.0,49.99,0.11158482142857143
Spaceport,City,586.0,119.99,0.20476109215017063
Pickup Tow Truck,City,209.0,19.99,0.09564593301435406
Dune Buggy Trailer,City,222.0,19.99,0.09004504504504504
Snowplough Truck,City,196.0,19.99,0.10198979591836733
Racing Bike Transporter,City,178.0,19.99,0.11230337078651685
4x4 with Powerboat,City,301.0,29.99,0.09963455149501661
LEGO City Starter Set,City,242.0,29.99,0.12392561983471073
Fire Starter Set,City,92.0,9.99,0.10858695652173914
Deep Sea Scuba Scooter,City,42.0,6.99,0.16642857142857143
Deep Sea Starter Set,City,90.0,9.99,0.111
Deep Sea Submarine,City,274.0,39.99,0.14594890510948905
Deep Sea Helicopter,City,388.0,49.99,0.12884020618556702
Deep Sea Exploration Vessel,City,717.0,119.99,0.16735006973500696
Deep Sea Operation Base,City,907.0,99.99,0.1102425578831312
City Square,City,1683.0,189.99,0.11288770053475937
Heavy-Haul Train,City,984.0,199.99,0.2032418699186992
City Advent Calendar,City,278.0,29.99,0.10787769784172661
Train 3-in-1 pack,Duplo,88.0,,
Demolition Super Pack,City,1393.0,,
Deep Sea Explorers Super Pack 4-in-1,City,794.0,,
City Super Pack 3-in-1,City,528.0,,
Train Super Pack 3-in-1,Duplo,177.0,,
Farm Super Pack 3-in-1,Duplo,142.0,,
Value Pack,Friends,1065.0,,
Microfighter 3 in 1 Super Pack,Star Wars,276.0,,
Microfighter 3 in 1 Super Pack,Star Wars,288.0,,
Battle Pack 2 in 1,Star Wars,269.0,,
Battle Pack 2 in 1,Star Wars,243.0,,
Spyclops Infiltration,Ultra Agents,109.0,9.99,0.09165137614678899
Invizable Gold Getaway,Ultra Agents,237.0,19.99,0.08434599156118143
Drillex Diamond Job,Ultra Agents,312.0,29.99,0.09612179487179487
Agent Stealth Patrol,Ultra Agents,475.0,49.99,0.1052421052631579
UltraCopter vs. AntiMatter,Ultra Agents,614.0,79.99,0.13027687296416937
Ultrasonic Showdown,Ultra Agents,187.0,19.99,0.10689839572192512
AntiMatter's Portal Hideout,Ultra Agents,475.0,69.99,0.14734736842105262
Ultra Agents Ocean HQ,Ultra Agents,1204.0,99.99,0.08304817275747507
Strainor's Saber Cycle,Legends of Chima,161.0,14.99,0.0931055900621118
Flinx's Ultimate Phoenix,Legends of Chima,172.0,19.99,0.11622093023255813
Tormak's Shadow Blazer,Legends of Chima,311.0,29.99,0.09643086816720257
Icebite's Claw Driller,Legends of Chima,629.0,49.99,0.07947535771065183
Tiger's Mobile Command,Legends of Chima,712.0,79.99,0.11234550561797751
Bladvic's Rumble Bear,Legends of Chima,415.0,39.99,0.09636144578313253
Mammoth's Frozen Stronghold,Legends of Chima,621.0,59.99,0.09660225442834139
King Crominus' Rescue,Legends of Chima,863.0,89.99,0.1042757821552723
Vultrix's Sky Scavenger,Legends of Chima,480.0,39.99,0.0833125
 Lion Tribe Pack,Legends of Chima,78.0,9.99,0.1280769230769231
Ice Bear Tribe Pack,Legends of Chima,75.0,9.99,0.1332
Crocodile Tribe Pack,Legends of Chima,72.0,9.99,0.13875
Saber Tooth Tiger Tribe Pack,Legends of Chima,74.0,9.99,0.135
Shipwreck Defense,Pirates,84.0,12.99,0.15464285714285714
Soldiers Outpost,Pirates,164.0,19.99,0.12189024390243902
Treasure Island,Pirates,181.0,19.99,0.11044198895027624
Soldiers Fort,Pirates,234.0,29.99,0.12816239316239317
The Brick Bounty,Pirates,745.0,99.99,0.13421476510067112
Chain Cycle Ambush,Ninjago,298.0,29.99,0.10063758389261744
Jay Walker One,Ninjago,386.0,39.99,0.10360103626943006
City of Stiix,Ninjago,1069.0,99.99,0.09353601496725912
 Blaster Bike,Ninjago,212.0,19.99,0.09429245283018867
Master Wu Dragon,Ninjago,575.0,39.99,0.06954782608695652
Ronin R.E.X.,Ninjago,547.0,49.99,0.09138939670932358
Attack of the Morro Dragon,Ninjago,658.0,69.99,0.10636778115501519
Titan Mech Battle,Ninjago,754.0,59.99,0.07956233421750664
Final Flight of Destiny's Bounty,Ninjago,1253.0,119.99,0.09576217079010374
Airjitzu Kai Flyer,Ninjago,46.0,9.99,0.21717391304347827
Airjitzu Jay Flyer,Ninjago,45.0,9.99,0.222
Airjitzu Cole Flyer,Ninjago,47.0,9.99,0.21255319148936172
Airjitzu Zane Flyer,Ninjago,42.0,9.99,0.23785714285714285
Airjitzu Morro Flyer,Ninjago,46.0,9.99,0.21717391304347827
Airjitzu Wrayth Flyer,Ninjago,43.0,9.99,0.23232558139534884
Anacondrai Crusher,Ninjago,219.0,19.99,0.09127853881278539
Condrai Copter Attack,Ninjago,311.0,29.99,0.09643086816720257
Boulder Blaster,Ninjago,236.0,29.99,0.12707627118644066
Titanium Dragon,Ninjago,360.0,39.99,0.11108333333333334
Enter the Serpent,Ninjago,529.0,59.99,0.11340264650283555
Ninja DB X,Ninjago,756.0,79.99,0.1058068783068783
Temple of Airjitzu,Ninjago,2028.0,199.99,0.09861439842209073
Jungle Trap,Ninjago,58.0,6.99,0.12051724137931034
Lava Falls,Ninjago,94.0,7.99,0.085
ElectroMech,Ninjago,153.0,14.99,0.09797385620915033
Jungle Raider ,Ninjago,188.0,19.99,0.10632978723404254
Dojo Showdown,Ninjago,215.0,24.99,0.11623255813953488
Protector of Jungle,Bionicle,64.0,9.99,0.15609375
Protector of Stone,Bionicle,73.0,9.99,0.13684931506849315
Protector of Water,Bionicle,71.0,9.99,0.1407042253521127
Protector of Earth,Bionicle,66.0,9.99,0.15136363636363637
Protector of Ice,Bionicle,68.0,9.99,0.14691176470588235
Protector of Fire,Bionicle,69.0,9.99,0.14478260869565218
Lewa - Master of Jungle,Bionicle,85.0,14.99,0.1763529411764706
Pohatu - Master of Stone,Bionicle,66.0,14.99,0.2271212121212121
Gali - Master of Water,Bionicle,87.0,14.99,0.17229885057471264
Tahu - Master of Fire,Bionicle,89.0,19.99,0.2246067415730337
Kopaka - Master of Ice,Bionicle,97.0,19.99,0.20608247422680412
Onua - Master of Earth,Bionicle,108.0,19.99,0.1850925925925926
Lord of Skull Spiders,Bionicle,145.0,14.99,0.10337931034482759
Skull Warrior,Bionicle,102.0,14.99,0.1469607843137255
Skull Slicer,Bionicle,71.0,14.99,0.21112676056338028
Skull Basher,Bionicle,72.0,14.99,0.20819444444444446
Skull Scorpio,Bionicle,107.0,14.99,0.14009345794392525
Mask Maker vs. Skull Grinder,Bionicle,171.0,29.99,0.17538011695906433
Batman & Super Angry Kitty Attack,The LEGO Movie,115.0,9.99,0.08686956521739131
Double-Decker Couch,The LEGO Movie,197.0,14.99,0.07609137055837563
Bad Cop Car Chase,The LEGO Movie,292.0,29.99,0.10270547945205478
LEGO Minifigures - Series 13 {Random bag},Collectable Minifigures,7.0,,
Classic King,Collectable Minifigures,9.0,,
Sheriff,Collectable Minifigures,8.0,,
Unicorn Girl,Collectable Minifigures,7.0,,
Snake Charmer,Collectable Minifigures,7.0,,
Goblin,Collectable Minifigures,7.0,,
Paleontologist,Collectable Minifigures,7.0,,
Alien Trooper,Collectable Minifigures,6.0,,
Egyptian Warrior,Collectable Minifigures,7.0,,
Carpenter,Collectable Minifigures,7.0,,
Evil Wizard,Collectable Minifigures,10.0,,
Fencer,Collectable Minifigures,6.0,,
Samurai,Collectable Minifigures,8.0,,
Disco Diva,Collectable Minifigures,8.0,,
Hot Dog Man,Collectable Minifigures,5.0,,
Lady Cyclops,Collectable Minifigures,6.0,,
Galaxy Trooper,Collectable Minifigures,8.0,,
LEGO Minifigures - Series 13 - Complete,Collectable Minifigures,116.0,,
LEGO Minifigures - Series 13 - Sealed Box,Collectable Minifigures,,,
LEGO Minifigures - The Simpsons Series 2 {Random bag},Collectable Minifigures,,,
Date Night Homer,Collectable Minifigures,5.0,,
Date Night Marge,Collectable Minifigures,9.0,,
Lisa with Snowball II,Collectable Minifigures,5.0,,
Maggie and Santa's Little Helper,Collectable Minifigures,3.0,,
Bartman,Collectable Minifigures,5.0,,
Fallout Boy Milhouse,Collectable Minifigures,5.0,,
Comic Book Guy,Collectable Minifigures,5.0,,
Martin Prince,Collectable Minifigures,4.0,,
Professor Frink,Collectable Minifigures,4.0,,
Hans Moleman,Collectable Minifigures,4.0,,
Selma,Collectable Minifigures,5.0,,
Patty,Collectable Minifigures,5.0,,
Groundskeeper Willie,Collectable Minifigures,4.0,,
Edna Krabappel,Collectable Minifigures,6.0,,
Waylon Smithers,Collectable Minifigures,5.0,,
Dr. Hibbert,Collectable Minifigures,4.0,,
LEGO Minifigures - The Simpsons Series 2 - Complete,Collectable Minifigures,78.0,,
LEGO Minifigures - The Simpsons Series 2 - Sealed Box,Collectable Minifigures,,,
LEGO Minifigures - Series 14 - Monsters {Random bag},Collectable Minifigures,,,
Wolf Guy,Collectable Minifigures,5.0,,
Zombie Pirate,Collectable Minifigures,6.0,,
Monster Scientist,Collectable Minifigures,5.0,,
Wacky Witch,Collectable Minifigures,7.0,,
Plant Monster,Collectable Minifigures,6.0,,
Fly Monster,Collectable Minifigures,4.0,,
Spectre,Collectable Minifigures,6.0,,
Zombie Cheerleader,Collectable Minifigures,6.0,,
Tiger Woman,Collectable Minifigures,5.0,,
Gargoyle,Collectable Minifigures,5.0,,
Skeleton Guy,Collectable Minifigures,5.0,,
Monster Rocker,Collectable Minifigures,5.0,,
Zombie Businessman,Collectable Minifigures,6.0,,
Banshee,Collectable Minifigures,4.0,,
Square Foot,Collectable Minifigures,4.0,,
Spider Lady,Collectable Minifigures,7.0,,
LEGO Minifigures - Series 14 - Monsters - Complete,Collectable Minifigures,86.0,,
LEGO Minifigures - Series 14 - Monsters - Sealed Box,Collectable Minifigures,,,
Kwik-E-Mart,The Simpsons,2179.0,199.99,0.0917806333180358
Starter Pack: PS3,Dimensions,267.0,99.99,0.37449438202247187
Starter Pack: PS4,Dimensions,273.0,99.99,0.36626373626373626
Starter Pack: Xbox One,Dimensions,267.0,99.99,0.37449438202247187
Starter Pack: Xbox 360,Dimensions,267.0,99.99,0.37449438202247187
Starter Pack: Wii U,Dimensions,267.0,99.99,0.37449438202247187
Starter Pack parts,Dimensions,267.0,,
Back to the Future Level Pack,Dimensions,94.0,29.99,0.31904255319148933
The Simpsons Level Pack,Dimensions,98.0,29.99,0.3060204081632653
Portal 2 Level Pack,Dimensions,85.0,29.99,0.3528235294117647
Doctor Who Level Pack,Dimensions,83.0,29.99,0.36132530120481926
Jurassic World Team Pack,Dimensions,103.0,24.99,0.24262135922330094
Scooby-Doo Team Pack,Dimensions,81.0,24.99,0.3085185185185185
Ninjago Team Pack,Dimensions,97.0,24.99,0.25762886597938145
Wonder Woman Fun Pack,Dimensions,41.0,14.99,0.36560975609756097
Cyborg Fun Pack,Dimensions,50.0,14.99,0.2998
Bart Simpson Fun Pack,Dimensions,34.0,14.99,0.4408823529411765
Emmet Fun Pack,Dimensions,55.0,14.99,0.27254545454545454
Bad Cop Fun Pack,Dimensions,62.0,14.99,0.2417741935483871
Benny Fun Pack,Dimensions,46.0,14.99,0.3258695652173913
Jay Fun Pack,Dimensions,48.0,14.99,0.3122916666666667
Nya Fun Pack,Dimensions,59.0,14.99,0.2540677966101695
Zane Fun Pack,Dimensions,45.0,14.99,0.33311111111111114
Gollum Fun Pack,Dimensions,39.0,14.99,0.38435897435897437
Legolas Fun Pack,Dimensions,36.0,14.99,0.4163888888888889
Gimli Fun Pack,Dimensions,56.0,14.99,0.26767857142857143
Wicked Witch Fun Pack,Dimensions,38.0,14.99,0.3944736842105263
Laval Fun Pack,Dimensions,57.0,14.99,0.2629824561403509
Cragger Fun Pack,Dimensions,45.0,14.99,0.33311111111111114
Krusty Fun Pack,Dimensions,38.0,14.99,0.3944736842105263
Unikitty Fun Pack,Dimensions,57.0,14.99,0.2629824561403509
Eris Fun Pack,Dimensions,59.0,14.99,0.2540677966101695
Slave I,Star Wars,1996.0,199.99,0.10019539078156313
ARC-170 Starfighter Microfighter,Star Wars,95.0,9.99,0.1051578947368421
Vulture Droid Microfighter,Star Wars,77.0,9.99,0.12974025974025974
Snowspeeder Microfighter,Star Wars,97.0,9.99,0.10298969072164949
AT-AT Microfighter,Star Wars,88.0,9.99,0.11352272727272728
Republic Gunship Microfighter,Star Wars,105.0,9.99,0.09514285714285714
Homing Spider Droid Microfighter,Star Wars,102.0,9.99,0.09794117647058824
Imperial Troop Transport,Star Wars,141.0,12.99,0.09212765957446808
Shadow Troopers,Star Wars,95.0,12.99,0.13673684210526316
AAT,Star Wars,251.0,24.99,0.0995617529880478
T-16 Skyhopper,Star Wars,247.0,24.99,0.1011740890688259
TIE Advanced Prototype,Star Wars,355.0,39.99,0.11264788732394367
AT-DP,Star Wars,500.0,49.99,0.09998
Wookiee Gunship,Star Wars,570.0,69.99,0.12278947368421052
Hailfire Droid,Star Wars,163.0,19.99,0.12263803680981594
Battle Droid Troop Carrier,Star Wars,565.0,39.99,0.0707787610619469
Anakin's Custom Jedi Starfighter,Star Wars,370.0,39.99,0.10808108108108108
Senate Commando Troopers,Star Wars,106.0,12.99,0.12254716981132076
Geonosis Troopers,Star Wars,105.0,12.99,0.12371428571428572
Ezra's Speeder Bike,Star Wars,253.0,19.99,0.07901185770750987
Flash Speeder,Star Wars,312.0,29.99,0.09612179487179487
Naboo Starfighter,Star Wars,442.0,49.99,0.11309954751131222
Death Star Final Duel,Star Wars,724.0,79.99,0.11048342541436464
 Imperial Shuttle Tydirium,Star Wars,937.0,99.99,0.10671291355389541
TIE Fighter,Star Wars,1685.0,199.99,0.11868842729970328
Sith Infiltrator,Star Wars,662.0,89.99,0.13593655589123865
Star Wars Advent Calendar,Star Wars,292.0,39.99,0.13695205479452055
Rey's Speeder,Star Wars,193.0,19.99,0.10357512953367874
First Order Snowspeeder,Star Wars,444.0,39.99,0.09006756756756758
First Order Special Forces TIE Fighter,Star Wars,517.0,69.99,0.1353771760154739
Poe's X-wing Fighter,Star Wars,717.0,79.99,0.11156206415620641
First Order Transporter,Star Wars,792.0,89.99,0.11362373737373736
Kylo Ren's Command Shuttle,Star Wars,1005.0,119.99,0.11939303482587064
Millennium Falcon,Star Wars,1329.0,149.99,0.11285929270127916
Imperial Assault Carrier,Star Wars,1216.0,129.99,0.10689967105263158
Jango Fett,Star Wars,85.0,19.99,0.23517647058823526
Clone Commander Cody,Star Wars,82.0,19.99,0.24378048780487804
Obi-Wan Kenobi,Star Wars,83.0,24.99,0.30108433734939755
Luke Skywalker,Star Wars,83.0,19.99,0.2408433734939759
Darth Vader,Star Wars,160.0,29.99,0.18743749999999998
General Grievous,Star Wars,186.0,34.99,0.1881182795698925
LaFerrari,Speed Champions,164.0,14.99,0.09140243902439024
Mummy Museum Mystery,Scooby-Doo,110.0,14.99,0.13627272727272727
Mystery Plane Adventures,Scooby-Doo,128.0,19.99,0.156171875
The Mystery Machine,Scooby-Doo,301.0,29.99,0.09963455149501661
Haunted Lighthouse,Scooby-Doo,437.0,49.99,0.11439359267734554
Mystery Mansion,Scooby-Doo,860.0,89.99,0.10463953488372092
458 Italia GT2,Speed Champions,153.0,14.99,0.09797385620915033
McLaren P1,Speed Champions,168.0,14.99,0.08922619047619047
Porsche 918 Spyder,Speed Champions,151.0,14.99,0.09927152317880795
McLaren Mercedes Pit Stop,Speed Champions,332.0,29.99,0.09033132530120482
Porsche 911 GT Finish Line,Speed Champions,551.0,49.99,0.09072595281306715
F14 T & Scuderia Ferrari Truck,Speed Champions,884.0,99.99,0.11311085972850678
Pteranodon Capture,Jurassic World,174.0,19.99,0.11488505747126436
Dilophosaurus Ambush,Jurassic World,248.0,29.99,0.12092741935483871
Raptor Rampage,Jurassic World,324.0,49.99,0.15429012345679013
T. rex Tracker,Jurassic World,520.0,69.99,0.13459615384615384
Indominus Rex Breakout,Jurassic World,1156.0,129.99,0.11244809688581316
Raptor Escape,Jurassic World,394.0,39.99,0.10149746192893401
Green Lantern vs. Sinestro,DC Comics Super Heroes,174.0,19.99,0.11488505747126436
Gorilla Grodd Goes Bananas,DC Comics Super Heroes,347.0,49.99,0.14406340057636888
Brick Bank,Creator Expert,2380.0,169.99,0.07142436974789916
Volkswagen Beetle,Creator Expert,1167.0,99.99,0.08568123393316195
Big Ben,Creator Expert,4163.0,249.99,0.06005044439106414
Winter Holiday Train,Creator Expert,734.0,99.99,0.13622615803814714
XL Creative Brick Box,Classic,1600.0,,
Creative Building Set,Classic,583.0,29.99,0.05144082332761578
Creative Building Basket,Classic,1000.0,59.99,0.05999
Police Helicopter Chase,Juniors,63.0,9.99,0.15857142857142859
Iron Man vs. Loki,Juniors,66.0,12.99,0.1968181818181818
Snake Showdown,Juniors,92.0,14.99,0.16293478260869565
Ariel's Dolphin Carriage,Juniors,70.0,14.99,0.21414285714285713
Batman & Superman vs. Lex Luthor,Juniors,164.0,19.99,0.12189024390243902
Lost Temple,Juniors,172.0,29.99,0.17436046511627906
Stephanie's Horse Carriage,Juniors,58.0,12.99,0.2239655172413793
Emma's Ice Cream Truck,Juniors,136.0,19.99,0.14698529411764705
Mia's Vet Clinic,Juniors,173.0,29.99,0.17335260115606935
Cinderella's Carriage,Juniors,116.0,24.99,0.2154310344827586
Baby Animals,Duplo,13.0,9.99,0.7684615384615385
Savanna,Duplo,18.0,19.99,1.1105555555555555
Arctic,Duplo,40.0,29.99,0.7497499999999999
Jungle,Duplo,86.0,49.99,0.5812790697674419
Around the World,Duplo,163.0,99.99,0.6134355828220859
Horses,Duplo,20.0,14.99,0.7495
Horse Trailer,Duplo,15.0,19.99,1.3326666666666667
Little Plane,Duplo,13.0,9.99,0.7684615384615385
Police Patrol,Duplo,15.0,14.99,0.9993333333333333
Push Train,Duplo,45.0,29.99,0.6664444444444444
Backhoe Loader,Duplo,19.0,14.99,0.7889473684210526
Truck & Tracked Excavator,Duplo,28.0,19.99,0.7139285714285714
Big Construction Site,Duplo,67.0,49.99,0.7461194029850746
Tow Truck,Duplo,28.0,19.99,0.7139285714285714
My First Rocket,Duplo,18.0,9.99,0.555
My First Cars and Trucks,Duplo,36.0,19.99,0.5552777777777778
Creative Chest,Duplo,70.0,29.99,0.4284285714285714
My First Truck,Duplo,29.0,19.99,0.6893103448275861
My First Garden,Duplo,25.0,19.99,0.7996
Creative Construction Basket,Duplo,110.0,59.99,0.5453636363636364
Sofia's Magical Carriage,Duplo,30.0,29.99,0.9996666666666666
Miles' Space Adventures,Duplo,23.0,19.99,0.8691304347826087
Miles' Exo-Flex Suit,Duplo,37.0,24.99,0.6754054054054054
Miles' Stellosphere Hangar,Duplo,44.0,34.99,0.7952272727272728
Mickey & Friends Beach House,Duplo,48.0,34.99,0.7289583333333334
Doc's Pet Vet Care,Duplo,30.0,24.99,0.833
Mickey's Workshop,Duplo,18.0,19.99,1.1105555555555555
Minnie's Café,Duplo,27.0,19.99,0.7403703703703703
My First Caterpillar,Duplo,19.0,9.99,0.5257894736842106
City: Build Your Own Adventure parts,City,92.0,,
Parts for LEGO Star Wars: Build Your Own Adventure,Star Wars,73.0,,
Venice,Architecture,212.0,29.99,0.1414622641509434
Berlin,Architecture,289.0,29.99,0.10377162629757784
New York City,Architecture,598.0,59.99,0.10031772575250836
Buckingham Palace,Architecture,780.0,49.99,0.06408974358974359
United States Capitol Building,Architecture,1032.0,99.99,0.09688953488372093
Burj Khalifa,Architecture,333.0,39.99,0.1200900900900901
The Iron Golem,Minecraft,208.0,19.99,0.09610576923076922
The End Portal,Minecraft,559.0,59.99,0.10731663685152057
The Jungle Tree House,Minecraft,706.0,69.99,0.09913597733711048
The Wither,Minecraft,318.0,39.99,0.12575471698113208
The Fortress,Minecraft,984.0,109.99,0.11177845528455284
The Village,Minecraft,1600.0,199.99,0.12499375
Maze,Ideas,769.0,69.99,0.09101430429128737
The Beatles Yellow Submarine,Ideas,553.0,59.99,0.10848101265822785
Caterham Seven 620R,Ideas,771.0,,
First Order Star Destroyer,Star Wars,56.0,,
Poe's X-wing Fighter,Star Wars,64.0,,
Kylo Ren's Command Shuttle,Star Wars,43.0,,
Duck,Duplo,4.0,,
Wildlife {Random bag},Duplo,7.0,,
Wildlife - Polar Bear,Duplo,4.0,,
Wildlife - Penguin,Duplo,4.0,,
Wildlife - Tortoise,Duplo,4.0,,
Wildlife - Lion Cub,Duplo,4.0,,
Wildlife - Elephant,Duplo,4.0,,
Prison Island Floatplane,City,46.0,,
Fire Car,City,53.0,,
Mini Dumper,City,45.0,,
Sports Car,City,47.0,,
Volcano Jackhammer,City,53.0,,
Knight's Cycle,Nexo Knights,42.0,,
Robin's Mini Fortrex,Nexo Knights,45.0,,
Knighton Hyper Cannon,Nexo Knights,47.0,,
The Lava Slinger,Nexo Knights,40.0,,
Sira's Adventurous Airglider,Elves,24.0,,
Cupcake Stall,Friends,28.0,,
Olaf's Summertime Fun,Disney,48.0,,
Adventure Camp Bridge,Friends,37.0,,
Bowling Alley,Friends,51.0,,
Skybound Plane,Ninjago,30.0,,
Kai's Mini Dragon,Ninjago,39.0,,
Anchor-Jet,Ninjago,38.0,,
WU-CRU Training Dojo,Ninjago,43.0,,
The Batmobile,DC Comics Super Heroes,63.0,,
Captain America's Motorcycle ,Marvel Super Heroes,25.0,,
Spider-Man vs. The Venom Symbiote,Marvel Super Heroes,49.0,,
Helicopter,Creator,47.0,,
Parrot,Creator,43.0,,
Racer,Juniors,30.0,,
Reindeer,Creator,77.0,,
Scooby-Doo,Scooby-Doo,2.0,,
First Order Stormtrooper,Star Wars,7.0,,
Batman Classic TV Series - Mr. Freeze,DC Comics Super Heroes,16.0,,
Cosmic Boy,DC Comics Super Heroes,7.0,,
Finn (FN-2187),Star Wars,5.0,,
Nightwing,DC Comics Super Heroes,6.0,,
Desert Racers,Creator,65.0,4.99,0.07676923076923077
Construction Vehicles,Creator,64.0,4.99,0.07796875
Super Soarer,Creator,100.0,9.99,0.0999
Chopper Transporter,Creator,124.0,9.99,0.08056451612903226
Park Animals,Creator,202.0,14.99,0.0742079207920792
Ocean Explorer,Creator,213.0,14.99,0.07037558685446009
Fast Car,Creator,222.0,19.99,0.09004504504504504
Propeller Plane,Creator,230.0,19.99,0.08691304347826086
Lakeside Lodge,Creator,368.0,29.99,0.0814945652173913
Twin Spin Helicopter,Creator,326.0,29.99,0.09199386503067485
Corner Deli,Creator,467.0,39.99,0.08563169164882227
Lighthouse Point,Creator,528.0,59.99,0.11361742424242424
Vacation Getaways,Creator,792.0,69.99,0.08837121212121211
Treehouse Adventures,Creator,387.0,34.99,0.09041343669250647
Space Shuttle (Uniqlo edition),Promotional,39.0,,
Robot (Uniqlo edition),Promotional,50.0,,
Koala (Uniqlo edition),Promotional,65.0,,
Parrot (Uniqlo edition),Promotional,55.0,,
What am I?,Miscellaneous,536.0,39.99,0.07460820895522388
Minifigure Wedding Favour Set,Miscellaneous,89.0,9.99,0.11224719101123595
LEGOLAND Train,Promotional,210.0,,
My First Set,Duplo,10.0,,
Personalised Mosaic Portrait,Miscellaneous,4502.0,129.99,0.028873833851621504
Valentine's Cupid Dog,Seasonal,150.0,9.99,0.0666
Easter Chick,Seasonal,111.0,9.99,0.09
Vampire and Bat,Seasonal,150.0,5.99,0.039933333333333335
Pilgrim's Feast,Seasonal,163.0,5.99,0.03674846625766871
Little Elf Helpers,Seasonal,238.0,9.99,0.041974789915966385
LEGO Santa,Seasonal,155.0,9.99,0.0644516129032258
Year of the Monkey,Seasonal,165.0,,
Polar Bear,Promotional,40.0,,
Snowmobile,Promotional,26.0,,
Bunny,Promotional,49.0,,
Bee,Promotional,34.0,,
Hedgehog,Promotional,39.0,,
Seaplane,Promotional,24.0,,
Frog,Promotional,60.0,,
Apple,Promotional,58.0,,
School Bus,Promotional,65.0,,
Werewolf,Promotional,52.0,,
Fox,Promotional,39.0,,
Christmas Present,Promotional,55.0,,
London Bus,Creator,118.0,9.99,0.08466101694915254
Fountain,Creator,105.0,,
Christmas Build-Up,Seasonal,250.0,,
Snowglobe,Seasonal,215.0,,
Rio 2016 Mascots / Mascotes Rio 2016,Promotional,197.0,,
Birthday Buddy,Seasonal,133.0,,
MSC Meraviglia,Promotional,180.0,,
Geoffrey & Friends,Promotional,133.0,,
Rapunzel's Best Day Ever,Disney,145.0,19.99,0.13786206896551723
Anna & Kristoff's Sleigh Adventure,Disney,174.0,29.99,0.17235632183908045
Belle's Enchanted Castle,Disney,374.0,49.99,0.13366310160427808
Arendelle Castle Celebration,Disney,477.0,59.99,0.1257651991614256
Treasure's Day at the Pool,Disney,70.0,5.99,0.08557142857142858
Birthday Party,Friends,191.0,19.99,0.10465968586387434
Party Train,Friends,109.0,9.99,0.09165137614678899
Party Cakes,Friends,50.0,4.99,0.0998
Party Gift Shop,Friends,52.0,4.99,0.09596153846153846
Party Styling,Friends,54.0,4.99,0.09240740740740741
Emma's Creative Workshop,Friends,108.0,9.99,0.0925
Olivia's Exploration Car,Friends,185.0,14.99,0.08102702702702703
Pop Star TV Studio,Friends,194.0,19.99,0.10304123711340206
Heartlake Supermarket,Friends,313.0,29.99,0.095814696485623
Heartlake Cupcake Cafe,Friends,438.0,39.99,0.09130136986301371
Adventure Camp Archery,Friends,114.0,9.99,0.08763157894736842
Adventure Camp Rafting,Friends,320.0,29.99,0.09371874999999999
Adventure Camp Tree House,Friends,726.0,79.99,0.11017906336088154
Foal's Washing Station,Friends,77.0,9.99,0.12974025974025974
Heartlake Puppy Daycare,Friends,286.0,29.99,0.10486013986013985
Horse Vet Trailer,Friends,370.0,39.99,0.10808108108108108
Heartlake Riding Club,Friends,575.0,59.99,0.1043304347826087
Amusement Park Arcade,Friends,174.0,14.99,0.08614942528735632
Amusement Park Space Ride,Friends,195.0,19.99,0.1025128205128205
Amusement Park Hot Dog Van,Friends,243.0,29.99,0.12341563786008229
Amusement Park Roller Coaster,Friends,1124.0,99.99,0.08895907473309608
Friends Advent Calendar,Friends,218.0,29.99,0.13756880733944954
Heartlake Party Shop,Friends,176.0,29.99,0.17039772727272726
Amusement Park Bumper Cars,Friends,424.0,39.99,0.09431603773584907
Heartlake Performance School,Friends,774.0,79.99,0.10334625322997415
Livi's Pop Star House,Friends,597.0,49.99,0.0837353433835846
Daisy's Beauty Salon,Disney,98.0,9.99,0.10193877551020408
Pumpkin's Royal Carriage,Disney,79.0,9.99,0.12645569620253164
Palace Pets Royal Castle,Disney,186.0,19.99,0.10747311827956989
Emily Jones & the Baby Wind Dragon,Elves,80.0,9.99,0.124875
The Water Dragon Adventure,Elves,212.0,19.99,0.09429245283018867
Elvendale School of Dragons,Elves,230.0,19.99,0.08691304347826086
The Starlight Inn,Elves,343.0,29.99,0.08743440233236151
Fire Dragon's Lava Cave,Elves,441.0,39.99,0.09068027210884354
The Secret Market Place,Elves,691.0,59.99,0.08681620839363242
The Precious Crystal Mine,Elves,273.0,29.99,0.10985347985347985
The Dragon Sanctuary,Elves,585.0,49.99,0.08545299145299146
Queen Dragon's Rescue,Elves,833.0,69.99,0.08402160864345738
Ragana's Magic Shadow Castle,Elves,1014.0,99.99,0.0986094674556213
Superman & Wonder Woman,BrickHeadz,220.0,,
Batman & The Joker,BrickHeadz,212.0,,
Iron Man & Captain America,BrickHeadz,184.0,,
Black Panther & Doctor Strange,BrickHeadz,173.0,,
Kuffs,Mixels,63.0,4.99,0.07920634920634921
Busto,Mixels,69.0,4.99,0.07231884057971015
Tiketz,Mixels,62.0,4.99,0.08048387096774194
Camillot,Mixels,64.0,4.99,0.07796875
Mixadel,Mixels,63.0,4.99,0.07920634920634921
Paladum,Mixels,64.0,4.99,0.07796875
Jamzy,Mixels,70.0,4.99,0.07128571428571429
Tapsy,Mixels,57.0,4.99,0.08754385964912281
Trumpsy,Mixels,54.0,4.99,0.09240740740740741
Splasho,Mixels,67.0,4.99,0.0744776119402985
Aquad,Mixels,70.0,4.99,0.07128571428571429
Hydro,Mixels,70.0,4.99,0.07128571428571429
Sharx,Mixels,55.0,4.99,0.09072727272727273
Skulzy,Mixels,66.0,4.99,0.07560606060606061
Lewt,Mixels,62.0,4.99,0.08048387096774194
Surgeo,Mixels,63.0,4.99,0.07920634920634921
Skrubz,Mixels,68.0,4.99,0.07338235294117647
Tuth,Mixels,67.0,4.99,0.0744776119402985
Gobbol,Mixels,62.0,4.99,0.08048387096774194
Sweepz,Mixels,61.0,4.99,0.08180327868852459
Compax,Mixels,66.0,4.99,0.07560606060606061
Cobrax,Mixels,64.0,4.99,0.07796875
Spinza,Mixels,60.0,4.99,0.08316666666666667
Mysto,Mixels,64.0,4.99,0.07796875
Screeno,Mixels,73.0,4.99,0.06835616438356165
Camsta,Mixels,62.0,4.99,0.08048387096774194
Myke,Mixels,63.0,4.99,0.07920634920634921
Display Team Jet,Technic,113.0,12.99,0.11495575221238938
Hydroplane Racer,Technic,180.0,19.99,0.11105555555555555
Getaway Racer,Technic,170.0,19.99,0.11758823529411763
Police Interceptor,Technic,185.0,19.99,0.10805405405405405
Race Kart,Technic,345.0,29.99,0.08692753623188405
Mine Loader,Technic,476.0,49.99,0.10502100840336134
Drag Racer,Technic,647.0,79.99,0.12363214837712519
Heavy Lift Helicopter,Technic,1042.0,139.99,0.13434740882917467
Volvo EW160E,Technic,1166.0,119.99,0.10290737564322469
CLAAS XERION 5000 TRAC VC,Technic,1977.0,179.99,0.0910419828022256
Bucket Wheel Excavator,Technic,3929.0,279.99,0.07126240773733775
Porsche 911 GT3 RS,Technic,2704.0,299.99,0.11094304733727811
StoryTales Set,Education,103.0,,
Tubes Experiment Set,Education,142.0,,
Playground Set,Education,98.0,,
Build Me 'Emotions',Education,188.0,94.95,0.5050531914893617
Creative LEGO DUPLO Brick Set,Education,160.0,,
Creative LEGO Brick Set,Education,1000.0,,
WeDo 2.0 Core Set,Education,280.0,224.95,0.8033928571428571
WeDo 2.0 Smart Hub,Education,1.0,,
WeDo 2.0 Smarthub Rechargeable Battery,Education,1.0,,
WeDo 2.0 Medium Motor,Education,1.0,14.95,14.95
WeDo 2.0 Motion Sensor,Education,1.0,,
WeDo 2.0 Tilt Sensor,Education,1.0,,
Animal Allies Challenge Kit,Education,2161.0,,
Creature Craze Inspire Set,Education,81.0,,
World Robot Olympiad Brick Set,Education,724.0,,
Airport Starter Set,City,81.0,9.99,0.12333333333333334
Airport Cargo Plane,City,157.0,24.99,0.15917197452229298
Airport VIP Service,City,364.0,49.99,0.13733516483516484
Airport Air Show,City,670.0,89.99,0.1343134328358209
Airport Passenger Terminal,City,694.0,99.99,0.1440778097982709
Fire ATV,City,64.0,6.99,0.10921875
Fire Starter Set,City,90.0,9.99,0.111
Fire Ladder Truck,City,214.0,24.99,0.11677570093457944
Fire Response Unit,City,257.0,39.99,0.15560311284046693
Fire Boat,City,412.0,79.99,0.1941504854368932
Fire Station,City,919.0,99.99,0.10880304678998912
Fire Utility Truck,City,368.0,39.99,0.10866847826086957
Fire Engine,City,376.0,49.99,0.13295212765957448
Rally Car,City,104.0,9.99,0.09605769230769232
Race Boat,City,95.0,9.99,0.1051578947368421
4 x 4 Off Roader,City,176.0,19.99,0.11357954545454545
Ambulance Plane,City,183.0,19.99,0.10923497267759562
Van & Caravan,City,250.0,19.99,0.07995999999999999
Garbage Truck,City,248.0,19.99,0.08060483870967741
Ferry,City,301.0,29.99,0.09963455149501661
Volcano Starter Set,City,83.0,9.99,0.12036144578313253
Volcano Exploration Truck,City,175.0,24.99,0.14279999999999998
Volcano Crawler,City,324.0,39.99,0.12342592592592594
Volcano Supply Helicopter,City,330.0,49.99,0.1514848484848485
Volcano Exploration Base,City,824.0,119.99,0.14561893203883494
Volcano Heavy-Lift Helicopter,City,1277.0,149.99,0.11745497259201254
Tire Escape,City,47.0,6.99,0.14872340425531916
Prison Island Starter Set,City,92.0,9.99,0.10858695652173914
Police Pursuit,City,184.0,24.99,0.13581521739130434
Police Patrol Boat,City,200.0,49.99,0.24995
Prison Island,City,754.0,89.99,0.11935013262599468
Crooks Island,City,244.0,29.99,0.12290983606557376
Service Station,City,515.0,89.99,0.1747378640776699
City Advent Calendar,City,290.0,29.99,0.10341379310344827
People Pack - Fun in the Park,City,157.0,39.99,0.25471337579617837
3-in-1 Super Pack,Friends,350.0,,
Forests Value Pack,Duplo,,,
Heartlake Value Pack,Friends,814.0,,
City Volcano Value Pack,City,829.0,,
City Fire Value Pack,City,368.0,,
Microfighters Super Pack 3 in 1,Star Wars,267.0,,
Microfighters Super Pack 3 in 1,Star Wars,268.0,,
Mighty Micros Mighty Pack 3 in 1,DC Comics Super Heroes,244.0,,
"Axl's Tower Carrier, Extra Awesome Edition",Nexo Knights,670.0,,
"Rock Roader, Extra Awesome Edition",Ninjago,406.0,,
"Salvage M.E.C., Extra Awesome Edition",Ninjago,439.0,,
Knighton Battle Blaster,Nexo Knights,76.0,9.99,0.13144736842105265
Chaos Catapult,Nexo Knights,93.0,9.99,0.10741935483870968
Lance's Mecha Horse,Nexo Knights,237.0,19.99,0.08434599156118143
Moltor's Lava Smasher,Nexo Knights,187.0,19.99,0.10689839572192512
Beast Master's Chaos Chariot,Nexo Knights,314.0,29.99,0.09550955414012738
Clay's Rumble Blade,Nexo Knights,367.0,39.99,0.10896457765667575
Jestro's Evil Mobile,Nexo Knights,658.0,59.99,0.09117021276595745
The Fortrex,Nexo Knights,1140.0,99.99,0.08771052631578947
The Glob Lobber,Nexo Knights,95.0,9.99,0.1051578947368421
Macy's Thunder Mace,Nexo Knights,202.0,19.99,0.09896039603960395
Aaron Fox's Aero-Striker V2,Nexo Knights,301.0,29.99,0.09963455149501661
General Magmar's Siege Machine of Doom,Nexo Knights,516.0,49.99,0.09687984496124032
Axl's Tower Carrier,Nexo Knights,670.0,69.99,0.10446268656716418
Jestro's Volcano Lair,Nexo Knights,1186.0,119.99,0.10117200674536256
Merlok's Library 2.0,Nexo Knights,288.0,24.99,0.08677083333333332
Infernox captures the Queen,Nexo Knights,253.0,24.99,0.09877470355731224
The Black Knight Mech,Nexo Knights,530.0,39.99,0.07545283018867925
The King's Mech,Nexo Knights,375.0,29.99,0.07997333333333333
Ultimate Clay,Nexo Knights,72.0,9.99,0.13875
Ultimate Macy,Nexo Knights,101.0,9.99,0.09891089108910892
Ultimate Aaron,Nexo Knights,82.0,9.99,0.12182926829268292
Ultimate Robin,Nexo Knights,75.0,9.99,0.1332
Ultimate Beast Master,Nexo Knights,65.0,9.99,0.15369230769230768
Ultimate Lavaria,Nexo Knights,69.0,9.99,0.14478260869565218
Ultimate Axl,Nexo Knights,69.0,9.99,0.14478260869565218
Ultimate Lance,Nexo Knights,75.0,9.99,0.1332
Ultimate General Magmar,Nexo Knights,64.0,9.99,0.15609375
Ultimate Flama,Nexo Knights,67.0,9.99,0.1491044776119403
Titanium Ninja Tumbler ,Ninjago,342.0,29.99,0.08769005847953217
Rock Roader,Ninjago,406.0,39.99,0.09849753694581281
Airjitzu Battle Grounds,Ninjago,666.0,59.99,0.09007507507507508
Kryptarium Prison Breakout,Ninjago,207.0,19.99,0.09657004830917873
Salvage M.E.C.,Ninjago,439.0,39.99,0.09109339407744875
The Green NRG Dragon,Ninjago,567.0,49.99,0.08816578483245151
The Lighthouse Siege,Ninjago,767.0,69.99,0.09125162972620599
Ultra Stealth Raider,Ninjago,1093.0,99.99,0.09148215919487648
Samurai X Cave Chaos,Ninjago,1253.0,119.99,0.09576217079010374
Cole's Dragon,Ninjago,98.0,9.99,0.10193877551020408
Ninja Bike Chase,Ninjago,231.0,19.99,0.08653679653679654
Sky Shark,Ninjago,221.0,19.99,0.0904524886877828
Jay's Elemental Dragon,Ninjago,350.0,29.99,0.08568571428571428
Raid Zeppelin,Ninjago,294.0,29.99,0.10200680272108843
Tiger Widow Island,Ninjago,450.0,49.99,0.11108888888888889
Misfortune's Keep,Ninjago,754.0,79.99,0.10608753315649867
LEGO Minifigures - Series 15 {Random bag},Collectable Minifigures,,,
Farmer,Collectable Minifigures,6.0,,
Astronaut,Collectable Minifigures,8.0,,
Frightening Knight,Collectable Minifigures,7.0,,
Clumsy Guy,Collectable Minifigures,6.0,,
Tribal Woman,Collectable Minifigures,6.0,,
Flying Warrior,Collectable Minifigures,10.0,,
Faun,Collectable Minifigures,5.0,,
Animal Control Officer,Collectable Minifigures,6.0,,
Janitor,Collectable Minifigures,6.0,,
Ballerina,Collectable Minifigures,5.0,,
Laser Mech,Collectable Minifigures,8.0,,
Kendo Fighter,Collectable Minifigures,6.0,,
Shark Suit Guy,Collectable Minifigures,4.0,,
Wrestling Champion,Collectable Minifigures,5.0,,
Jewel Thief,Collectable Minifigures,7.0,,
Queen,Collectable Minifigures,7.0,,
LEGO Minifigures - Series 15 - Complete,Collectable Minifigures,102.0,,
LEGO Minifigures - Series 15 - Sealed Box,Collectable Minifigures,,,
LEGO Minifigures - Disney Series {Random bag},Collectable Minifigures,,,
Stitch,Collectable Minifigures,3.0,,
Alien,Collectable Minifigures,3.0,,
Buzz Lightyear,Collectable Minifigures,7.0,,
Aladdin,Collectable Minifigures,5.0,,
Genie,Collectable Minifigures,6.0,,
Maleficent,Collectable Minifigures,9.0,,
Alice,Collectable Minifigures,7.0,,
Cheshire Cat,Collectable Minifigures,4.0,,
Daisy Duck,Collectable Minifigures,5.0,,
Donald Duck,Collectable Minifigures,5.0,,
Minnie Mouse,Collectable Minifigures,5.0,,
Mickey Mouse,Collectable Minifigures,3.0,,
Mr. Incredible,Collectable Minifigures,5.0,,
Syndrome,Collectable Minifigures,6.0,,
Peter Pan,Collectable Minifigures,6.0,,
Captain Hook,Collectable Minifigures,5.0,,
Ursula,Collectable Minifigures,5.0,3.99,0.798
Ariel,Collectable Minifigures,6.0,,
LEGO Minifigures - Disney Series - Complete,Collectable Minifigures,95.0,,
LEGO Minifigures - Disney Series - Sealed Box,Collectable Minifigures,,,
LEGO Minifigures - Series 16 {Random bag},Collectable Minifigures,,,
Ice Queen,Collectable Minifigures,11.0,,
Desert Warrior,Collectable Minifigures,5.0,,
Cyborg,Collectable Minifigures,7.0,,
Cute Little Devil,Collectable Minifigures,9.0,,
Spooky Boy,Collectable Minifigures,6.0,,
Hiker,Collectable Minifigures,7.0,,
Wildlife Photographer,Collectable Minifigures,7.0,,
Kickboxer,Collectable Minifigures,6.0,,
Scallywag Pirate,Collectable Minifigures,6.0,,
Penguin Boy,Collectable Minifigures,6.0,,
Rogue,Collectable Minifigures,6.0,,
Dog Show Winner,Collectable Minifigures,6.0,,
Mariachi,Collectable Minifigures,6.0,,
Spy,Collectable Minifigures,8.0,,
Banana Guy,Collectable Minifigures,4.0,,
Babysitter,Collectable Minifigures,6.0,3.99,0.665
LEGO Minifigures - Series 16 - Complete,Collectable Minifigures,106.0,,
LEGO Minifigures - Series 16 - Sealed Box,Collectable Minifigures,,,
LEGO Minifigures - DFB Series {Random bag},Collectable Minifigures,,,
Joachim Löw,Collectable Minifigures,6.0,,
Manuel Neuer,Collectable Minifigures,6.0,,
Jérôme Boateng,Collectable Minifigures,6.0,,
Mats Hummels,Collectable Minifigures,6.0,,
Benedikt Höwedes,Collectable Minifigures,6.0,,
Shkodran Mustafi,Collectable Minifigures,6.0,,
Bastian Schweinsteiger,Collectable Minifigures,6.0,,
Mesut Özil,Collectable Minifigures,6.0,,
Thomas Müller,Collectable Minifigures,6.0,,
Toni Kroos,Collectable Minifigures,6.0,,
Sami Khedira,Collectable Minifigures,6.0,,
André Schürrle,Collectable Minifigures,6.0,,
Marco Reus,Collectable Minifigures,6.0,,
Christoph Kramer,Collectable Minifigures,6.0,,
Mario Götze,Collectable Minifigures,6.0,,
Max Kruse,Collectable Minifigures,6.0,,
LEGO Minifigures - DFB Series - Complete,Collectable Minifigures,96.0,,
LEGO Minifigures - DFB Series - Sealed Box,Collectable Minifigures,,,
Disney Castle,Disney,4080.0,349.99,0.08578186274509804
Ghostbusters Level Pack,Dimensions,115.0,29.99,0.2607826086956522
DC Comics Team Pack,Dimensions,92.0,24.99,0.2716304347826087
Doc Brown Fun Pack,Dimensions,69.0,14.99,0.2172463768115942
Stay Puft Fun Pack,Dimensions,65.0,14.99,0.2306153846153846
Sensei Wu Fun Pack,Dimensions,58.0,14.99,0.258448275862069
Midway Arcade Level Pack,Dimensions,96.0,24.99,0.2603125
Superman Fun Pack,Dimensions,48.0,14.99,0.3122916666666667
Aquaman Fun Pack,Dimensions,43.0,14.99,0.3486046511627907
Cyberman Fun Pack,Dimensions,40.0,14.99,0.37475
Lloyd Fun Pack,Dimensions,56.0,11.99,0.21410714285714286
Bane Fun Pack,Dimensions,52.0,11.99,0.23057692307692307
Slimer Fun Pack,Dimensions,33.0,11.99,0.36333333333333334
New Ghostbusters: Play the Complete Movie,Dimensions,259.0,49.99,0.19301158301158303
Sonic the Hedgehog Level Pack,Dimensions,101.0,29.99,0.2969306930693069
Adventure Time Level Pack,Dimensions,102.0,29.99,0.29401960784313724
Adventure Time Team Pack ,Dimensions,96.0,24.99,0.2603125
Harry Potter Team Pack,Dimensions,119.0,24.99,0.21
Mission: Impossible Level Pack,Dimensions,76.0,29.99,0.39460526315789474
B.A. Baracus Fun Pack,Dimensions,73.0,11.99,0.16424657534246576
Fantastic Beasts and Where to Find Them: Play the Complete Movie,Dimensions,261.0,49.99,0.19153256704980845
Gremlins Team Pack,Dimensions,94.0,24.99,0.26585106382978724
Tina Goldstein Fun Pack,Dimensions,51.0,11.99,0.23509803921568628
E.T. Fun Pack,Dimensions,42.0,11.99,0.2854761904761905
Marceline the Vampire Queen Fun Pack,Dimensions,60.0,,
Uxar - Creature of Jungle,Bionicle,89.0,9.99,0.11224719101123595
Ketar - Creature of Stone,Bionicle,80.0,9.99,0.124875
Akida - Creature of Water,Bionicle,120.0,9.99,0.08325
Ikir - Creature of Fire,Bionicle,77.0,9.99,0.12974025974025974
Terak - Creature of Earth,Bionicle,74.0,9.99,0.135
Lewa - Uniter of Jungle,Bionicle,79.0,14.99,0.18974683544303797
Pohatu - Uniter of Stone,Bionicle,90.0,14.99,0.16655555555555557
Gali - Uniter of Water,Bionicle,87.0,14.99,0.17229885057471264
Tahu - Uniter of Fire,Bionicle,132.0,19.99,0.15143939393939393
Onua - Uniter of Earth,Bionicle,143.0,19.99,0.13979020979020979
Umarak the Hunter,Bionicle,172.0,19.99,0.11622093023255813
Kopaka and Melum - Unity set,Bionicle,171.0,24.99,0.146140350877193
Ekimu the Mask Maker,Bionicle,94.0,14.99,0.15946808510638297
Lava Beast,Bionicle,114.0,14.99,0.13149122807017544
Storm Beast,Bionicle,109.0,14.99,0.1375229357798165
Quake Beast,Bionicle,102.0,14.99,0.1469607843137255
Umarak the Destroyer,Bionicle,191.0,24.99,0.13083769633507852
Supergirl,Dimensions,6.0,,
Green Arrow,Dimensions,7.0,,
Assault on Hoth,Star Wars,2144.0,249.99,0.11659981343283582
Rey,Star Wars,84.0,19.99,0.23797619047619045
First Order Stormtrooper,Star Wars,81.0,19.99,0.2467901234567901
Poe Dameron,Star Wars,102.0,24.99,0.245
Finn,Star Wars,98.0,24.99,0.255
Kylo Ren,Star Wars,86.0,24.99,0.2905813953488372
Captain Phasma,Star Wars,82.0,24.99,0.3047560975609756
Sergeant Jyn Erso,Star Wars,104.0,24.99,0.24028846153846153
K-2SO,Star Wars,169.0,24.99,0.14786982248520708
Imperial Death Trooper,Star Wars,106.0,24.99,0.23575471698113207
Resistance X-wing Fighter Microfighter,Star Wars,87.0,9.99,0.11482758620689655
First Order Snowspeeder Microfighter,Star Wars,91.0,9.99,0.10978021978021978
The Ghost Microfighter,Star Wars,104.0,9.99,0.09605769230769232
TIE Advanced Prototype Microfighter,Star Wars,93.0,9.99,0.10741935483870968
Wookiee Gunship Microfighter,Star Wars,84.0,9.99,0.11892857142857143
AT-DP Microfighter,Star Wars,76.0,9.99,0.13144736842105265
Resistance Trooper Battle Pack,Star Wars,112.0,12.99,0.11598214285714285
First Order Battle Pack,Star Wars,88.0,12.99,0.14761363636363636
Rebel Alliance Battle Pack,Star Wars,101.0,12.99,0.12861386138613862
Galactic Empire Battle Pack,Star Wars,109.0,12.99,0.1191743119266055
Obi-Wan's Jedi Interceptor,Star Wars,215.0,24.99,0.11623255813953488
Droid Escape Pod,Star Wars,197.0,24.99,0.12685279187817258
Carbon-Freezing Chamber,Star Wars,231.0,24.99,0.10818181818181817
Hoth Attack,Star Wars,233.0,24.99,0.10725321888412016
Battle on Takodana,Star Wars,409.0,59.99,0.1466748166259169
Resistance Troop Transporter,Star Wars,646.0,69.99,0.10834365325077398
Kanan's Speeder Bike,Star Wars,234.0,19.99,0.08542735042735042
Homing Spider Droid,Star Wars,310.0,29.99,0.09674193548387096
Eclipse Fighter,Star Wars,363.0,29.99,0.08261707988980715
Star Wars Advent Calendar,Star Wars,282.0,39.99,0.14180851063829789
StarScavenger,Star Wars,558.0,49.99,0.08958781362007169
Encounter on Jakku,Star Wars,530.0,59.99,0.11318867924528302
Assembly Square,Creator Expert,4002.0,299.99,0.074960019990005
Taj Mahal,Creator Expert,5923.0,369.99,0.06246665541110924
Carousel,Creator Expert,2670.0,199.99,0.07490262172284645
London Bus,Creator Expert,1686.0,139.99,0.08303084223013049
Winter Village Station,Creator Expert,902.0,79.99,0.08868070953436806
Creative Builder Box,Classic,502.0,,
Creative Box,Classic,900.0,,
Blue Creative Box,Classic,78.0,4.99,0.06397435897435898
Red Creative Box,Classic,55.0,4.99,0.09072727272727273
Green Creative Box,Classic,66.0,4.99,0.07560606060606061
Orange Creative Box,Classic,60.0,4.99,0.08316666666666667
Lightning McQueen Speed Launcher,Juniors,47.0,9.99,0.21255319148936172
Cruz Ramirez Race Simulator,Juniors,59.0,9.99,0.16932203389830508
Guido and Luigi's Pit Stop,Juniors,75.0,9.99,0.1332
Mater's Junkyard,Juniors,62.0,9.99,0.16112903225806452
Demolition Site,Juniors,175.0,29.99,0.17137142857142856
Police Truck Chase,Juniors,90.0,19.99,0.2221111111111111
Anna and Elsa's Frozen Playground,Juniors,94.0,24.99,0.26585106382978724
Batman vs. Mr. Freeze,Juniors,63.0,14.99,0.23793650793650795
Snow White's Forest Cottage,Juniors,67.0,14.99,0.2237313432835821
Shark Attack,Juniors,108.0,19.99,0.1850925925925926
Fire Patrol Suitcase,Juniors,110.0,19.99,0.1817272727272727
Willy's Butte Speed Training,Juniors,95.0,19.99,0.21042105263157893
Smokey's Garage,Juniors,116.0,19.99,0.17232758620689653
Thunder Hollow Crazy 8 Race,Juniors,191.0,34.99,0.18319371727748693
Florida 500 Final Race,Juniors,266.0,49.99,0.18793233082706767
Mia's Farm Suitcase,Juniors,100.0,19.99,0.1999
Andrea and Stephanie's Beach Holiday,Juniors,143.0,29.99,0.2097202797202797
Batwing Adventure,Duplo,28.0,29.99,1.0710714285714285
Birthday Party,Duplo,19.0,14.99,0.7889473684210526
Nursery School,Duplo,39.0,19.99,0.5125641025641026
Pizzeria,Duplo,57.0,29.99,0.5261403508771929
Family House,Duplo,69.0,39.99,0.5795652173913044
Neighborhood,Duplo,98.0,59.99,0.6121428571428572
Santa's Winter Holiday,Duplo,45.0,29.99,0.6664444444444444
Pets,Duplo,15.0,9.99,0.666
Shooting Gallery,Duplo,32.0,24.99,0.7809375
Big Fair,Duplo,106.0,79.99,0.7546226415094339
Fun Family Fair,Duplo,61.0,39.99,0.6555737704918033
Batcave Challenge,Duplo,73.0,49.99,0.6847945205479452
Mickey Racer,Duplo,15.0,14.99,0.9993333333333333
Minnie Mouse Bow-tique,Duplo,70.0,39.99,0.5712857142857143
My First Carousel,Duplo,24.0,24.99,1.04125
Flo's Café,Duplo,28.0,39.99,1.4282142857142859
My First Number Train,Duplo,23.0,19.99,0.8691304347826087
My First Building Blocks,Duplo,80.0,,
My First Plane,Duplo,10.0,4.99,0.499
My First Birthday Cake,Duplo,8.0,4.99,0.62375
My First Bus,Duplo,6.0,4.99,0.8316666666666667
My First Parrot,Duplo,7.0,4.99,0.7128571428571429
Abundant Wildlife Creative Building Set,Duplo,75.0,,
Creative Box,Duplo,120.0,,
Cinderella's Magical Castle,Duplo,56.0,34.99,0.6248214285714286
Mater's Shed,Duplo,23.0,19.99,0.8691304347826087
Piston Cup Race,Duplo,31.0,29.99,0.9674193548387097
NEXO KNIGHTS: Build Your Own Adventure parts ,Nexo Knights,78.0,,
DC Comics Super Heroes Build Your Own Adventure parts,DC Comics Super Heroes,80.0,,
Boost Creative Toolbox,Boost,843.0,159.99,0.18978647686832742
Sydney,Architecture,361.0,29.99,0.0830747922437673
Chicago,Architecture,444.0,39.99,0.09006756756756758
London,Architecture,468.0,39.99,0.08544871794871796
Solomon R. Guggenheim Museum,Architecture,744.0,79.99,0.10751344086021505
Arc de Triomphe,Architecture,386.0,39.99,0.10360103626943006
LEGO House,Architecture,774.0,,
The Mushroom Island,Minecraft,247.0,19.99,0.08093117408906882
The Nether Railway,Minecraft,387.0,29.99,0.07749354005167958
The Ice Spikes,Minecraft,454.0,39.99,0.08808370044052864
Jungle Temple,Minecraft,598.0,49.99,0.08359531772575252
The Witch Hut,Minecraft,502.0,59.99,0.11950199203187252
The Waterfall Base,Minecraft,729.0,69.99,0.09600823045267488
The Crafting Box 2.0,Minecraft,717.0,59.99,0.08366806136680614
The Ocean Monument,Minecraft,1122.0,119.99,0.10694295900178252
The Mountain Cave,Minecraft,2863.0,249.99,0.08731749912679009
Adventure Time,Ideas,495.0,49.99,0.10098989898989899
NASA Apollo Saturn V,Ideas,1969.0,119.99,0.060939563230066024
Old Fishing Store,Ideas,2049.0,149.99,0.0732015617374329
Women of NASA,Ideas,231.0,24.99,0.10818181818181817
My First Fish,Duplo,7.0,,
My Town {Random Bag},Duplo,,,
My Town - Policeman,Duplo,3.0,,
My Town - Girl,Duplo,3.0,,
My Town - Cat,Duplo,3.0,,
My Town - Male,Duplo,3.0,,
My Town - Female,Duplo,3.0,,
Fire Car,Juniors,28.0,,
Police Helicopter,City,44.0,,
Police Car,City,50.0,,
Tractor,City,43.0,,
Hot Rod,City,38.0,,
Jungle ATV,City,32.0,,
Knighton Rider,Nexo Knights,42.0,,
Motor Horse,Nexo Knights,47.0,,
Shrunken Headquarters,Nexo Knights,48.0,,
Quake Mech,The LEGO Ninjago Movie,64.0,,
Gymnastic Bar,Friends,26.0,,
Pool Foam Slide,Friends,40.0,,
Snowboard Tricks,Friends,27.0,,
CRU Master's Training Grounds,Ninjago,43.0,,
Stealthy Swamp Airboat,Ninjago,38.0,,
Ice Tank,The LEGO Ninjago Movie,71.0,,
Green Ninja Mech Dragon,The LEGO Ninjago Movie,60.0,,
The Milano,Marvel Super Heroes,64.0,,
Off Roader,Creator,33.0,,
Happy Turtle,Creator,33.0,,
Colorful Chameleon,Creator,53.0,,
Jolly Santa,Creator,74.0,,
U-Wing Fighter,Star Wars,55.0,,
First Order Heavy Assault Walker,Star Wars,54.0,,
The Mini Batmobile,The LEGO Batman Movie,68.0,,
Batman in the Phantom Zone,The LEGO Batman Movie,59.0,,
The Joker Battle Training,The LEGO Batman Movie,49.0,,
The Mini Batwing,The LEGO Batman Movie,80.0,,
Krypto Saves the Day,DC Super Hero Girls,55.0,,
Cinderella's Kitchen,Disney,37.0,,
Disco Batman - Tears of Batman ,The LEGO Batman Movie,13.0,3.99,0.30692307692307697
Kendo Lloyd,The LEGO Ninjago Movie,7.0,,
Lloyd,The LEGO Ninjago Movie,6.0,,
Giant-Man Hank Pym,Marvel Super Heroes,3.0,,
R2-D2,Star Wars,70.0,,
Batgirl,The LEGO Batman Movie,9.0,,
Blue Express ,Creator,71.0,4.99,0.07028169014084508
Red Racer,Creator,72.0,4.99,0.06930555555555556
Green Cruiser,Creator,122.0,9.99,0.08188524590163934
Air Blazer,Creator,102.0,9.99,0.09794117647058824
Mighty Dinosaurs,Creator,174.0,14.99,0.08614942528735632
Sunset Street Bike,Creator,194.0,19.99,0.10304123711340206
Airshow Aces,Creator,246.0,19.99,0.08126016260162601
Robo Explorer,Creator,205.0,19.99,0.09751219512195121
Beachside Vacation,Creator,275.0,29.99,0.10905454545454545
Island Adventures,Creator,359.0,34.99,0.09746518105849583
Park Street Townhouse,Creator,566.0,49.99,0.08832155477031803
Space Shuttle Explorer,Creator,285.0,29.99,0.10522807017543859
Modular Poolside Holiday,Creator,356.0,29.99,0.08424157303370786
Modular Modern Home,Creator,386.0,29.99,0.07769430051813471
Modular Family Villa,Creator,728.0,69.99,0.09614010989010989
Turbo Track Racer,Creator,664.0,59.99,0.09034638554216867
Build My City Accessory Set,City,100.0,9.99,0.0999
Hedgehog Storage,Friends,249.0,12.99,0.05216867469879518
Brick Calendar,Miscellaneous,278.0,19.99,0.07190647482014388
Picture Frame,Miscellaneous,268.0,16.99,0.06339552238805969
LEGO Chess,Miscellaneous,1450.0,64.99,0.04482068965517241
City Police Mission Pack,City,48.0,,
Scarif Stormtrooper,Star Wars,25.0,,
City Jungle Explorer Kit,City,40.0,,
Iconic VIP Set,Promotional,205.0,,
Year of the Rooster,Seasonal,157.0,,
Romantic Valentine Picnic,Seasonal,126.0,9.99,0.07928571428571429
Easter Egg Hunt,Seasonal,145.0,9.99,0.06889655172413793
Narwhal,Promotional,45.0,,
Raccoon,Promotional,47.0,,
Platypus,Promotional,36.0,,
Baby Chick,Promotional,54.0,,
Race Car,Promotional,52.0,,
Dragonfly,Promotional,37.0,,
Octopus,Promotional,49.0,,
Tropical Fish,Promotional,32.0,,
Dinosaur,Promotional,43.0,,
Robot,Promotional,54.0,,
St. Bernard Dog,Promotional,45.0,,
Train,Promotional,56.0,,
Mini Piggy Bank,Creator,248.0,,
Mini Volkswagen Beetle,Creator,141.0,,
Christmas Build-Up,Seasonal,254.0,,
Nutcracker,Seasonal,230.0,,
Create The World,Promotional,103.0,,
Halloween Haunt,Seasonal,145.0,9.99,0.06889655172413793
Thanksgiving Harvest,Seasonal,133.0,9.99,0.07511278195488721
Christmas Train Ride,Seasonal,169.0,9.99,0.05911242603550296
Christmas Town Square,Seasonal,179.0,9.99,0.05581005586592179
Build My Heartlake City Accessory Set,Friends,121.0,9.99,0.08256198347107438
Tic-Tac-Toe,Friends,58.0,,
Mini Keepsake Box,Friends,105.0,5.99,0.05704761904761905
Find A Pair Pack,Duplo,5.0,,
R3-M2,Star Wars,21.0,,
Photo frame,Duplo,7.0,5.99,0.8557142857142858
LEGO House Chef,Promotional,6.0,,
LEGO House Build Your Meal Brick Bag,Promotional,19.0,,
LEGO House 6 DUPLO Bricks,Promotional,6.0,,
Lester,Promotional,5.0,,
Berry's Kitchen,Disney,61.0,5.99,0.09819672131147542
Petite's Royal Stable,Disney,75.0,9.99,0.1332
Ariel and the Magical Spell,Disney,222.0,29.99,0.13509009009009007
Cinderella's Enchanted Evening,Disney,350.0,39.99,0.11425714285714286
Anna's Snow Adventure,Disney,153.0,19.99,0.13065359477124183
Elsa's Magical Ice Palace,Disney,701.0,79.99,0.11410841654778886
Moana's Island Adventure,Disney,205.0,24.99,0.12190243902439024
Moana's Ocean Voyage,Disney,307.0,39.99,0.13026058631921825
Naida's Gondola & the Goblin Thief,Elves,67.0,9.99,0.1491044776119403
The Capture of Sophie Jones,Elves,226.0,19.99,0.08845132743362831
The Goblin King's Evil Dragon,Elves,339.0,29.99,0.08846607669616519
Aira's Airship & the Amulet Chase,Elves,343.0,39.99,0.11658892128279884
Magic Rescue from the Goblin Village,Elves,637.0,59.99,0.09417582417582418
Azari & the Goblin Forest Escape,Elves,145.0,19.99,0.13786206896551723
Rosalyn's Healing Hideout,Elves,460.0,49.99,0.10867391304347826
Breakout from the Goblin King's Fortress,Elves,695.0,69.99,0.10070503597122302
Batgirl Batjet Chase,DC Super Hero Girls,206.0,24.99,0.12131067961165047
Harley Quinn to the Rescue,DC Super Hero Girls,217.0,29.99,0.13820276497695852
Super Hero High School,DC Super Hero Girls,712.0,79.99,0.11234550561797751
Lashina Tank,DC Super Hero Girls,145.0,14.99,0.10337931034482759
Bumblebee Helicopter,DC Super Hero Girls,142.0,14.99,0.10556338028169014
Wonder Woman Dorm Room,DC Super Hero Girls,186.0,19.99,0.10747311827956989
Harley Quinn Dorm,DC Super Hero Girls,176.0,19.99,0.11357954545454545
Batgirl Secret Bunker,DC Super Hero Girls,351.0,44.99,0.12817663817663819
Lena Luthor Kryptomite Factory,DC Super Hero Girls,432.0,59.99,0.13886574074074073
Eclipso Dark Palace,DC Super Hero Girls,1078.0,99.99,0.09275510204081633
Puppy Championship,Friends,185.0,19.99,0.10805405405405405
Puppy Parade,Friends,145.0,14.99,0.10337931034482759
Puppy Pampering,Friends,45.0,4.99,0.1108888888888889
Puppy Playground,Friends,62.0,4.99,0.08048387096774194
Puppy Treats & Tricks,Friends,45.0,4.99,0.1108888888888889
Emma's Photo Studio,Friends,96.0,9.99,0.1040625
Mia's Beach Scooter,Friends,79.0,9.99,0.12645569620253164
Olivia's Creative Lab,Friends,91.0,9.99,0.10978021978021978
Stephanie's Friendship Cakes,Friends,94.0,9.99,0.10627659574468086
Andrea's Musical Duet,Friends,86.0,9.99,0.11616279069767442
Heartlake Gift Delivery,Friends,185.0,19.99,0.10805405405405405
Heartlake Pizzeria,Friends,289.0,29.99,0.10377162629757784
Heartlake Sports Center,Friends,328.0,39.99,0.12192073170731708
Heartlake Summer Pool,Friends,589.0,49.99,0.08487266553480476
Stephanie's House,Friends,622.0,69.99,0.112524115755627
Heartlake Surf Shop,Friends,186.0,19.99,0.10747311827956989
Andrea's Speedboat Transporter,Friends,309.0,29.99,0.09705501618122978
Sunshine Catamaran,Friends,603.0,69.99,0.11606965174129352
Heartlake Hospital,Friends,871.0,99.99,0.11479908151549942
Snow Resort Hot Chocolate Van,Friends,246.0,24.99,0.10158536585365853
Heartlake Frozen Yogurt Shop,Friends,370.0,39.99,0.10808108108108108
Snow Resort Off-Roader,Friends,141.0,14.99,0.10631205673758866
Snow Resort Ice Rink,Friends,307.0,29.99,0.0976872964169381
Snow Resort Chalet,Friends,402.0,39.99,0.09947761194029851
Snow Resort Ski Lift,Friends,585.0,59.99,0.10254700854700854
Heartlake City Playground,Friends,326.0,39.99,0.12266871165644172
Friends Advent Calendar,Friends,217.0,29.99,0.13820276497695852
Finn,BrickHeadz,91.0,9.99,0.10978021978021978
Captain Phasma,BrickHeadz,127.0,9.99,0.07866141732283465
Lloyd,BrickHeadz,102.0,9.99,0.09794117647058824
Master Wu,BrickHeadz,89.0,9.99,0.11224719101123595
Rey & Kylo Ren,BrickHeadz,249.0,,
Supergirl & Martian Manhunter,BrickHeadz,234.0,,
Spider-Man & Venom,BrickHeadz,144.0,,
Boba Fett and Han Solo in Carbonite,BrickHeadz,329.0,,
Batman,BrickHeadz,91.0,9.99,0.10978021978021978
Batgirl,BrickHeadz,99.0,9.99,0.1009090909090909
Robin,BrickHeadz,101.0,9.99,0.09891089108910892
The Joker,BrickHeadz,151.0,9.99,0.066158940397351
Captain America,BrickHeadz,79.0,9.99,0.12645569620253164
Iron Man,BrickHeadz,96.0,9.99,0.1040625
Black Widow,BrickHeadz,143.0,9.99,0.06986013986013986
The Hulk,BrickHeadz,93.0,9.99,0.10741935483870968
Captain Jack Sparrow,BrickHeadz,109.0,9.99,0.09165137614678899
Captain Armando Salazar,BrickHeadz,118.0,9.99,0.08466101694915254
Belle,BrickHeadz,139.0,9.99,0.0718705035971223
Beast,BrickHeadz,116.0,9.99,0.08612068965517242
Ultralight Helicopter,Technic,199.0,19.99,0.10045226130653266
Stunt Bike,Technic,140.0,19.99,0.14278571428571427
Stunt Truck,Technic,142.0,19.99,0.14077464788732394
Roadwork Crew,Technic,365.0,29.99,0.08216438356164384
Telehandler,Technic,260.0,39.99,0.1538076923076923
Container Yard,Technic,631.0,59.99,0.09507131537242472
BMW R 1200 GS Adventure,Technic,603.0,59.99,0.09948590381426203
Ocean Explorer,Technic,1327.0,119.99,0.09042200452147701
RC Tracked Racer,Technic,370.0,99.99,0.2702432432432432
Air Race Jet,Technic,1151.0,159.99,0.13900086880973067
Airport Rescue Vehicle,Technic,1094.0,99.99,0.09139853747714807
Extreme Adventure,Technic,2382.0,179.99,0.07556255247691017
6x6 All Terrain Tow Truck,Technic,1862.0,289.99,0.15574113856068744
Our Town,Education,274.0,,
Community minifigure set,Education,182.0,,
Fantasy minifigure set,Education,213.0,,
STEAM Park,Education,295.0,209.95,0.7116949152542372
"Storage boxes, pack of 7",Education,,,
"Medium storage, 8 pack",Education,,,
"Sorting trays, pack of 12",Education,,,
HYDRO DYNAMICS Challenge Kit,Education,2045.0,,
AQUA ADVENTURE Inspire Set,Education,710.0,,
ATV Arrest,City,47.0,6.99,0.14872340425531916
Police Starter Set,City,80.0,9.99,0.124875
Tow Truck Trouble,City,144.0,24.99,0.17354166666666665
High-speed Chase,City,294.0,39.99,0.1360204081632653
Mobile Command Center,City,374.0,49.99,0.13366310160427808
Bulldozer Break-In,City,561.0,69.99,0.12475935828877005
Police Station,City,894.0,99.99,0.11184563758389261
Money Transporter,City,138.0,19.99,0.1448550724637681
Auto Transport Heist,City,403.0,,
Race Plane,City,89.0,9.99,0.11224719101123595
Buggy,City,81.0,9.99,0.12333333333333334
Stunt Truck,City,91.0,9.99,0.10978021978021978
Fishing Boat,City,144.0,19.99,0.13881944444444444
ATV Race Team,City,239.0,19.99,0.08364016736401673
4x4 with Catamaran,City,198.0,19.99,0.10095959595959596
Pizza Van,City,249.0,19.99,0.08028112449799196
Dragster Transporter,City,333.0,29.99,0.09006006006006005
Sweeper & Excavator,City,299.0,29.99,0.1003010033444816
People Pack - Fun at the Beach,City,169.0,39.99,0.23662721893491126
Bus Station,City,337.0,49.99,0.14833827893175075
City Advent Calendar,City,248.0,29.99,0.12092741935483871
Jungle Buggy,City,53.0,6.99,0.1318867924528302
Jungle Starter Set,City,88.0,9.99,0.11352272727272728
Jungle Cargo Helicopter ,City,201.0,19.99,0.09945273631840795
Jungle Halftrack Mission,City,378.0,39.99,0.1057936507936508
Jungle Mobile Lab,City,426.0,59.99,0.14082159624413146
Jungle Exploration Site,City,813.0,119.99,0.1475891758917589
Jungle Air Drop Helicopter,City,1250.0,149.99,0.119992
Coast Guard Starter Set,City,76.0,9.99,0.13144736842105265
Sea Rescue Plane,City,141.0,19.99,0.14177304964539006
4 x 4 Response Unit ,City,347.0,39.99,0.1152449567723343
Heavy-Duty Rescue Helicopter,City,415.0,59.99,0.1445542168674699
Coast Guard Headquarters,City,792.0,119.99,0.15150252525252525
Sailboat Rescue,City,195.0,29.99,0.15379487179487178
Cargo Terminal,City,740.0,79.99,0.10809459459459458
The LEGO Batman Movie Super Pack 2-in-1,The LEGO Batman Movie,378.0,,
City Police Value Pack,City,518.0,,
Super Pack 2 in 1,Star Wars,232.0,,
Super Pack 2 in 1,Star Wars,242.0,,
Classic Quad Pack,Classic,259.0,,
Super Pack 5 in 1,Friends,16.0,,
Ultimate LEGO City Hero Pack,City,416.0,,
Holiday Copack,City,1129.0,,
King's Guard Artillery,Nexo Knights,98.0,9.99,0.10193877551020408
Lance's Twin Jouster,Nexo Knights,216.0,19.99,0.0925462962962963
Ruina's Lock & Roller,Nexo Knights,208.0,19.99,0.09610576923076922
The Three Brothers,Nexo Knights,266.0,29.99,0.11274436090225563
Clay's Falcon Fighter Blaster,Nexo Knights,523.0,49.99,0.09558317399617591
Jestro's Headquarters,Nexo Knights,840.0,89.99,0.10713095238095237
The Heligoyle,Nexo Knights,318.0,29.99,0.09430817610062893
Axl's Rumble Maker,Nexo Knights,393.0,39.99,0.1017557251908397
Aaron's Rock Climber,Nexo Knights,598.0,59.99,0.10031772575250836
The Stone Colossus of Ultimate Destruction,Nexo Knights,785.0,69.99,0.0891592356687898
Knighton Castle,Nexo Knights,1426.0,129.99,0.09115708274894811
Aaron's Stone Destroyer,Nexo Knights,251.0,24.99,0.0995617529880478
Lance vs. Lightning,Nexo Knights,257.0,24.99,0.0972373540856031
Macy's Bot Drop Dragon,Nexo Knights,153.0,14.99,0.09797385620915033
Battle Suit Clay,Nexo Knights,79.0,9.99,0.12645569620253164
Battle Suit Macy,Nexo Knights,66.0,9.99,0.15136363636363637
Battle Suit Aaron,Nexo Knights,80.0,9.99,0.124875
Battle Suit Axl,Nexo Knights,88.0,9.99,0.11352272727272728
Battle Suit Lance,Nexo Knights,83.0,9.99,0.12036144578313253
Combo NEXO Powers Wave 1,Nexo Knights,10.0,3.99,0.399
Combo NEXO Powers Wave 2,Nexo Knights,10.0,,
Spinjitzu Training,The LEGO Ninjago Movie,109.0,9.99,0.09165137614678899
NINJAGO City Chase,The LEGO Ninjago Movie,233.0,19.99,0.085793991416309
Master Falls,The LEGO Ninjago Movie,312.0,29.99,0.09612179487179487
Manta Ray Bomber,The LEGO Ninjago Movie,341.0,29.99,0.08794721407624632
Flying Jelly Sub,The LEGO Ninjago Movie,341.0,29.99,0.08794721407624632
Water Strider,The LEGO Ninjago Movie,494.0,29.99,0.0607085020242915
Green Ninja Mech Dragon,The LEGO Ninjago Movie,544.0,49.99,0.09189338235294119
Garma Mecha Man,The LEGO Ninjago Movie,747.0,59.99,0.0803078982597055
Lightning Jet,The LEGO Ninjago Movie,876.0,59.99,0.06848173515981736
Fire Mech,The LEGO Ninjago Movie,944.0,69.99,0.07414194915254237
Ice Tank,The LEGO Ninjago Movie,914.0,79.99,0.08751641137855579
Temple of the Ultimate Ultimate Weapon,The LEGO Ninjago Movie,1403.0,99.99,0.07126870990734141
Destiny's Bounty,The LEGO Ninjago Movie,2295.0,159.99,0.0697124183006536
NINJAGO City,The LEGO Ninjago Movie,4867.0,299.99,0.06163755907129649
The Vermillion Attack,Ninjago,83.0,9.99,0.12036144578313253
Desert Lightning,Ninjago,201.0,19.99,0.09945273631840795
Destiny's Shadow,Ninjago,360.0,29.99,0.08330555555555555
Vermillion Invader,Ninjago,313.0,29.99,0.095814696485623
Samurai VXL,Ninjago,428.0,49.99,0.11679906542056075
Dawn of Iron Doom,Ninjago,704.0,59.99,0.08521306818181819
Dragon's Forge,Ninjago,1137.0,79.99,0.07035180299032541
Lloyd - Spinjitzu Master,Ninjago,48.0,9.99,0.208125
Piranha Attack,The LEGO Ninjago Movie,217.0,19.99,0.09211981566820276
Garmadon's Volcano Lair,The LEGO Ninjago Movie,521.0,49.99,0.09595009596928983
Quake Mech,The LEGO Ninjago Movie,1202.0,89.99,0.07486688851913477
"garmadon, Garmadon, GARMADON!",The LEGO Ninjago Movie,830.0,79.99,0.09637349397590361
The Joker Balloon Escape,The LEGO Batman Movie,124.0,14.99,0.12088709677419356
Mr. Freeze Ice Attack,The LEGO Batman Movie,201.0,19.99,0.09945273631840795
Catwoman Catcycle Chase,The LEGO Batman Movie,139.0,19.99,0.14381294964028776
The Riddler Riddle Racer,The LEGO Batman Movie,254.0,29.99,0.11807086614173228
Clayface Splat Attack,The LEGO Batman Movie,448.0,34.99,0.07810267857142858
The Batmobile,The LEGO Batman Movie,581.0,59.99,0.10325301204819277
The Joker Notorious Lowrider,The LEGO Batman Movie,433.0,49.99,0.11545034642032333
Killer Croc Tail-Gator,The LEGO Batman Movie,460.0,69.99,0.15215217391304348
 The Scuttler,The LEGO Batman Movie,775.0,79.99,0.10321290322580645
Batcave Break-In,The LEGO Batman Movie,1047.0,99.99,0.09550143266475644
Scarecrow Special Delivery,The LEGO Batman Movie,204.0,19.99,0.09799019607843136
The Penguin Arctic Roller,The LEGO Batman Movie,305.0,29.99,0.098327868852459
Arkham Asylum,The LEGO Batman Movie,1628.0,149.99,0.09213144963144963
Scarecrow Fearful Face-off,The LEGO Batman Movie,141.0,14.99,0.10631205673758866
Bane Toxic Truck Attack,The LEGO Batman Movie,366.0,49.99,0.13658469945355192
Two-Face Double Demolition,The LEGO Batman Movie,564.0,59.99,0.10636524822695036
The Batwing,The LEGO Batman Movie,1053.0,89.99,0.08546058879392213
The Ultimate Batmobile,The LEGO Batman Movie,1456.0,139.99,0.09614697802197802
The Joker Manor,The LEGO Batman Movie,3444.0,269.99,0.07839430894308944
LEGO Minifigures - The LEGO Batman Movie Series {Random bag},Collectable Minifigures,,,
Lobster-Lovin' Batman,Collectable Minifigures,6.0,,
Glam Metal Batman,Collectable Minifigures,7.0,,
Fairy Batman,Collectable Minifigures,7.0,,
Clan of the Cave Batman,Collectable Minifigures,6.0,,
Vacation Batman,Collectable Minifigures,7.0,,
Barbara Gordon,Collectable Minifigures,7.0,,
Commissioner Gordon,Collectable Minifigures,6.0,,
Arkham Asylum Joker,Collectable Minifigures,5.0,,
Dick Grayson,Collectable Minifigures,6.0,,
Pink Power Batgirl,Collectable Minifigures,7.0,,
Red Hood,Collectable Minifigures,8.0,,
Eraser,Collectable Minifigures,5.0,,
Nurse Harley Quinn,Collectable Minifigures,6.0,,
Orca,Collectable Minifigures,4.0,,
Zodiac Master,Collectable Minifigures,5.0,,
Catman,Collectable Minifigures,8.0,,
March Harriet,Collectable Minifigures,5.0,,
Calculator,Collectable Minifigures,7.0,,
King Tut,Collectable Minifigures,7.0,,
Mime,Collectable Minifigures,6.0,,
LEGO Minifigures - The LEGO Batman Movie Series - Complete,Collectable Minifigures,125.0,,
LEGO Minifigures - The LEGO Batman Movie Series - Sealed Box,Collectable Minifigures,,3.99,
LEGO Minifigures - Series 17 {Random bag},Collectable Minifigures,,,
Professional Surfer,Collectable Minifigures,5.0,,
Circus Strong Man,Collectable Minifigures,5.0,,
Gourmet Chef,Collectable Minifigures,6.0,,
Corn Cob Guy,Collectable Minifigures,4.0,,
Veterinarian,Collectable Minifigures,5.0,,
Hot Dog Man,Collectable Minifigures,7.0,,
Butterfly Girl,Collectable Minifigures,9.0,,
Roman Gladiator,Collectable Minifigures,5.0,,
Connoisseur,Collectable Minifigures,6.0,,
Battle Dwarf,Collectable Minifigures,8.0,,
Retro Spaceman,Collectable Minifigures,6.0,,
Yuppie,Collectable Minifigures,7.0,,
Rocket Boy,Collectable Minifigures,6.0,,
Dance Instructor,Collectable Minifigures,6.0,,
Elf Girl,Collectable Minifigures,6.0,,
Highwayman,Collectable Minifigures,8.0,3.99,0.49875
LEGO Minifigures - Series 17 - Complete,Collectable Minifigures,99.0,,
LEGO Minifigures - Series 17 - Sealed Box,Collectable Minifigures,,3.99,
LEGO Minifigures - The LEGO NINJAGO Movie Series {Random bag},Collectable Minifigures,,,
Kai Kendo,Collectable Minifigures,7.0,,
Spinjitzu Training Nya,Collectable Minifigures,6.0,,
Lloyd,Collectable Minifigures,9.0,,
Master Wu,Collectable Minifigures,8.0,,
Garmadon,Collectable Minifigures,7.0,,
Jay Walker,Collectable Minifigures,9.0,,
Lloyd Garmadon,Collectable Minifigures,6.0,,
Cole,Collectable Minifigures,5.0,,
Misako,Collectable Minifigures,5.0,,
Zane,Collectable Minifigures,5.0,,
Shark Army General #1,Collectable Minifigures,7.0,,
Shark Army Octopus,Collectable Minifigures,8.0,,
Shark Army Angler,Collectable Minifigures,7.0,,
Shark Army Great White,Collectable Minifigures,6.0,,
Flashback Garmadon,Collectable Minifigures,8.0,,
Volcano Garmadon,Collectable Minifigures,7.0,,
Gong & Guitar Rocker,Collectable Minifigures,6.0,,
GPL Tech,Collectable Minifigures,6.0,,
Sushi Chef,Collectable Minifigures,8.0,,
N-POP Girl,Collectable Minifigures,6.0,,
LEGO Minifigures - The LEGO NINJAGO Movie Series - Complete,Collectable Minifigures,136.0,,
LEGO Minifigures - The LEGO NINJAGO Movie Series - Sealed Box,Collectable Minifigures,,3.99,
Silent Mary,Pirates of the Caribbean,2294.0,199.99,0.0871795989537925
Teen Titans Go! Team Pack,Dimensions,105.0,24.99,0.238
The LEGO Batman Movie: Play the Complete Movie,Dimensions,156.0,44.99,0.2883974358974359
Chase McCain Fun Pack,Dimensions,46.0,14.99,0.3258695652173913
The Goonies Level Pack,Dimensions,118.0,29.99,0.2541525423728813
Knight Rider Fun Pack,Dimensions,55.0,14.99,0.27254545454545454
Starfire Fun Pack,Dimensions,56.0,14.99,0.26767857142857143
Buttercup Fun Pack,Dimensions,56.0,14.99,0.26767857142857143
Excalibur Batman Fun Pack,Dimensions,57.0,14.99,0.2629824561403509
The Powerpuff Girls Team Pack,Dimensions,93.0,24.99,0.2687096774193548
Hermione Granger Fun Pack,Dimensions,64.0,14.99,0.23421875
Beetlejuice Fun Pack,Dimensions,56.0,14.99,0.26767857142857143
Snowspeeder,Star Wars,1703.0,199.99,0.11743394010569584
U-wing Microfighter,Star Wars,109.0,9.99,0.09165137614678899
TIE Striker Microfighter,Star Wars,88.0,9.99,0.11352272727272728
Y-wing Microfighter,Star Wars,90.0,9.99,0.111
Krennic's Imperial Shuttle Microfighter,Star Wars,78.0,9.99,0.1280769230769231
Rebel Trooper Battle Pack,Star Wars,120.0,14.99,0.12491666666666666
Imperial Trooper Battle Pack,Star Wars,112.0,14.99,0.13383928571428572
First Order Transport Speeder Battle Pack,Star Wars,117.0,14.99,0.12811965811965811
Bounty Hunter Speeder Bike Battle Pack,Star Wars,125.0,14.99,0.11992
Yoda's Jedi Starfighter,Star Wars,262.0,24.99,0.09538167938931297
Duel on Naboo,Star Wars,208.0,24.99,0.12014423076923077
The Phantom,Star Wars,269.0,29.99,0.11148698884758364
Battle on Scarif,Star Wars,419.0,49.99,0.11930787589498808
Y-wing Starfighter,Star Wars,691.0,59.99,0.08681620839363242
Luke's Landspeeder,Star Wars,149.0,19.99,0.13416107382550335
Desert Skiff Escape,Star Wars,277.0,29.99,0.10826714801444043
A-wing Starfighter,Star Wars,358.0,39.99,0.11170391061452514
Resistance Transport Pod,Star Wars,294.0,29.99,0.10200680272108843
First Order Heavy Scout Walker,Star Wars,554.0,49.99,0.09023465703971119
Jakku Quadjumper,Star Wars,457.0,49.99,0.10938730853391686
Kylo Ren's TIE Fighter,Star Wars,630.0,79.99,0.12696825396825395
Rathtar Escape,Star Wars,836.0,79.99,0.09568181818181817
Republic Fighter Tank,Star Wars,305.0,24.99,0.0819344262295082
Darth Vader Transformation ,Star Wars,282.0,24.99,0.08861702127659574
Star Wars Advent Calendar,Star Wars,309.0,39.99,0.12941747572815535
Tracker I,Star Wars,557.0,69.99,0.1256552962298025
The Arrowhead,Star Wars,775.0,89.99,0.11611612903225806
BB-8,Star Wars,1106.0,99.99,0.09040687160940325
Resistance Bomber (Standard pilot version),Star Wars,778.0,109.99,0.14137532133676092
First Order Heavy Assault Walker,Star Wars,1376.0,149.99,0.10900436046511629
First Order Star Destroyer,Star Wars,1416.0,159.99,0.11298728813559322
Jedi Starfighter with Hyperdrive,Star Wars,825.0,99.99,0.12119999999999999
Millennium Falcon,Star Wars,7541.0,849.99,0.11271582018299961
Scarif Stormtrooper,Star Wars,89.0,24.99,0.2807865168539326
Chirrut Îmwe,Star Wars,87.0,24.99,0.2872413793103448
Baze Malbus,Star Wars,148.0,24.99,0.16885135135135135
Elite TIE Fighter Pilot,Star Wars,94.0,19.99,0.2126595744680851
Rey,Star Wars,85.0,24.99,0.294
Elite Praetorian Guard,Star Wars,92.0,24.99,0.2716304347826087
Chewbacca,Star Wars,179.0,34.99,0.19547486033519554
Downtown Diner,Creator Expert,2480.0,169.99,0.06854435483870969
Roller Coaster,Creator Expert,4124.0,379.99,0.09214112512124152
James Bond Aston Martin DB5,Creator Expert,1290.0,149.99,0.11627131782945738
Winter Village Fire Station,Creator Expert,1166.0,99.99,0.08575471698113207
Vestas Wind Turbine,Creator Expert,826.0,199.99,0.24211864406779662
Rainbow Fun,Classic,85.0,4.99,0.05870588235294118
Fun Future,Classic,186.0,9.99,0.05370967741935484
World Fun,Classic,295.0,19.99,0.06776271186440677
Ocean's Bottom,Classic,579.0,29.99,0.05179620034542314
Mission to Mars,Classic,871.0,59.99,0.06887485648679678
Bricks and Gears,Classic,244.0,19.99,0.08192622950819671
Creative Suitcase,Classic,213.0,19.99,0.09384976525821595
Blue Baseplate,Classic,1.0,7.99,7.99
Bricks on a Roll,Classic,442.0,,
Bricks Bricks Bricks,Classic,1500.0,59.99,0.03999333333333333
Emma's Pet Party,Juniors,67.0,9.99,0.1491044776119403
Mia's Organic Food Market,Juniors,115.0,19.99,0.1738260869565217
Road Repair Truck,Juniors,73.0,9.99,0.13684931506849315
Mountain Police Chase,Juniors,115.0,19.99,0.1738260869565217
The Joker Batcave Attack,Juniors,151.0,24.99,0.16549668874172185
Spider-Man vs. Scorpion Street Showdown,Juniors,125.0,19.99,0.15991999999999998
Zane's Ninja Boat Pursuit,Juniors,131.0,19.99,0.15259541984732825
Pteranodon Escape,Juniors,84.0,19.99,0.23797619047619045
Raptor Rescue Truck,Juniors,85.0,24.99,0.294
T. Rex Breakout,Juniors,150.0,49.99,0.33326666666666666
Elastigirl's Rooftop Pursuit,Juniors,95.0,19.99,0.21042105263157893
Underminer Bank Heist,Juniors,149.0,24.99,0.16771812080536913
The Great Home Escape,Juniors,178.0,29.99,0.1684831460674157
Belle's Story Time,Juniors,87.0,14.99,0.17229885057471264
Stephanie's Lakeside House,Juniors,215.0,34.99,0.16274418604651164
City Central Airport,Juniors,376.0,49.99,0.13295212765957448
Ariel's Underwater Concert,Juniors,92.0,14.99,0.16293478260869565
My First Puzzle Pets,Duplo,18.0,9.99,0.555
My First Ladybird,Duplo,6.0,4.99,0.8316666666666667
My First Race Car,Duplo,6.0,4.99,0.8316666666666667
My First Emotions,Duplo,28.0,19.99,0.7139285714285714
My First Celebration,Duplo,41.0,14.99,0.36560975609756097
My First Animal Brick Box,Duplo,34.0,29.99,0.8820588235294117
Large Playground Brick Box,Duplo,71.0,49.99,0.7040845070422536
Fun Creations,Duplo,70.0,29.99,0.4284285714285714
Farmers' Market,Duplo,26.0,19.99,0.7688461538461537
Farm Pony Stable,Duplo,59.0,29.99,0.5083050847457626
Farm Adventures,Duplo,104.0,59.99,0.5768269230769231
Farm Animals,Duplo,16.0,9.99,0.624375
Airport,Duplo,29.0,24.99,0.8617241379310344
Train Bridge and Tracks,Duplo,26.0,24.99,0.9611538461538461
Minnie's Birthday Party,Duplo,21.0,19.99,0.9519047619047618
Steam Train,Duplo,59.0,64.99,1.1015254237288135
Cargo Train,Duplo,105.0,129.99,1.238
Spider-Man & Hulk Adventures,Duplo,38.0,29.99,0.7892105263157895
Belle's Tea Party,Duplo,19.0,19.99,1.0521052631578947
Rapunzel's Tower,Duplo,37.0,29.99,0.8105405405405405
Gentle Giants Petting Zoo,Duplo,24.0,19.99,0.8329166666666666
T. rex Tower,Duplo,22.0,29.99,1.363181818181818
Mickey's Boat,Duplo,28.0,29.99,1.0710714285714285
Train Tracks,Duplo,23.0,19.99,0.8691304347826087
NINJAGO Build Your Own Adventure parts,Ninjago,67.0,,
Parts for Disney Princess: Build your own Adventure,Disney,83.0,,
Animal Atlas parts,Miscellaneous,60.0,,
Parts for {LEGO Atlas series #2},Miscellaneous,,,
Las Vegas,Architecture,487.0,,
Shanghai,Architecture,597.0,59.99,0.10048576214405361
Great Wall of China,Architecture,551.0,49.99,0.09072595281306715
Statue of Liberty,Architecture,1685.0,119.99,0.0712106824925816
Las Vegas,Architecture,501.0,39.99,0.07982035928143713
The Melon Farm,Minecraft,69.0,14.99,0.2172463768115942
The Nether Fight,Minecraft,84.0,14.99,0.17845238095238095
The Chicken Coop,Minecraft,198.0,19.99,0.10095959595959596
The Zombie Cave,Minecraft,241.0,19.99,0.0829460580912863
The Polar Igloo,Minecraft,278.0,29.99,0.10787769784172661
The Nether Portal,Minecraft,470.0,39.99,0.08508510638297873
The Farm Cottage ,Minecraft,549.0,49.99,0.09105646630236794
The Skull Arena,Minecraft,198.0,19.99,0.10095959595959596
The Skeleton Attack,Minecraft,457.0,39.99,0.0875054704595186
The Bedrock Adventures,Minecraft,644.0,89.99,0.1397360248447205
Voltron,Ideas,2321.0,179.99,0.07754847048685912
Ship in a Bottle,Ideas,962.0,69.99,0.07275467775467775
TRON: Legacy,Ideas,230.0,34.99,0.1521304347826087
Pop-Up Book,Ideas,859.0,69.99,0.08147846332945284
My First Dinosaur,Duplo,7.0,,
Farm {Random bag},Duplo,,,
Farm - Girl,Duplo,4.0,,
Farm - Goat,Duplo,4.0,,
Farm - Boy,Duplo,4.0,,
Farm - Calf,Duplo,4.0,,
Farm - Chicken,Duplo,4.0,,
Traffic Light Patrol,Juniors,30.0,,
Hot Dog Stand,City,43.0,,
Road Worker,City,58.0,3.99,0.06879310344827587
Dragster,City,40.0,,
Police Water Plane,City,48.0,3.99,0.083125
Arctic Ice Saw,City,43.0,3.99,0.09279069767441861
Kylo Ren's Shuttle,Star Wars,33.0,,
Imperial TIE Fighter,Star Wars,42.0,,
Baby Velociraptor Playpen,Jurassic World,48.0,3.99,0.083125
Olivia's Remote Control Boat,Friends,25.0,3.99,0.15960000000000002
Friendship Flower,Friends,100.0,,
Stephanie's Hockey Practice,Friends,35.0,,
Unikitty Roller Coaster Wagon,Unikitty,46.0,3.99,0.08673913043478261
Harry's Journey to Hogwarts,Harry Potter,40.0,,
Royal Talon Fighter,Marvel Super Heroes,59.0,3.99,0.0676271186440678
Imperial AT-Hauler,Star Wars,49.0,,
Robot/Vehicle Free Builds - Make It Yours,Miscellaneous,56.0,,
The Guardians' Ship,Marvel Super Heroes,69.0,3.99,0.05782608695652174
The Mini Ultimate Batmobile,The LEGO Batman Movie,84.0,,
WU-CRU Target Training,Ninjago,46.0,,
Sons of Garmadon,Ninjago,33.0,,
Turbo,Ninjago,61.0,,
Yellow Flyer,Creator,43.0,,
Animal Free Builds - Make It Yours,Miscellaneous,10.0,1.99,0.199
Cute Pug,Creator,68.0,3.99,0.058676470588235295
Christmas Train,Creator,66.0,,
Dragon Hunter,Ninjago,61.0,,
Ariel's Underwater Symphony,Disney,51.0,,
Lex Luthor,DC Comics Super Heroes,4.0,,
Edna Mode,Disney,4.0,,
Green Lantern Jessica Cruz,DC Comics Super Heroes,4.0,,
Drone Explorer,Creator,109.0,9.99,0.09165137614678899
Extreme Engines,Creator,109.0,9.99,0.09165137614678899
Mythical Creatures,Creator,223.0,14.99,0.06721973094170404
Rocket Rally Car,Creator,241.0,19.99,0.0829460580912863
Outback Adventures,Creator,225.0,19.99,0.08884444444444443
Daredevil Stunt Plane,Creator,200.0,19.99,0.09995
Modular Sweet Surprises,Creator,396.0,39.99,0.1009848484848485
Tree House Treasures ,Creator,260.0,29.99,0.11534615384615383
Sunshine Surfer Van,Creator,379.0,34.99,0.09232189973614777
Modular Winter Vacation,Creator,374.0,34.99,0.09355614973262033
Modular Skate House,Creator,422.0,39.99,0.09476303317535545
Cruising Adventures,Creator,597.0,59.99,0.10048576214405361
Pirate Roller Coaster,Creator,923.0,89.99,0.09749729144095341
Mobile Stunt Show,Creator,581.0,49.99,0.08604130808950086
Flower Display,Seasonal,100.0,5.99,0.0599
Pencil Pot,Miscellaneous,187.0,12.99,0.06946524064171124
Wedding Favour Set 2018,Miscellaneous,132.0,9.99,0.07568181818181818
LEGO Ludo Game,Miscellaneous,389.0,39.99,0.10280205655526993
Billund Airport ,Miscellaneous,286.0,,
Year of the Dog,Seasonal,156.0,,
Valentine's Bee,BrickHeadz,140.0,9.99,0.07135714285714286
Easter Bunny,BrickHeadz,126.0,9.99,0.07928571428571429
Halloween Witch,BrickHeadz,151.0,9.99,0.066158940397351
Thanksgiving Turkey,BrickHeadz,114.0,9.99,0.08763157894736842
Mr. & Mrs. Claus,BrickHeadz,341.0,19.99,0.05862170087976539
Walrus,Promotional,55.0,,
Car and petrol pump,Promotional,44.0,,
Lamb,Promotional,45.0,,
Frog,Promotional,43.0,,
Tractor,Promotional,38.0,,
Surfer Dragon,Promotional,43.0,,
BBQ,Promotional,37.0,,
Snail,Promotional,37.0,,
Glider,Promotional,29.0,,
Scarecrow,Promotional,24.0,,
Ice Dragon,Promotional,50.0,,
Sleigh,Promotional,64.0,,
BB-8,Star Wars,48.0,,
Diagon Alley,Harry Potter,374.0,,
60 Years of the LEGO Brick,Promotional,421.0,,
Creative Personalities,Promotional,307.0,,
Christmas Gift Box,Seasonal,301.0,,
Christmas Carousel,Seasonal,251.0,,
DJ,Star Wars,22.0,,
Kessel Mine Worker,Star Wars,22.0,,
Han Solo Mudtrooper,Star Wars,22.0,,
Bat Shooter,The LEGO Batman Movie,40.0,,
Become my City Hero,City,85.0,,
Vehicle Set,City,79.0,,
Numbers,Duplo,11.0,,
LEGO Brand Retail Store,Promotional,362.0,24.99,0.06903314917127071
LEGOLAND Castle,Promotional,220.0,,
Castle Interior Kit,Disney,115.0,9.99,0.08686956521739131
Food Accessories,Xtra,30.0,3.99,0.133
Botanical Accessories,Xtra,24.0,3.99,0.16625
Traffic Lights,Xtra,46.0,3.99,0.08673913043478261
Streetlamps,Xtra,34.0,3.99,0.11735294117647059
Bicycles,Xtra,21.0,3.99,0.19
Dr. Fox Magnifying Machine ,Unikitty,76.0,16.99,0.22355263157894734
Ninjago Board Game,Ninjago,49.0,,
Geoffrey,BrickHeadz,,,
Plants From Plants,Promotional,29.0,,
"Bean There, Donut That",Promotional,146.0,,
Mini-Doll Dress-Up Kit,Disney,80.0,9.99,0.124875
Photo Frame,Miscellaneous,171.0,,
Mulan's Training Day,Disney,104.0,14.99,0.1441346153846154
Sleeping Beauty's Fairytale Castle,Disney,322.0,39.99,0.12419254658385094
Ariel's Royal Celebration Boat,Disney,380.0,49.99,0.13155263157894737
Cinderella's Dream Castle,Disney,585.0,69.99,0.11964102564102563
Elsa's Market Adventure,Disney,125.0,19.99,0.15991999999999998
Rapunzel's Castle Bedroom,Disney,156.0,19.99,0.12814102564102564
Rapunzel's Travelling Caravan,Disney,323.0,39.99,0.12380804953560372
Emily Jones & The Eagle Getaway,Elves,149.0,14.99,0.10060402684563759
Naida & The Water Turtle Ambush,Elves,205.0,19.99,0.09751219512195121
Azari & The Fire Lion Capture,Elves,360.0,29.99,0.08330555555555555
Aira & the Song of the Wind Dragon,Elves,451.0,39.99,0.08866962305986696
Noctura's Tower & the Earth Fox Rescue ,Elves,646.0,59.99,0.09286377708978329
Emily & Noctura's Showdown,Elves,650.0,49.99,0.07690769230769232
The Elvenstar Tree Bat Attack,Elves,883.0,79.99,0.09058890147225368
Bubbles' Playground Showdown,The Powerpuff Girls,144.0,19.99,0.13881944444444444
Mojo Jojo Strikes,The Powerpuff Girls,228.0,29.99,0.13153508771929823
Mia's Bedroom,Friends,86.0,9.99,0.11616279069767442
Stephanie's Bedroom,Friends,95.0,9.99,0.1051578947368421
Olivia's Deluxe Bedroom,Friends,163.0,14.99,0.09196319018404908
Stephanie's Soccer Practice,Friends,119.0,14.99,0.12596638655462186
Emma's Art Stand,Friends,210.0,19.99,0.09519047619047619
Olivia's Mission Vehicle,Friends,223.0,19.99,0.08964125560538116
Andrea's Park Performance,Friends,229.0,24.99,0.10912663755458514
Mia's Tree House,Friends,351.0,29.99,0.08544159544159544
Emma's Art Café,Friends,378.0,32.99,0.08727513227513228
Stephanie's Sports Arena,Friends,460.0,44.99,0.09780434782608696
Mia's Camper Van,Friends,488.0,54.99,0.1126844262295082
Friendship House,Friends,722.0,69.99,0.09693905817174514
Andrea's Bedroom,Friends,85.0,9.99,0.11752941176470588
Emma's Deluxe Bedroom,Friends,183.0,14.99,0.08191256830601093
Heartlake City Airplane Tour,Friends,323.0,29.99,0.09284829721362228
Andrea's Accessories Store,Friends,294.0,29.99,0.10200680272108843
Heartlake City Pet Center,Friends,474.0,59.99,0.12656118143459916
Friendship Box,Friends,563.0,49.99,0.08879218472468917
Heartlake City Resort,Friends,1017.0,99.99,0.09831858407079645
Service & Care Truck,Friends,247.0,19.99,0.08093117408906882
Drifting Diner,Friends,345.0,29.99,0.08692753623188405
Spinning Brushes Car Wash,Friends,325.0,29.99,0.09227692307692308
Creative Tuning Shop,Friends,413.0,39.99,0.09682808716707023
The Big Race Day,Friends,648.0,59.99,0.09257716049382717
Friends Advent Calendar,Friends,500.0,29.99,0.05998
Unikitty Cloud Car,Unikitty,126.0,9.99,0.07928571428571429
Prince Puppycorn Trike,Unikitty,101.0,9.99,0.09891089108910892
Party Time,Unikitty,214.0,19.99,0.09341121495327102
Dr. Fox Laboratory,Unikitty,359.0,29.99,0.08353760445682451
Unikingdom Creative Brick Box,Unikitty,433.0,39.99,0.09235565819861433
Unikingdom Fairground Fun,Unikitty,515.0,39.99,0.07765048543689321
Go Brick Me,BrickHeadz,708.0,29.99,0.04235875706214689
The Flash,BrickHeadz,122.0,9.99,0.08188524590163934
Wonder Woman,BrickHeadz,143.0,9.99,0.06986013986013986
Aquaman,BrickHeadz,135.0,9.99,0.074
Cyborg,BrickHeadz,108.0,9.99,0.0925
Rey,BrickHeadz,119.0,9.99,0.08394957983193277
Kylo Ren,BrickHeadz,130.0,9.99,0.07684615384615384
Iron Man MK50,BrickHeadz,101.0,9.99,0.09891089108910892
Thanos,BrickHeadz,105.0,9.99,0.09514285714285714
Star-Lord,BrickHeadz,113.0,9.99,0.0884070796460177
Gamora,BrickHeadz,136.0,9.99,0.07345588235294118
Han Solo,BrickHeadz,141.0,9.99,0.07085106382978723
Chewbacca,BrickHeadz,149.0,9.99,0.06704697986577181
Tactical Batman & Superman,BrickHeadz,209.0,19.99,0.09564593301435406
Marty McFly & Doc Brown,BrickHeadz,240.0,19.99,0.08329166666666667
Steve & Creeper,BrickHeadz,160.0,19.99,0.12493749999999999
Mr. Incredible & Frozone,BrickHeadz,160.0,19.99,0.12493749999999999
Owen & Blue,BrickHeadz,234.0,19.99,0.08542735042735042
Harry Potter & Hedwig,BrickHeadz,180.0,14.99,0.08327777777777778
Hermione Granger,BrickHeadz,127.0,9.99,0.07866141732283465
Elsa,BrickHeadz,130.0,9.99,0.07684615384615384
Anna & Olaf,BrickHeadz,201.0,14.99,0.07457711442786069
Darth Vader,BrickHeadz,104.0,9.99,0.09605769230769232
Stormtrooper,BrickHeadz,124.0,9.99,0.08056451612903226
Ron Weasley & Albus Dumbledore,BrickHeadz,245.0,19.99,0.08159183673469388
Peter Venkman & Slimer,BrickHeadz,228.0,19.99,0.08767543859649123
Ariel & Ursula,BrickHeadz,361.0,19.99,0.05537396121883656
Mickey Mouse,BrickHeadz,109.0,9.99,0.09165137614678899
Minnie Mouse,BrickHeadz,129.0,9.99,0.07744186046511628
Groot & Rocket,BrickHeadz,189.0,14.99,0.07931216931216932
Luke Skywalker & Yoda,BrickHeadz,215.0,14.99,0.06972093023255814
Princess Leia Organa,BrickHeadz,124.0,9.99,0.08056451612903226
Boba Fett,BrickHeadz,161.0,9.99,0.06204968944099379
Jack Skellington & Sally,BrickHeadz,193.0,19.99,0.10357512953367874
Newt Scamander & Gellert Grindelwald,BrickHeadz,247.0,19.99,0.08093117408906882
Homer Simpson & Krusty the Clown,BrickHeadz,215.0,19.99,0.0929767441860465
Blind Bags Series 1 {Random bag},Unikitty,14.0,,
Rainbow Unikitty,Unikitty,14.0,,
Angry Unikitty,Unikitty,14.0,,
Shades Puppycorn,Unikitty,14.0,,
Dinosaur Unikitty,Unikitty,14.0,,
Shades Unikitty,Unikitty,14.0,3.99,0.28500000000000003
Dalmatian Puppycorn,Unikitty,14.0,,
Dessert Unikitty,Unikitty,14.0,,
Camouflage Unikitty,Unikitty,14.0,,
Alien Puppycorn,Unikitty,14.0,,
Sleepy Unikitty,Unikitty,15.0,,
Queasy Unikitty,Unikitty,15.0,,
Dessert Puppycorn,Unikitty,15.0,,
Blind Bags Series 1 - Complete,Unikitty,171.0,,
Blind Bags Series 1 - Sealed Box,Unikitty,,,
Dozer Compactor,Technic,171.0,19.99,0.11690058479532163
WHACK!,Technic,135.0,19.99,0.14807407407407405
BASH!,Technic,139.0,19.99,0.14381294964028776
Racing Yacht,Technic,330.0,39.99,0.12118181818181818
First Responder,Technic,513.0,49.99,0.09744639376218324
Hovercraft,Technic,1020.0,89.99,0.08822549019607842
Rally Car,Technic,1005.0,109.99,0.10944278606965174
Mack Anthem,Technic,2595.0,179.99,0.06936030828516378
Heavy Duty Forklift,Technic,592.0,69.99,0.11822635135135134
Forest Harvester,Technic,1003.0,149.99,0.14954137587238286
Volvo Concept Wheel Loader ZEUX,Technic,1167.0,139.99,0.11995715509854328
Rough Terrain Crane,Technic,4057.0,299.99,0.07394380083805768
Bugatti Chiron,Technic,3599.0,349.99,0.09724645734926368
Hook Loader,Technic,176.0,14.99,0.08517045454545455
Coding Express,Education,234.0,239.95,1.0254273504273503
INTO ORBIT Challenge Kit,Education,1892.0,,
Mission MOON Inspire Set,Education,693.0,,
Mission MOON Discovery Set,Education,50.0,,
Off-Road Chase,City,37.0,6.99,0.18891891891891893
Mountain Fugitives,City,88.0,9.99,0.11352272727272728
Dirt Road Pursuit,City,297.0,39.99,0.13464646464646465
Mountain Arrest,City,303.0,59.99,0.197986798679868
Mountain Police Headquarters,City,663.0,89.99,0.1357315233785822
Mountain River Heist,City,387.0,49.99,0.1291731266149871
Wild River Escape,City,126.0,19.99,0.15865079365079363
Airshow Jet,City,87.0,9.99,0.11482758620689655
Speed Record Car,City,78.0,9.99,0.1280769230769231
Ambulance Helicopter,City,190.0,19.99,0.10521052631578946
Monster Truck,City,192.0,19.99,0.10411458333333333
Forest Tractor,City,174.0,19.99,0.11488505747126436
Pickup & Caravan,City,344.0,29.99,0.08718023255813953
Heavy Cargo Transport,City,310.0,29.99,0.09674193548387096
Mining Team,City,82.0,9.99,0.12182926829268292
Mining Power Splitter,City,127.0,19.99,0.1574015748031496
Mining Heavy Driller,City,294.0,49.99,0.17003401360544218
Mining Experts Site,City,883.0,99.99,0.11323895809739523
Arctic Ice Glider,City,50.0,6.99,0.1398
Arctic Exploration Team,City,70.0,9.99,0.1427142857142857
Arctic Ice Crawler,City,200.0,24.99,0.12494999999999999
Arctic Air Transport,City,277.0,39.99,0.14436823104693142
Arctic Scout Truck,City,322.0,59.99,0.18630434782608696
Arctic Mobile Exploration Base,City,786.0,119.99,0.1526590330788804
Arctic Supply Plane,City,707.0,79.99,0.11314002828854314
Passenger Train,City,677.0,159.99,0.23632200886262927
Cargo Train,City,1226.0,229.99,0.18759380097879283
Capital City,City,1211.0,149.99,0.12385631709331132
City Advent Calendar,City,313.0,29.99,0.095814696485623
People Pack - Outdoor Adventures,City,164.0,39.99,0.24384146341463417
City Hospital,City,861.0,99.99,0.11613240418118466
Tracks,City,20.0,19.99,0.9994999999999999
Switch Tracks,City,8.0,15.99,1.99875
2-in-1 Value Pack,City,165.0,,
2-in-1 Value Pack: Han Solo & Chewbacca ,BrickHeadz,290.0,,
Super Pack 2-in-1,Star Wars,201.0,,
2-in-1 Super Pack,Star Wars,205.0,,
Monastery of Ice,Ninjago,,,
Kai - Spinjitzu Master,Ninjago,61.0,9.99,0.16377049180327868
Nya - Spinjitzu Master,Ninjago,69.0,9.99,0.14478260869565218
Jay - Spinjitzu Master,Ninjago,68.0,9.99,0.14691176470588235
Zane - Spinjitzu Master,Ninjago,69.0,9.99,0.14478260869565218
Cole - Spinjitzu Master,Ninjago,73.0,9.99,0.13684931506849315
Katana V11,Ninjago,257.0,19.99,0.07778210116731517
Street Race of Snake Jaguar,Ninjago,308.0,29.99,0.09737012987012987
S.O.G. Headquarters,Ninjago,530.0,39.99,0.07545283018867925
Ninja Nightcrawler,Ninjago,552.0,39.99,0.07244565217391305
Killow vs. Samurai X,Ninjago,556.0,49.99,0.08991007194244605
Temple of Resurrection,Ninjago,765.0,69.99,0.09149019607843137
Golden Dragon Master,Ninjago,92.0,14.99,0.16293478260869565
Cole - Dragon Master,Ninjago,92.0,14.99,0.16293478260869565
Jay - Dragon Master,Ninjago,92.0,14.99,0.16293478260869565
Kai - Dragon Master,Ninjago,92.0,14.99,0.16293478260869565
Zane - Dragon Master,Ninjago,92.0,14.99,0.16293478260869565
Destiny's Wing,Ninjago,181.0,19.99,0.11044198895027624
Throne Room Showdown,Ninjago,221.0,19.99,0.0904524886877828
Stormbringer,Ninjago,493.0,39.99,0.0811156186612576
Firstbourne,Ninjago,882.0,69.99,0.07935374149659863
Dieselnaut,Ninjago,1179.0,109.99,0.09329092451229855
Dragon Pit,Ninjago,1660.0,129.99,0.07830722891566265
NINJAGO City Docks,The LEGO Ninjago Movie,3553.0,229.99,0.06473121305938644
Oni Titan,Ninjago,522.0,49.99,0.09576628352490422
The Bat-Dune Buggy,The LEGO Batman Movie,198.0,19.99,0.10095959595959596
The Justice League Anniversary Party,The LEGO Batman Movie,267.0,29.99,0.11232209737827714
Egghead Mech Food Fight,The LEGO Batman Movie,293.0,29.99,0.10235494880546074
Harley Quinn Cannonball Attack,The LEGO Batman Movie,425.0,49.99,0.11762352941176471
The Bat-Space Shuttle,The LEGO Batman Movie,643.0,79.99,0.12440124416796267
LEGO Minifigures - The LEGO Batman Movie Series 2 {Random bag},Collectable Minifigures,,,
Friends are Family Harley Quinn,Collectable Minifigures,7.0,,
Friends are Family Alfred,Collectable Minifigures,7.0,,
Clock King,Collectable Minifigures,6.0,,
Professor Hugo Strange,Collectable Minifigures,6.0,,
Mermaid Batman,Collectable Minifigures,5.0,,
Swimming Pool Batman,Collectable Minifigures,6.0,,
Tropical Joker,Collectable Minifigures,8.0,,
Vacation Robin,Collectable Minifigures,7.0,,
Vacation Batgirl,Collectable Minifigures,7.0,,
Vacation Alfred,Collectable Minifigures,7.0,,
Soccer Mom Batgirl,Collectable Minifigures,8.0,,
Killer Moth,Collectable Minifigures,6.0,,
Wonder Twin (Jayna),Collectable Minifigures,7.0,,
Wonder Twin (Zan),Collectable Minifigures,8.0,,
Apache Chief,Collectable Minifigures,5.0,,
Jor-El,Collectable Minifigures,7.0,,
General Zod,Collectable Minifigures,5.0,,
Doctor Phosphorus,Collectable Minifigures,5.0,,
Black Canary,Collectable Minifigures,8.0,,
Black Vulcan,Collectable Minifigures,6.0,3.99,0.665
LEGO Minifigures - The LEGO Batman Movie Series 2 - Complete,Collectable Minifigures,131.0,,
LEGO Minifigures - The LEGO Batman Movie Series 2 - Sealed Box,Collectable Minifigures,,,
LEGO Minifigures - Series 18 {Random bag},Collectable Minifigures,,,
Elephant Girl,Collectable Minifigures,6.0,,
Brick Suit Guy,Collectable Minifigures,5.0,,
Brick Suit Girl,Collectable Minifigures,5.0,,
Party Clown,Collectable Minifigures,8.0,,
Firework Guy,Collectable Minifigures,4.0,,
Birthday Party Girl,Collectable Minifigures,9.0,,
Dragon Suit Guy,Collectable Minifigures,6.0,,
Classic Police Officer,Collectable Minifigures,6.0,,
Spider Suit Boy,Collectable Minifigures,6.0,,
Birthday Cake Guy,Collectable Minifigures,6.0,,
Cactus Girl,Collectable Minifigures,4.0,,
Cat Costume Girl,Collectable Minifigures,6.0,,
Race Car Guy,Collectable Minifigures,6.0,,
Flower Pot Girl,Collectable Minifigures,5.0,,
Cowboy Costume Guy,Collectable Minifigures,5.0,,
Birthday Party Boy,Collectable Minifigures,9.0,,
Unicorn Guy,Collectable Minifigures,8.0,,
LEGO Minifigures - Series 18 - Complete,Collectable Minifigures,110.0,,
LEGO Minifigures - Series 18 - Sealed Box,Collectable Minifigures,,3.99,
LEGO Minifigures - Harry Potter and Fantastic Beasts Series {Random bag},Collectable Minifigures,,,
Harry Potter,Collectable Minifigures,8.0,3.99,0.49875
Hermione Granger,Collectable Minifigures,8.0,,
Ron Weasley,Collectable Minifigures,8.0,,
Draco Malfoy,Collectable Minifigures,10.0,,
Luna Lovegood,Collectable Minifigures,10.0,,
Neville Longbottom,Collectable Minifigures,10.0,,
Cho Chang,Collectable Minifigures,9.0,,
Dean Thomas,Collectable Minifigures,9.0,,
Lord Voldemort,Collectable Minifigures,7.0,,
Dobby,Collectable Minifigures,7.0,,
Professor Sybill Trelawney,Collectable Minifigures,9.0,,
Cedric Diggory,Collectable Minifigures,8.0,,
Professor Filius Flitwick,Collectable Minifigures,9.0,,
Alastor 'Mad-Eye' Moody,Collectable Minifigures,10.0,,
Harry Potter (Invisibility Cloak),Collectable Minifigures,8.0,,
Professor Albus Dumbledore,Collectable Minifigures,9.0,,
Newt Scamander,Collectable Minifigures,10.0,,
Tina Goldstein,Collectable Minifigures,9.0,,
Jacob Kowalski,Collectable Minifigures,9.0,,
Queenie Goldstein,Collectable Minifigures,8.0,,
Credence Barebone,Collectable Minifigures,6.0,,
Percival Graves,Collectable Minifigures,8.0,,
LEGO Minifigures - Harry Potter and Fantastic Beasts Series - Complete,Collectable Minifigures,189.0,,
LEGO Minifigures - Harry Potter and Fantastic Beasts Series - Sealed Box,Collectable Minifigures,,3.99,
Hogwarts Castle,Harry Potter,6020.0,469.99,0.07807142857142857
Lance's Hover Jouster,Nexo Knights,217.0,19.99,0.09211981566820276
Twinfector,Nexo Knights,191.0,19.99,0.10465968586387434
Berserker Bomber,Nexo Knights,369.0,29.99,0.08127371273712737
Tech Wizard Showdown,Nexo Knights,506.0,39.99,0.07903162055335969
Aaron's X-bow,Nexo Knights,569.0,49.99,0.08785588752196836
Axl's Rolling Arsenal,Nexo Knights,604.0,59.99,0.09932119205298014
Y-wing Starfighter,Star Wars,1967.0,199.99,0.10167259786476869
Resistance Bomber (Finch Dallow version),Star Wars,778.0,,
Millennium Falcon Microfighter,Star Wars,92.0,9.99,0.10858695652173914
First Order TIE Fighter Microfighter,Star Wars,91.0,9.99,0.10978021978021978
Ski Speeder vs. First Order Walker Microfighters,Star Wars,216.0,19.99,0.0925462962962963
A-Wing vs. TIE Silencer Microfighters,Star Wars,188.0,19.99,0.10632978723404254
First Order Specialists Battle Pack,Star Wars,108.0,14.99,0.1387962962962963
Tatooine Battle Pack,Star Wars,97.0,14.99,0.15453608247422682
General Grievous' Combat Speeder,Star Wars,157.0,29.99,0.19101910828025476
Ahch-To Island Training,Star Wars,241.0,29.99,0.12443983402489626
First Order AT-ST,Star Wars,370.0,39.99,0.10808108108108108
Defense of Crait,Star Wars,746.0,84.99,0.11392761394101876
Hoth Medical Chamber,Star Wars,255.0,29.99,0.11760784313725489
Sandspeeder,Star Wars,278.0,29.99,0.10787769784172661
Mos Eisley Cantina,Star Wars,376.0,39.99,0.10635638297872341
Jedi and Clone Troopers Battle Pack,Star Wars,102.0,14.99,0.1469607843137255
Imperial Patrol Battle Pack,Star Wars,99.0,14.99,0.15141414141414142
Yoda's Hut,Star Wars,229.0,29.99,0.13096069868995633
Han Solo's Landspeeder,Star Wars,345.0,29.99,0.08692753623188405
Moloch's Landspeeder,Star Wars,464.0,39.99,0.0861853448275862
Imperial TIE Fighter,Star Wars,519.0,69.99,0.13485549132947977
Kessel Run Millennium Falcon,Star Wars,1414.0,169.99,0.12021923620933522
Star Wars Advent Calendar,Star Wars,307.0,39.99,0.13026058631921825
Anakin's Jedi Starfighter,Star Wars,247.0,19.99,0.08093117408906882
Cloud-Rider Swoop Bikes,Star Wars,355.0,29.99,0.08447887323943662
Snoke's Throne Room,Star Wars,492.0,69.99,0.1422560975609756
Imperial Conveyex Transport,Star Wars,622.0,89.99,0.14467845659163986
X-wing Starfighter,Star Wars,731.0,79.99,0.10942544459644322
Imperial AT-Hauler,Star Wars,829.0,99.99,0.1206151990349819
Sandcrawler,Star Wars,1239.0,139.99,0.11298627925746571
Imperial Landing Craft,Star Wars,636.0,89.99,0.1414937106918239
Betrayal at Cloud City,Star Wars,2812.0,349.99,0.12446301564722617
Porg,Star Wars,811.0,69.99,0.08630086313193587
Millennium Falcon Cockpit,Star Wars,203.0,,
Boba Fett,Star Wars,144.0,29.99,0.2082638888888889
Darth Vader,Star Wars,168.0,39.99,0.2380357142857143
Han Solo,Star Wars,101.0,24.99,0.24742574257425742
Range Trooper,Star Wars,101.0,24.99,0.24742574257425742
Darth Maul,Star Wars,104.0,29.99,0.2883653846153846
1968 Ford Mustang Fastback,Speed Champions,183.0,14.99,0.08191256830601093
Ford Fiesta M-Sport WRC,Speed Champions,203.0,14.99,0.0738423645320197
Ferrari 488 GT3 Scuderia Corsa,Speed Champions,179.0,14.99,0.08374301675977654
Porsche 919 Hybrid,Speed Champions,163.0,14.99,0.09196319018404908
Porsche 911 RSR and 911 Turbo 3.0,Speed Champions,391.0,29.99,0.0767007672634271
Ferrari Ultimate Garage,Speed Champions,841.0,99.99,0.11889417360285374
Pteranodon Chase,Jurassic World,126.0,19.99,0.15865079365079363
Stygimoloch Breakout,Jurassic World,222.0,29.99,0.13509009009009007
Blue's Helicopter Pursuit,Jurassic World,397.0,39.99,0.10073047858942066
Carnotaurus Gyrosphere Escape,Jurassic World,577.0,79.99,0.138630849220104
Indoraptor Rampage at Lockwood Estate,Jurassic World,1019.0,129.99,0.12756624141315015
Dilophosaurus Outpost Attack,Jurassic World,289.0,39.99,0.13837370242214533
Jurassic Park Velociraptor Chase ,Jurassic World,360.0,39.99,0.11108333333333334
T. Rex Transport,Jurassic World,609.0,69.99,0.11492610837438423
Aragog's Lair,Harry Potter,157.0,14.99,0.09547770700636943
Grindelwald's Escape,Harry Potter,132.0,19.99,0.15143939393939393
Newt's Case of Magical Creatures,Harry Potter,694.0,49.99,0.07203170028818444
Hogwarts Whomping Willow,Harry Potter,753.0,69.99,0.09294820717131473
Hogwarts Great Hall,Harry Potter,878.0,99.99,0.11388382687927107
Hogwarts Express,Harry Potter,801.0,79.99,0.09986267166042447
Quidditch Match,Harry Potter,500.0,39.99,0.07998000000000001
Corner Garage,Creator Expert,2569.0,199.99,0.07784741144414169
Ford Mustang,Creator Expert,1471.0,169.99,0.1155608429639701
NASA Apollo 11 Lunar Lander,Creator Expert,1087.0,99.99,0.09198712051517939
Gingerbread House,Creator Expert,1477.0,99.99,0.0676980365605958
Harley-Davidson Fat Boy,Creator Expert,1023.0,99.99,0.09774193548387096
Woody & RC,Disney,69.0,9.99,0.14478260869565218
Duke Caboom's Stunt Show,Disney,120.0,19.99,0.16658333333333333
Buzz and Bo Peep's Playground Adventure,Disney,139.0,24.99,0.1797841726618705
RV Vacation,Disney,178.0,34.99,0.1965730337078652
Buzz & Woody's Carnival Mania!,Disney,230.0,49.99,0.21734782608695652
Carnival Thrill Coaster,Disney,98.0,19.99,0.20397959183673467
My First Tow Truck,Duplo,11.0,9.99,0.9081818181818182
My First Balancing Animals,Duplo,15.0,14.99,0.9993333333333333
My First Fun Puzzle,Duplo,15.0,19.99,1.3326666666666667
My First Car Creations,Duplo,34.0,19.99,0.5879411764705882
Creative Fun,Duplo,120.0,39.99,0.33325
Mickey's Vacation House,Duplo,57.0,49.99,0.8770175438596491
Spider-Man vs. Electro,Duplo,29.0,19.99,0.6893103448275861
Toy Story Train,Duplo,21.0,19.99,0.9519047619047618
Emmet and Lucy's Visitors from the DUPLO Planet,Duplo,53.0,29.99,0.5658490566037736
My First Minnie Build,Duplo,10.0,9.99,0.999
My First Mickey Build,Duplo,9.0,9.99,1.11
Frozen Ice Castle,Duplo,59.0,49.99,0.8472881355932204
Police Bike,Duplo,8.0,9.99,1.24875
Fire Truck,Duplo,21.0,19.99,0.9519047619047618
Police Station,Duplo,38.0,29.99,0.7892105263157895
Fire Station,Duplo,76.0,49.99,0.6577631578947368
Baby Animals,Duplo,9.0,9.99,1.11
Tropical Island,Duplo,73.0,59.99,0.8217808219178082
World Animals,Duplo,121.0,99.99,0.8263636363636363
Plane,Duplo,12.0,9.99,0.8325
Submarine Adventure,Duplo,24.0,19.99,0.8329166666666666
Bricks and Ideas,Classic,123.0,9.99,0.08121951219512195
Basic Brick Set ,Classic,300.0,19.99,0.06663333333333332
Bricks and Eyes ,Classic,451.0,29.99,0.06649667405764967
Windows of Creativity,Classic,450.0,29.99,0.06664444444444444
Creative Fun,Classic,900.0,39.99,0.04443333333333334
Star Wars: Build Your Own Adventure Galactic Missions parts,Star Wars,66.0,,
Parts for The Book of Bedtime Builds,Miscellaneous,68.0,,
Harry Potter: Build Your Own Adventure parts,Harry Potter,101.0,,
Christmas Ideas parts,Miscellaneous,41.0,,
Wooden Minifigure parts,Miscellaneous,29.0,,
San Francisco,Architecture,565.0,49.99,0.08847787610619469
Paris,Architecture,649.0,49.99,0.07702619414483822
Trafalgar Square,Architecture,1197.0,79.99,0.06682539682539682
Empire State Building,Architecture,1767.0,129.99,0.0735653650254669
Burj Khalifa,Architecture,333.0,,
Minecraft Steve BigFig with Parrot,Minecraft,159.0,14.99,0.09427672955974843
Minecraft Alex BigFig with Chicken,Minecraft,160.0,14.99,0.0936875
Minecraft Skeleton BigFig with Magma Cube,Minecraft,142.0,14.99,0.10556338028169014
The End Battle,Minecraft,222.0,19.99,0.09004504504504504
Pirate Ship,Minecraft,386.0,39.99,0.10360103626943006
The Wool Farm,Minecraft,260.0,19.99,0.07688461538461538
The Blaze Bridge,Minecraft,372.0,29.99,0.08061827956989247
The Creeper Mine,Minecraft,834.0,79.99,0.09591127098321342
The Flintstones,Ideas,748.0,59.99,0.08020053475935829
Steamboat Willie,Ideas,751.0,89.99,0.11982689747003994
Tree House,Ideas,3036.0,249.99,0.08234189723320158
Central Perk,Ideas,1070.0,59.99,0.05606542056074767
Dinosaur Fossils,Ideas,910.0,59.99,0.06592307692307693
My First Duck,Duplo,6.0,,
Town Rescue - {Random Bag},Duplo,,,
Town Rescue - Bird,Duplo,,,
Town Rescue - Fireman,Duplo,,,
Town Rescue - Cat,Duplo,,,
Town Rescue - Policewoman,Duplo,,,
Town Rescue - Dog,Duplo,,,
Emmet's 'Piece' Offering,The LEGO Movie 2,44.0,,
Fire ATV,City,39.0,,
Sky Police Jetpack,City,33.0,,
Race Boat,City,34.0,,
Popcorn Cart,City,43.0,,
Space Satellite,City,36.0,3.99,0.11083333333333334
Naboo Starfighter,Star Wars,48.0,,
Snowspeeder,Star Wars,49.0,,
Steve and Creeper Set,Minecraft,36.0,,
Tulips,Friends,90.0,,
Emma's Bumper Cars,Friends,66.0,,
Mia's Water Fun,Friends,28.0,3.99,0.14250000000000002
Spider-Man's Mini Spider Crawler,Marvel Super Heroes,73.0,,
Iron Man and Dum-E,Marvel Super Heroes,38.0,,
Rex's Plantimal Ambush,The LEGO Movie 2,32.0,3.99,0.1246875
Podracer,Star Wars,58.0,,
Lucy vs. Alien Invader,The LEGO Movie 2,44.0,,
Mini Master-Building MetalBeard,The LEGO Movie 2,42.0,,
Mini Master-Building Emmet,The LEGO Movie 2,49.0,,
Sam-X,Ninjago,56.0,,
Ninja Workout,Ninjago,31.0,,
Fire Flight,Ninjago,54.0,,
Fish Free Builds - Make It Yours,Miscellaneous,39.0,,
Elsa's Winter Throne,Disney,42.0,,
Pelican,Creator,62.0,,
Race Car,Creator,68.0,,
Santa,Creator,67.0,,
Star-Stuck Emmet,The LEGO Movie 2,41.0,,
SHAZAM!,DC Comics Super Heroes,5.0,,
Obi-Wan Kenobi - Collectable Minifigure,Star Wars,12.0,3.99,0.3325
Futuristic Flyer,Creator,157.0,14.99,0.09547770700636943
Dune Buggy,Creator,147.0,12.99,0.08836734693877552
Deep Sea Creatures,Creator,230.0,14.99,0.06517391304347826
Sunset Track Racer,Creator,221.0,19.99,0.0904524886877828
Underwater Robot,Creator,207.0,19.99,0.09657004830917873
Shuttle Transporter,Creator,341.0,24.99,0.07328445747800585
Helicopter Adventure,Creator,114.0,9.99,0.08763157894736842
Riverside Houseboat,Creator,396.0,39.99,0.1009848484848485
Race Plane,Creator,333.0,29.99,0.09006006006006005
Fairground Carousel,Creator,595.0,49.99,0.08401680672268907
Twin-Rotor Helicopter,Creator,569.0,59.99,0.10543057996485061
Townhouse Pet Shop & Café,Creator,969.0,79.99,0.08254901960784314
Outback Cabin,Creator,305.0,29.99,0.098327868852459
Year of the Pig,Seasonal,152.0,9.99,0.06572368421052632
MSC Cruises,Promotional,181.0,,
Jet Fighter,Promotional,23.0,,
Caterpillar,Promotional,48.0,,
Viking Ship,Promotional,54.0,,
Ladybird,Promotional,27.0,,
Crane,Promotional,64.0,,
Frog,Promotional,39.0,,
Ice Cream Truck,Promotional,48.0,,
Racing Car,Promotional,50.0,,
Eagle,Promotional,56.0,,
UFO,Promotional,36.0,,
Wolf,Promotional,47.0,,
Penguin,Promotional,47.0,,
Battle of Hoth - 20th Anniversary Edition,Star Wars,195.0,,
Avengers Tower,Marvel Super Heroes,211.0,,
Space Rocket Ride,Ideas,154.0,,
Newbury Juice Bar,Hidden Side,127.0,12.99,0.10228346456692913
Microscale Gingerbread House,Seasonal,499.0,,
Christmas Tree,Seasonal,392.0,,
Sea Accessories,Xtra,24.0,3.99,0.16625
NINJAGO Minifigure Set,Ninjago,59.0,12.99,0.22016949152542373
Spider-Man and the Museum Break-In,Marvel Super Heroes,49.0,14.99,0.3059183673469388
Summer Celebration Minifigure Pack,Collectable Minifigures,45.0,12.99,0.2886666666666667
Mars Exploration Minifigure Pack,City,44.0,12.99,0.2952272727272727
LEGOLAND,Promotional,1336.0,,
LEGOLAND Driving School,Promotional,209.0,,
Birthday Clown,BrickHeadz,150.0,9.99,0.0666
Valentine's Puppy,BrickHeadz,147.0,9.99,0.06795918367346938
Easter Chick,BrickHeadz,120.0,9.99,0.08325
Halloween Ghost,BrickHeadz,136.0,9.99,0.07345588235294118
Thanksgiving Scarecrow,BrickHeadz,177.0,9.99,0.05644067796610169
"Reindeer, Elf and Elfie",BrickHeadz,281.0,19.99,0.07113879003558718
Dragon Dance Guy,BrickHeadz,170.0,9.99,0.05876470588235294
LEGO House Exclusive Minifigure 2019,Promotional,7.0,,
LEGO Store Picture Frame,Miscellaneous,170.0,14.99,0.0881764705882353
Name Sign,Friends,91.0,9.99,0.10978021978021978
Olaf's Traveling Sleigh,Disney,97.0,,
Battle of Endor,Star Wars,197.0,,
LEGO House Dinosaurs,Promotional,864.0,,
Lady Liberty,BrickHeadz,153.0,9.99,0.06529411764705882
Xmas Accessories,Xtra,32.0,,
Rebuild the World minifigure,Miscellaneous,6.0,,
1989 Batmobile - Limited Edition,DC Comics Super Heroes,366.0,,
Reindeer,Creator,77.0,,
Plants from Plants,Miscellaneous,29.0,,
Jasmine's Petite Tower,Disney,49.0,9.99,0.20387755102040817
Cinderella's Carriage Ride,Disney,91.0,19.99,0.21967032967032965
Ariel's Castle,Disney,115.0,24.99,0.21730434782608693
Aladdin's and Jasmine's Palace Adventures,Disney,193.0,29.99,0.15538860103626942
"Ariel, Aurora, and Tiana's Royal Celebration",Disney,282.0,39.99,0.14180851063829789
Rapunzel's Small Tower,Disney,44.0,9.99,0.22704545454545455
Enchanted Tree House,Disney,302.0,49.99,0.16552980132450332
Anna's Canoe Expedition,Disney,108.0,19.99,0.1850925925925926
Elsa and the Reindeer Carriage,Disney,116.0,29.99,0.2585344827586207
Arendelle Castle,Disney,521.0,79.99,0.15353166986564298
Elsa's Jewellery Box,Disney,300.0,39.99,0.1333
Olaf,Disney,122.0,14.99,0.1228688524590164
Underwater Loop,Friends,389.0,29.99,0.07709511568123392
Andrea's Heart Box,Friends,84.0,7.99,0.09511904761904762
Emma's Heart Box,Friends,85.0,7.99,0.094
Stephanie's Heart Box,Friends,85.0,7.99,0.094
Olivia's Heart Box,Friends,85.0,7.99,0.094
Mia's Heart Box,Friends,83.0,7.99,0.09626506024096386
Heart Box Friendship Pack,Friends,199.0,19.99,0.10045226130653266
Emma's Mobile Veterinary Clinic ,Friends,50.0,9.99,0.1998
Mia's Foal Stable ,Friends,118.0,19.99,0.16940677966101694
Heartlake City Supermarket,Friends,140.0,29.99,0.2142142857142857
Mia's Forest Adventures ,Friends,134.0,14.99,0.11186567164179105
Stephanie's Buggy & Trailer ,Friends,166.0,19.99,0.12042168674698794
Emma's Art Studio,Friends,235.0,24.99,0.10634042553191489
Olivia's Cupcake Cafe,Friends,335.0,29.99,0.08952238805970149
Stephanie's Horse Jumping,Friends,337.0,39.99,0.11866468842729971
Andrea's Talent Show,Friends,492.0,49.99,0.10160569105691057
Mia's House,Friends,715.0,69.99,0.09788811188811188
Mia's Horse Trailer,Friends,216.0,29.99,0.13884259259259257
Stephanie's Gymnastics Show,Friends,241.0,29.99,0.12443983402489626
Funny Octopus Ride,Friends,324.0,39.99,0.12342592592592594
Andrea's Pool Party,Friends,468.0,49.99,0.10681623931623932
Heartlake City Amusement Pier,Friends,1251.0,129.99,0.10390887290167866
Turtles Rescue Mission,Friends,225.0,19.99,0.08884444444444443
Dolphins Rescue Mission,Friends,363.0,39.99,0.11016528925619835
Heartlake City Restaurant,Friends,624.0,59.99,0.09613782051282052
Lighthouse Rescue Center,Friends,602.0,59.99,0.09965116279069768
Rescue Mission Boat,Friends,908.0,89.99,0.0991079295154185
Friends Advent Calendar,Friends,330.0,29.99,0.09087878787878788
Olivia's Hamster Playground,Friends,81.0,9.99,0.12333333333333334
Andrea's Summer Heart Box,Friends,83.0,7.99,0.09626506024096386
Emma's Summer Heart Box,Friends,86.0,7.99,0.09290697674418605
Stephanie's Summer Heart Box,Friends,95.0,7.99,0.08410526315789474
Olivia's Summer Heart Box,Friends,93.0,7.99,0.08591397849462366
Mia's Summer Heart Box,Friends,85.0,7.99,0.094
Emmet,BrickHeadz,113.0,,
Wyldstyle,BrickHeadz,134.0,,
Benny,BrickHeadz,103.0,,
Sweet Mayhem,BrickHeadz,137.0,,
Cherry Picker,Technic,155.0,9.99,0.0644516129032258
Power Boat,Technic,174.0,14.99,0.08614942528735632
Getaway Truck,Technic,128.0,19.99,0.156171875
Police Pursuit,Technic,120.0,19.99,0.16658333333333333
Rescue Helicopter,Technic,325.0,39.99,0.12304615384615385
Chevrolet Corvette ZR1,Technic,579.0,49.99,0.08633851468048359
Tracked Loader,Technic,827.0,79.99,0.09672309552599757
Remote-Controlled Stunt Racer,Technic,324.0,99.99,0.3086111111111111
Porsche 911 RSR,Technic,1580.0,179.99,0.11391772151898735
Compact Crawler Crane,Technic,920.0,99.99,0.10868478260869564
Car Transporter,Technic,2493.0,179.99,0.0721981548335339
4x4 X-Treme Off-Roader,Technic,958.0,249.99,0.2609498956158664
Liebherr R 9800,Technic,4108.0,449.99,0.10953992210321324
Land Rover Defender,Technic,2573.0,199.99,0.07772638942868247
Elsa's Ice Palace,Disney,701.0,79.99,0.11410841654778886
City Shaper Challenge Kit,Education,2238.0,,
BOOMTOWN BUILD Inspire Set,Education,739.0,,
BOOMTOWN BUILD Discovery Set,Education,78.0,,
Ski Resort,City,806.0,89.99,0.1116501240694789
Jet Patrol,City,54.0,9.99,0.185
Sky Police Drone Chase,City,192.0,29.99,0.15619791666666666
Parachute Arrest,City,218.0,39.99,0.18344036697247706
Diamond Heist,City,400.0,59.99,0.149975
Air Base,City,529.0,89.99,0.1701134215500945
Barbecue Burn Out,City,64.0,9.99,0.15609375
Dock Side Fire,City,97.0,19.99,0.20608247422680412
Burger Bar Fire Rescue,City,327.0,39.99,0.12229357798165139
Fire Station,City,509.0,69.99,0.13750491159135558
Downtown Fire Brigade,City,943.0,99.99,0.106033934252386
Fire Plane,City,363.0,59.99,0.1652617079889807
Desert Rally Racer,City,75.0,9.99,0.1332
Construction Loader,City,88.0,9.99,0.11352272727272728
Garbage Truck,City,90.0,19.99,0.2221111111111111
Diving Yacht,City,148.0,19.99,0.13506756756756755
Snow Groomer,City,197.0,19.99,0.1014720812182741
Harvester Transport,City,358.0,29.99,0.08377094972067038
Satellite Service Mission,City,84.0,9.99,0.11892857142857143
Rover Testing Drive,City,202.0,29.99,0.14846534653465346
Mars Research Shuttle,City,273.0,39.99,0.14648351648351648
Lunar Space Station,City,412.0,59.99,0.14560679611650487
Deep Space Rocket and Launch Control,City,837.0,99.99,0.11946236559139785
 Rocket Assembly & Transport,City,1055.0,149.99,0.1421706161137441
People Pack - Space Research and Development,City,209.0,39.99,0.1913397129186603
Fire Chief Response Truck,City,201.0,29.99,0.14920398009950248
Garage Center,City,234.0,49.99,0.21363247863247864
Donut Shop Opening,City,790.0,89.99,0.11391139240506329
People Pack - Fun Fair,City,183.0,39.99,0.21852459016393444
City Advent Calendar,City,234.0,29.99,0.12816239316239317
Straight & T-Junction ,City,2.0,14.99,7.495
Curves & Crossroad,City,2.0,14.99,7.495
Police Patrol Car,City,92.0,9.99,0.10858695652173914
Kayak Adventure,City,84.0,9.99,0.11892857142857143
Super Pack 3-in-1,Duplo,,,
Super Pack 2-in-1 ,Duplo,,,
Super Pack 2-in-1 ,Duplo,,,
Bonus/Value pack,Creator,218.0,,
Bonus/Value pack,City,125.0,,
2-in-1 Value Pack: Star-Lord & Gamora,BrickHeadz,249.0,,
Super Pack 3-in-1,City,,,
Super Pack 3-in-1,City,,,
Super Pack 3-in-1,Friends,,,
J.B.'s Ghost Lab,Hidden Side,174.0,19.99,0.11488505747126436
Wrecked Shrimp Boat,Hidden Side,310.0,29.99,0.09674193548387096
Graveyard Mystery,Hidden Side,335.0,29.99,0.08952238805970149
El Fuego's Stunt Truck,Hidden Side,428.0,39.99,0.09343457943925235
Shrimp Shack Attack,Hidden Side,579.0,49.99,0.08633851468048359
Paranormal Intercept Bus 3000,Hidden Side,689.0,59.99,0.08706821480406386
Ghost Train Express,Hidden Side,698.0,79.99,0.11459885386819484
Newbury Haunted High School,Hidden Side,1474.0,129.99,0.08818860244233379
Spinjitzu Kai,Ninjago,97.0,9.99,0.10298969072164949
Spinjitzu Jay,Ninjago,97.0,9.99,0.10298969072164949
Spinjitzu Zane,Ninjago,109.0,9.99,0.09165137614678899
Spinjitzu Cole,Ninjago,117.0,9.99,0.08538461538461539
Spinjitzu Nya & Wu,Ninjago,227.0,19.99,0.08806167400881057
Spinjitzu Lloyd vs. Garmadon,Ninjago,208.0,19.99,0.09610576923076922
The Samurai Mech,Ninjago,154.0,14.99,0.09733766233766233
The Golden Dragon,Ninjago,171.0,19.99,0.11690058479532163
Kai's Blade Cycle & Zane's Snowmobile,Ninjago,376.0,29.99,0.07976063829787233
Jay's Storm Fighter,Ninjago,490.0,39.99,0.0816122448979592
Cole's Earth Driller ,Ninjago,587.0,49.99,0.0851618398637138
Monastery of Spinjitzu,Ninjago,1070.0,79.99,0.07475700934579439
Lloyd's Journey,Ninjago,81.0,14.99,0.18506172839506174
Cole's Dirt Bike,Ninjago,212.0,19.99,0.09429245283018867
Shuricopter,Ninjago,361.0,29.99,0.0830747922437673
Fire Fang,Ninjago,463.0,39.99,0.08637149028077754
Katana 4X4,Ninjago,450.0,49.99,0.11108888888888889
Lloyd's Titan Mech,Ninjago,876.0,79.99,0.09131278538812784
Land Bounty,Ninjago,1178.0,129.99,0.11034804753820035
Castle of the Forsaken Emperor,Ninjago,1218.0,99.99,0.0820935960591133
The Ultra Dragon,Ninjago,951.0,84.99,0.08936908517350158
Monastery Training,Ninjago,122.0,9.99,0.08188524590163934
Spinjitzu Slam - Lloyd,Ninjago,70.0,9.99,0.1427142857142857
Spinjitzu Slam - Jay,Ninjago,72.0,9.99,0.13875
Spinjitzu Slam - Zane,Ninjago,63.0,9.99,0.15857142857142859
Spinjitzu Slam - Kai vs. Samurai,Ninjago,164.0,19.99,0.12189024390243902
LEGO Movie Maker,The LEGO Movie 2,482.0,49.99,0.10371369294605809
Emmet and Benny's 'Build and Fix' Workshop!,The LEGO Movie 2,117.0,19.99,0.17085470085470084
Unikitty's Sweetest Friends EVER!,The LEGO Movie 2,76.0,9.99,0.13144736842105265
Emmet's Thricycle!,The LEGO Movie 2,174.0,14.99,0.08614942528735632
Introducing Queen Watevra Wa'Nabi,The LEGO Movie 2,115.0,19.99,0.1738260869565217
Queen Watevra's Build Whatever Box!,The LEGO Movie 2,455.0,39.99,0.0878901098901099
Rex's Rex-treme Offroader!,The LEGO Movie 2,236.0,29.99,0.12707627118644066
Ultrakatty & Warrior Lucy!,The LEGO Movie 2,348.0,29.99,0.08617816091954023
Pop-Up Party Bus,The LEGO Movie 2,1024.0,79.99,0.078115234375
Emmet and Lucy's Escape Buggy!,The LEGO Movie 2,550.0,49.99,0.09089090909090909
Sweet Mayhem's Systar Starship!,The LEGO Movie 2,502.0,69.99,0.1394223107569721
Emmet's Dream House/Rescue Rocket!,The LEGO Movie 2,706.0,69.99,0.09913597733711048
Emmet's Builder Box!,The LEGO Movie 2,125.0,29.99,0.23992
Lucy's Builder Box!,The LEGO Movie 2,141.0,29.99,0.2126950354609929
MetalBeard's Heavy Metal Motor Trike!,The LEGO Movie 2,461.0,59.99,0.1301301518438178
Rex's Rexplorer!,The LEGO Movie 2,1187.0,119.99,0.10108677337826452
Battle-Ready Batman and MetalBeard,The LEGO Movie 2,168.0,19.99,0.11898809523809523
Shimmer & Shine Sparkle Spa!,The LEGO Movie 2,691.0,69.99,0.10128798842257597
Queen Watevra's ‘So-Not-Evil' Space Palace,The LEGO Movie 2,995.0,99.99,0.10049246231155778
The Rexcelsior!,The LEGO Movie 2,1826.0,149.99,0.08214129244249727
Welcome to Apocalypseburg!,The LEGO Movie 2,3178.0,299.99,0.0943958464443046
Benny's Space Squad,The LEGO Movie 2,68.0,9.99,0.14691176470588235
Emmet's Triple-Decker Couch Mech,The LEGO Movie 2,312.0,29.99,0.09612179487179487
Good Morning Sparkle Babies!,The LEGO Movie 2,50.0,9.99,0.1998
Systar Party Crew,The LEGO Movie 2,196.0,19.99,0.10198979591836733
Wyld-Mayhem Star Fighter,The LEGO Movie 2,405.0,49.99,0.12343209876543211
LEGO Minifigures - The LEGO Movie 2 Series {Random bag},Collectable Minifigures,,,
Awesome Remix Emmet,Collectable Minifigures,7.0,,
Battle-Ready Lucy,Collectable Minifigures,8.0,,
Apocalypse Benny,Collectable Minifigures,8.0,,
Giraffe Guy,Collectable Minifigures,6.0,,
Crayon Girl,Collectable Minifigures,6.0,,
Sherry Scratchen-Post & Scarfield,Collectable Minifigures,6.0,,
Hula Lula,Collectable Minifigures,8.0,,
Watermelon Dude,Collectable Minifigures,6.0,,
Flashback Lucy,Collectable Minifigures,7.0,,
Swamp Creature,Collectable Minifigures,6.0,,
Candy Rapper,Collectable Minifigures,8.0,,
Gone Golfin' President Business,Collectable Minifigures,6.0,,
Apocalypseburg Abe,Collectable Minifigures,7.0,,
Vest Friend Rex,Collectable Minifigures,6.0,,
Kitty Pop,Collectable Minifigures,7.0,,
Dorothy Gale & Toto,Collectable Minifigures,7.0,,
Cowardly Lion,Collectable Minifigures,6.0,,
Scarecrow,Collectable Minifigures,6.0,,
Tin Man,Collectable Minifigures,8.0,,
Unikitty,Collectable Minifigures,15.0,,
LEGO Minifigures - The LEGO Movie 2 Series - Complete,Collectable Minifigures,144.0,,
LEGO Minifigures - The LEGO Movie 2 Series - Sealed Box,Collectable Minifigures,,3.99,
LEGO Minifigures - Disney Series 2 {Random bag},Collectable Minifigures,,,
Vintage Mickey,Collectable Minifigures,5.0,,
Vintage Minnie,Collectable Minifigures,6.0,,
Huey Duck,Collectable Minifigures,6.0,,
Dewey Duck,Collectable Minifigures,6.0,,
Louie Duck,Collectable Minifigures,7.0,,
Scrooge McDuck,Collectable Minifigures,7.0,,
Chip,Collectable Minifigures,5.0,,
Dale,Collectable Minifigures,4.0,,
Elsa,Collectable Minifigures,6.0,,
Anna,Collectable Minifigures,7.0,,
Jafar,Collectable Minifigures,7.0,,
Jasmine,Collectable Minifigures,5.0,,
Hades,Collectable Minifigures,5.0,,
Hercules,Collectable Minifigures,7.0,,
Sally,Collectable Minifigures,6.0,,
Jack Skellington,Collectable Minifigures,9.0,,
Edna Mode,Collectable Minifigures,7.0,,
Frozone,Collectable Minifigures,6.0,,
LEGO Minifigures - Disney Series 2 - Complete,Collectable Minifigures,111.0,,
LEGO Minifigures - Disney Series 2 - Sealed Box,Collectable Minifigures,,3.99,
LEGO Minifigures - Series 19 {Random Bag},Collectable Minifigures,,,
Video Game Champ,Collectable Minifigures,7.0,,
Shower Guy,Collectable Minifigures,8.0,,
Fright Knight,Collectable Minifigures,9.0,,
Monkey King,Collectable Minifigures,12.0,,
Programmer,Collectable Minifigures,9.0,,
Mummy Queen,Collectable Minifigures,6.0,,
Jungle Explorer,Collectable Minifigures,8.0,,
Fire Fighter,Collectable Minifigures,6.0,,
Dog Sitter,Collectable Minifigures,9.0,,
Pizza Costume Guy,Collectable Minifigures,6.0,,
Galactic Bounty Hunter,Collectable Minifigures,8.0,,
Gardener,Collectable Minifigures,7.0,,
Rugby Player,Collectable Minifigures,6.0,,
Fox Costume Girl,Collectable Minifigures,8.0,,
Bear Costume Guy,Collectable Minifigures,7.0,,
Mountain Biker,Collectable Minifigures,10.0,,
LEGO Minifigures - Series 19 - Complete,Collectable Minifigures,126.0,3.99,0.03166666666666667
LEGO Minifigures - Series 19 - Sealed Box,Collectable Minifigures,,,
Disney Train and Station,Disney,2925.0,329.99,0.11281709401709401
Naboo Starfighter Microfighter,Star Wars,62.0,9.99,0.16112903225806452
Sith Infiltrator Microfighter,Star Wars,92.0,9.99,0.10858695652173914
Elite Praetorian Guard Battle Pack,Star Wars,109.0,14.99,0.1375229357798165
Inferno Squad Battle Pack,Star Wars,118.0,14.99,0.12703389830508474
Darth Vader Bust,Star Wars,327.0,,
Escape Pod vs. Dewback Microfighters,Star Wars,177.0,19.99,0.11293785310734462
Death Star Escape,Star Wars,329.0,29.99,0.09115501519756838
Kylo Ren & Sith Trooper,BrickHeadz,240.0,19.99,0.08329166666666667
Droid Gunship,Star Wars,389.0,49.99,0.1285089974293059
AT-AP Walker,Star Wars,689.0,59.99,0.08706821480406386
X-wing Starfighter Trench Run,Star Wars,132.0,29.99,0.22719696969696968
Duel on Starkiller Base,Star Wars,191.0,19.99,0.10465968586387434
TIE Fighter Attack,Star Wars,77.0,19.99,0.25961038961038957
Action Battle Endor Assault,Star Wars,193.0,29.99,0.15538860103626942
Action Battle Hoth Generator Attack,Star Wars,235.0,29.99,0.12761702127659574
Major Vonreg's TIE Fighter,Star Wars,496.0,69.99,0.1411088709677419
Action Battle Echo Base Defense,Star Wars,504.0,59.99,0.11902777777777779
Black Ace TIE Interceptor,Star Wars,396.0,49.99,0.12623737373737373
Slave I - 20th Anniversary Edition,Star Wars,1007.0,119.99,0.11915590863952333
Tantive IV,Star Wars,1768.0,199.99,0.11311651583710408
Star Wars Advent Calendar,Star Wars,280.0,39.99,0.14282142857142857
Death Star Cannon,Star Wars,159.0,19.99,0.12572327044025156
Rebel A-wing Starfighter,Star Wars,62.0,14.99,0.2417741935483871
Resistance A-wing Starfighter,Star Wars,269.0,29.99,0.11148698884758364
Resistance Y-wing Starfighter,Star Wars,578.0,69.99,0.12108996539792387
Pasaana Speeder Chase,Star Wars,373.0,39.99,0.1072117962466488
Darth Vader's Castle,Star Wars,1060.0,129.99,0.12263207547169812
Imperial Star Destroyer,Star Wars,4784.0,699.99,0.14631897993311038
Droid Commander,Star Wars,1177.0,199.99,0.16991503823279525
AT-ST Raider,Star Wars,540.0,49.99,0.09257407407407407
Yoda,Star Wars,1771.0,99.99,0.05645962732919255
Kylo Ren's Shuttle,Star Wars,1005.0,129.99,0.12934328358208957
Millennium Falcon,Star Wars,1351.0,169.99,0.12582531458179128
Anakin's Podracer – 20th Anniversary Edition,Star Wars,279.0,29.99,0.10749103942652329
Snowspeeder – 20th Anniversary Edition,Star Wars,309.0,39.99,0.12941747572815535
Clone Scout Walker  – 20th Anniversary Edition,Star Wars,250.0,29.99,0.11996
Imperial Dropship  – 20th Anniversary Edition,Star Wars,125.0,19.99,0.15991999999999998
Mini Boost Droid Commander,Star Wars,62.0,,
The Upside Down,Stranger Things,2287.0,199.99,0.08744643637953652
Ferrari F40 Competizione,Speed Champions,198.0,14.99,0.07570707070707071
Chevrolet Camaro ZL1 Race Car,Speed Champions,198.0,14.99,0.07570707070707071
McLaren Senna,Speed Champions,219.0,14.99,0.06844748858447489
2018 Dodge Challenger SRT Demon and 1970 Dodge Charger R/T,Speed Champions,478.0,29.99,0.06274058577405857
1967 Mini Cooper S Rally and 2018 MINI John Cooper Works Buggy,Speed Champions,481.0,49.99,0.10392931392931393
1974 Porsche 911 Turbo 3.0,Speed Champions,180.0,14.99,0.08327777777777778
Dilophosaurus on the Loose,Jurassic World,168.0,19.99,0.11898809523809523
Baryonyx Face-Off: The Treasure Hunt,Jurassic World,434.0,59.99,0.13822580645161292
Jurassic Park: T. rex Rampage,Jurassic World,3120.0,249.99,0.080125
Triceratops Rampage,Jurassic World,447.0,59.99,0.13420581655480984
T. rex vs Dino-Mech Battle,Jurassic World,716.0,89.99,0.12568435754189944
Expecto Patronum,Harry Potter,121.0,19.99,0.1652066115702479
Hungarian Horntail Triwizard Challenge,Harry Potter,265.0,29.99,0.11316981132075471
Hagrid's Hut: Buckbeak's Rescue,Harry Potter,496.0,59.99,0.1209475806451613
Hogwarts Clock Tower,Harry Potter,922.0,89.99,0.09760303687635574
The Knight Bus,Harry Potter,403.0,39.99,0.09923076923076923
Beauxbatons' Carriage: Arrival at Hogwarts ,Harry Potter,430.0,49.99,0.11625581395348837
Harry Potter Advent Calendar,Harry Potter,305.0,39.99,0.13111475409836065
The Rise of Voldemort,Harry Potter,184.0,19.99,0.10864130434782608
Tracer vs. Widowmaker,Overwatch,129.0,14.99,0.1162015503875969
Hanzo vs. Genji,Overwatch,197.0,19.99,0.1014720812182741
Dorado Showdown,Overwatch,419.0,29.99,0.07157517899761336
D.Va & Reinhardt,Overwatch,455.0,39.99,0.0878901098901099
Bastion,Overwatch,602.0,49.99,0.08303986710963455
Watchpoint: Gibraltar,Overwatch,730.0,89.99,0.12327397260273971
Wrecking Ball,Overwatch,227.0,19.99,0.08806167400881057
Junkrat & Roadhog,Overwatch,380.0,49.99,0.13155263157894737
Spider-Man Bike Rescue,Marvel Super Heroes,235.0,19.99,0.08506382978723404
Spider-Man's Spider Crawler ,Marvel Super Heroes,418.0,39.99,0.09566985645933015
Spider Mech vs. Venom ,Marvel Super Heroes,604.0,49.99,0.08276490066225166
Batman Batsub and the Underwater Clash,DC Comics Super Heroes,174.0,19.99,0.11488505747126436
Batman Mech vs. Poison Ivy Mech ,DC Comics Super Heroes,375.0,39.99,0.10664
Mr. Freeze Batcycle Battle,DC Comics Super Heroes,200.0,19.99,0.09995
Batmobile: Pursuit of The Joker,DC Comics Super Heroes,342.0,29.99,0.08769005847953217
Batwing and The Riddler Heist,DC Comics Super Heroes,489.0,49.99,0.10222903885480573
Batcave Clayface Invasion,DC Comics Super Heroes,1038.0,99.99,0.09632947976878613
Captain America: Outriders Attack,Marvel Super Heroes,167.0,19.99,0.1197005988023952
War Machine Buster,Marvel Super Heroes,362.0,34.99,0.09665745856353591
Iron Man Hall of Armor,Marvel Super Heroes,524.0,59.99,0.11448473282442749
Avengers Ultimate Quinjet,Marvel Super Heroes,838.0,79.99,0.09545346062052505
Captain Marvel and The Skrull Attack,Marvel Super Heroes,307.0,29.99,0.0976872964169381
Molten Man Battle,Marvel Super Heroes,294.0,29.99,0.10200680272108843
Hydro-Man Attack,Marvel Super Heroes,471.0,39.99,0.08490445859872611
Stark Jet and the Drone Attack,Marvel Super Heroes,504.0,69.99,0.13886904761904761
Avengers Compound Battle,Marvel Super Heroes,699.0,99.99,0.1430472103004292
Spider-Man Car Chase,Marvel Super Heroes,52.0,9.99,0.19211538461538463
Spider-Man: Doc Ock Diamond Heist,Marvel Super Heroes,150.0,29.99,0.19993333333333332
Batman vs. The Riddler Robbery,DC Comics Super Heroes,59.0,9.99,0.16932203389830508
Batman and The Joker Escape,DC Comics Super Heroes,171.0,39.99,0.23385964912280702
1989 Batmobile,DC Comics Super Heroes,3306.0,249.99,0.07561705989110708
Avengers Hulk Helicopter Rescue,Marvel Super Heroes,482.0,59.99,0.12446058091286308
Sith Trooper Bust,Star Wars,484.0,,
Captain Marvel and the Asis,Marvel Super Heroes,271.0,,
The Dark Knight of Gotham City,DC Comics Super Heroes,427.0,,
Chinese New Year's Eve Dinner,Seasonal,615.0,,
Dragon Dance,Seasonal,622.0,,
Dragon Boat Race,Seasonal,643.0,49.99,0.07774494556765163
Koi,FORMA,293.0,,
Shark Skin,FORMA,31.0,,
Splash Koi Skin,FORMA,33.0,,
Ink Koi Skin,FORMA,33.0,,
Boost Hub,Powered Up,1.0,79.99,79.99
Colour & Distance Sensor,Powered Up,1.0,13.99,13.99
Medium Linear Motor,Powered Up,1.0,16.99,16.99
Train Motor,Powered Up,7.0,13.99,1.9985714285714287
Garmadon,Ninjago,4.0,,
Garmadon,Ninjago,4.0,,
Wu,Ninjago,1.0,,
Wu,Ninjago,1.0,,
Kai vs. Wyplash,Ninjago,2.0,,
Bookshop,Creator Expert,2504.0,199.99,0.07986821086261982
Fiat 500,Creator Expert,960.0,89.99,0.09373958333333333
Old Trafford - Manchester United,Creator Expert,3898.0,299.99,0.0769599794766547
Haunted House,Icons,3231.0,299.99,0.09284741566078614
Ghostbusters ECTO-1,Icons,2352.0,239.99,0.10203656462585034
Elf Club House,Icons,1197.0,99.99,0.08353383458646615
Colosseum,Icons,9036.0,549.99,0.060866533864541834
Crocodile Locomotive,Icons,1271.0,99.99,0.07867033831628638
Heart Box,Duplo,80.0,19.99,0.24987499999999999
Brick Box,Duplo,65.0,29.99,0.46138461538461534
Deluxe Brick Box,Duplo,85.0,49.99,0.5881176470588235
Alphabet Truck,Duplo,36.0,24.99,0.6941666666666666
Fire Truck,Duplo,6.0,6.99,1.165
Tow Truck,Duplo,7.0,6.99,0.9985714285714286
Batcave,Duplo,33.0,29.99,0.9087878787878787
Elsa and Olaf's Tea Party,Duplo,17.0,19.99,1.1758823529411764
Super Heroes Lab,Duplo,30.0,29.99,0.9996666666666666
Ariel's Undersea Castle,Duplo,35.0,29.99,0.8568571428571428
Lightning McQueen's Race Day,Duplo,42.0,29.99,0.714047619047619
Playroom,Duplo,17.0,14.99,0.881764705882353
Bedroom,Duplo,16.0,14.99,0.936875
Pizza Stand,Duplo,18.0,9.99,0.555
Bakery,Duplo,46.0,34.99,0.7606521739130435
Modular Playhouse,Duplo,129.0,59.99,0.4650387596899225
Bulldozer,Duplo,10.0,9.99,0.999
Truck & Tracked Excavator,Duplo,20.0,19.99,0.9994999999999999
Wrecking Ball Demolition,Duplo,56.0,59.99,1.07125
Tower Crane & Construction,Duplo,123.0,129.99,1.056829268292683
Creative Animals,Duplo,175.0,59.99,0.3428
Creative Blue Bricks,Classic,52.0,4.99,0.09596153846153846
Creative Green Bricks,Classic,60.0,4.99,0.08316666666666667
Bricks and Houses,Classic,270.0,19.99,0.07403703703703703
Bricks and Lights,Classic,441.0,29.99,0.06800453514739228
White Baseplate,Classic,1.0,7.99,7.99
Bricks and Animals,Classic,1500.0,59.99,0.03999333333333333
Bricks Bricks Plates,Classic,1504.0,69.99,0.046535904255319144
Parts for The LEGO Games Book,Miscellaneous,0.0,,
Parts for Halloween Ideas,Miscellaneous,0.0,,
Parts for Cute Ideas,Miscellaneous,35.0,,
Epic History parts,Miscellaneous,53.0,,
Parts for Jurassic World Build Your Own Adventure,Jurassic World,63.0,,
Parts for City: Build your own Adventure,City,,,
Robot,Creator,45.0,,
Octopus,Creator,63.0,,
Castle,Creator,52.0,,
Frog,Creator,56.0,,
Lunar Lander,Creator,45.0,,
Ant,Creator,25.0,,
Tokyo,Architecture,547.0,59.99,0.1096709323583181
Dubai,Architecture,740.0,59.99,0.08106756756756757
The White House,Architecture,1483.0,99.99,0.06742414025623736
BigFig Creeper and Ocelot,Minecraft,184.0,14.99,0.08146739130434782
BigFig Pig with Baby Zombie,Minecraft,159.0,14.99,0.09427672955974843
The Panda Nursery,Minecraft,204.0,19.99,0.09799019607843136
The Pillager Outpost,Minecraft,303.0,29.99,0.09897689768976897
The Illager Raid,Minecraft,562.0,59.99,0.10674377224199288
The Crafting Box 3.0,Minecraft,564.0,69.99,0.12409574468085105
The Taiga Adventure,Minecraft,74.0,9.99,0.135
The Redstone Battle,Minecraft,504.0,39.99,0.0793452380952381
International Space Station,Ideas,864.0,69.99,0.08100694444444444
Pirates of Barracuda Bay,Ideas,2545.0,199.99,0.07858153241650295
Grand Piano,Ideas,3662.0,399.99,0.10922719825232113
123 Sesame Street,Ideas,1367.0,119.99,0.08777615215801024
My First Giraffe,Duplo,5.0,,
Birthday Cake,Duplo,9.0,,
Monkie Kid's Delivery Bike,Monkie Kid,22.0,,
Lamborghini Huracán Super Trofeo EVO,Speed Champions,70.0,,
Police Car,City,37.0,,
Police Helicopter,City,39.0,,
 Fire Rescue Water Scooter,City,33.0,,
Beach Buggy,City,45.0,4.99,0.1108888888888889
Ocean Diver,City,22.0,,
Super Mushroom Surprise,Super Mario,18.0,4.99,0.27722222222222226
Poe Dameron's X-wing Fighter,Star Wars,72.0,,
The Skeleton Defense,Minecraft,31.0,,
Chocolate Box & Flower,Friends,75.0,4.99,0.06653333333333333
Park Picnic,Friends,44.0,,
Harry Potter and Hedwig: Owl Delivery,Harry Potter,31.0,,
Captain Marvel and Nick Fury,Marvel Super Heroes,32.0,,
Chef Enzo's Haunted Hotdog Stand,Hidden Side,38.0,,
El Fuego's Stunt Cannon,Hidden Side,46.0,,
Combo Charger,Ninjago,71.0,,
Merchant Avatar Jay,Ninjago,47.0,,
 Build Your Own Birds - Make It Yours,Miscellaneous,26.0,,
Build Your Own Vehicles - Make It Yours,Miscellaneous,59.0,,
Easter Bunny,Creator,67.0,4.99,0.0744776119402985
Cinderella Mini Castle,Disney,43.0,,
Poppy's Carriage,Trolls World Tour,51.0,4.99,0.09784313725490197
Mini Frame,Dots,85.0,4.99,0.05870588235294118
Cat,Creator,55.0,,
Train,Creator,59.0,,
Holiday Tree,Creator,70.0,,
Monster Book of Monsters,Harry Potter,320.0,,
Propeller Plane,Creator,128.0,9.99,0.078046875
Sports Car,Creator,134.0,9.99,0.07455223880597014
Monster Truck,Creator,163.0,14.99,0.09196319018404908
Fire Dragon,Creator,234.0,19.99,0.08542735042735042
Rocket Truck,Creator,198.0,19.99,0.10095959595959596
Monster Burger Truck,Creator,499.0,49.99,0.10018036072144289
Townhouse Toy Store,Creator,554.0,39.99,0.07218411552346571
Space Rover Explorer,Creator,510.0,39.99,0.07841176470588236
Caravan Family Holiday,Creator,766.0,69.99,0.09137075718015665
Pirate Ship,Creator,1264.0,119.99,0.09492879746835442
Andy Warhol's Marilyn Monroe,Art,3341.0,119.99,0.035914396887159535
The Beatles,Art,2933.0,119.99,0.04091033071939993
Marvel Studios Iron Man,Art,3167.0,119.99,0.0378875907799179
Star Wars The Sith,Art,3406.0,119.99,0.035229007633587786
Year of the Rat,Seasonal,162.0,,
BYGGLEK,Miscellaneous,201.0,,
LEGO® Trains 40th Anniversary Set,Promotional,188.0,19.99,0.10632978723404254
Easter Egg,Seasonal,239.0,12.99,0.05435146443514644
Police MF Accessory Set,City,42.0,12.99,0.3092857142857143
Fairground Accessory Set,Collectable Minifigures,51.0,12.99,0.25470588235294117
Golden Zane Accessory Set ,Ninjago,73.0,12.99,0.17794520547945206
Sports Accessories,Xtra,36.0,3.99,0.11083333333333334
Botanical Accessories,Xtra,32.0,3.99,0.1246875
Donald Duck,BrickHeadz,90.0,9.99,0.111
Goofy & Pluto,BrickHeadz,214.0,14.99,0.07004672897196262
Valentine's Bear,BrickHeadz,150.0,9.99,0.0666
Easter Sheep,BrickHeadz,192.0,9.99,0.05203125
Monkey King,BrickHeadz,175.0,9.99,0.05708571428571429
Birthday Set,Seasonal,141.0,12.99,0.09212765957446808
Wedding Bride,BrickHeadz,306.0,12.99,0.04245098039215686
Wedding Groom,BrickHeadz,255.0,12.99,0.05094117647058823
LEGO Trophy,Miscellaneous,200.0,12.99,0.06495000000000001
Batman,Brick Sketches,115.0,16.99,0.1477391304347826
First Order Stormtrooper,Brick Sketches,151.0,16.99,0.11251655629139072
LEGOLAND Fire Academy,Promotional,221.0,,
LEGO House Chef,Promotional,8.0,,
Chinese Dragon,Promotional,67.0,,
Valentine Panda,Promotional,53.0,,
Koi Fish,Promotional,33.0,,
Easter Bunny,Promotional,43.0,,
Flowers and Watering Can,Promotional,47.0,,
Bird in a tree,Promotional,37.0,,
Dog and Cat Friendship Day,Promotional,73.0,,
Youth Day Kids,Promotional,63.0,,
Literacy Day Unicorn,Promotional,54.0,,
Teachers Day,Promotional,43.0,,
Kindness Day,Promotional,49.0,,
Human Rights Day Dove,Promotional,50.0,,
Death Star II Battle,Star Wars,235.0,,
Drag Racer,Hidden Side,134.0,12.99,0.09694029850746269
Hot Rod,Promotional,142.0,12.99,0.09147887323943663
Charles Dickens Tribute,Seasonal,333.0,,
Creative Fun 12-in-1,Promotional,240.0,,
Hagrid & Buckbeak,BrickHeadz,270.0,,
Mini Robots,Mindstorms,366.0,,
Monty Mole & Super Mushroom,Super Mario,163.0,,
Ice Skating Rink,Seasonal,304.0,,
Falcon & Black Widow Team-Up,Marvel Super Heroes,60.0,14.99,0.24983333333333332
Hogwarts Students Accessory Set,Harry Potter,53.0,14.99,0.2828301886792453
Frankenstein,BrickHeadz,108.0,9.99,0.0925
Halloween Hayride,Seasonal,148.0,12.99,0.08777027027027028
Winter Snowball Fight,Seasonal,149.0,12.99,0.08718120805369127
Nutcracker,BrickHeadz,180.0,9.99,0.0555
Christmas Wreath 2-in-1,Seasonal,510.0,39.99,0.07841176470588236
The Joker,Brick Sketches,170.0,16.99,0.09994117647058823
LEGOLAND NINJAGO World,Promotional,440.0,,
BB-8,Brick Sketches,171.0,16.99,0.09935672514619882
Lucky Cat,BrickHeadz,134.0,9.99,0.07455223880597014
Extra DOTS - Levi Jeans Confetti Bag,Dots,110.0,,
Build your own Monkey King,Monkie Kid,24.0,,
The Wooden Duck,Promotional,621.0,,
Techno Reef Dance Party,Trolls World Tour,173.0,19.99,0.11554913294797688
Poppy's Pod,Trolls World Tour,103.0,19.99,0.19407766990291261
Poppy's Air Balloon Adventure,Trolls World Tour,250.0,29.99,0.11996
Lonesome Flats Raft Adventure,Trolls World Tour,159.0,29.99,0.18861635220125786
Volcano Rock City Concert,Trolls World Tour,387.0,39.99,0.10333333333333333
Pop Village Celebration,Trolls World Tour,380.0,49.99,0.13155263157894737
Rainbow Caterbus,Trolls World Tour,395.0,39.99,0.10124050632911392
Vibe City Concert,Trolls World Tour,494.0,59.99,0.12143724696356276
Ice Cream Cart,Friends,97.0,9.99,0.10298969072164949
Andrea's Car & Stage,Friends,240.0,19.99,0.08329166666666667
Heartlake City Hair Salon,Friends,235.0,19.99,0.08506382978723404
Nature Glamping,Friends,241.0,29.99,0.12443983402489626
Baking Competition,Friends,361.0,39.99,0.11077562326869807
Heartlake City Hospital,Friends,379.0,49.99,0.13189973614775727
Friendship Bus,Friends,778.0,69.99,0.08996143958868894
Puppy Playground,Friends,57.0,9.99,0.17526315789473684
Juice Truck,Friends,103.0,19.99,0.19407766990291261
Stephanie's House,Friends,170.0,39.99,0.23523529411764707
Andrea's Play Cube - Singer,Friends,49.0,9.99,0.20387755102040817
Stephanie's Play Cube - Baker,Friends,44.0,9.99,0.22704545454545455
Olivia's Play Cube - Researcher,Friends,40.0,9.99,0.24975
Mia's Play Cube - Veterinarian,Friends,36.0,9.99,0.2775
Emma's Play Cube - Photographer,Friends,40.0,9.99,0.24975
Andrea's Play Cube - Pet Shop,Friends,40.0,9.99,0.24975
Stephanie's Play Cube - Beauty Salon,Friends,44.0,9.99,0.22704545454545455
Olivia's Play Cube - Sweet Shop,Friends,47.0,9.99,0.21255319148936172
Mia's Play Cube - Cinema,Friends,37.0,9.99,0.27
Emma's Play Cube - Toy Store,Friends,49.0,9.99,0.20387755102040817
Andrea's Summer Play Cube,Friends,43.0,,
Stephanie's Summer Play Cube,Friends,47.0,,
Olivia's Summer Play Cube,Friends,48.0,,
Mia's Summer Play Cube,Friends,50.0,,
Emma's Summer Play Cube,Friends,46.0,,
Friends Advent Calendar,Friends,236.0,29.99,0.12707627118644066
Baby Elephant Jungle Rescue,Friends,203.0,19.99,0.09847290640394088
Panda Jungle Tree House,Friends,265.0,29.99,0.11316981132075471
Tiger Hot Air Balloon Jungle Rescue,Friends,302.0,39.99,0.13241721854304636
Jungle Rescue Base,Friends,648.0,79.99,0.12344135802469135
Olivia's Flower Garden,Friends,92.0,9.99,0.10858695652173914
Heartlake City Park Café,Friends,224.0,19.99,0.08924107142857142
Emma's Fashion Shop,Friends,343.0,29.99,0.08743440233236151
Beach House,Friends,444.0,49.99,0.11259009009009009
Heartlake City Airplane,Friends,574.0,69.99,0.12193379790940766
Summer Fun Water Park,Friends,1001.0,99.99,0.09989010989010988
 Heartlake City Brick Box,Friends,321.0,39.99,0.12457943925233646
Alpaca Mountain Jungle Rescue,Friends,512.0,59.99,0.11716796875
Party Boat,Friends,640.0,79.99,0.124984375
Andrea's Jungle Play Cube,Friends,47.0,9.99,0.21255319148936172
Stephanie's Jungle Play Cube,Friends,41.0,9.99,0.24365853658536585
Olivia's Jungle Play Cube,Friends,51.0,9.99,0.19588235294117648
Mia's Jungle Play Cube,Friends,43.0,9.99,0.23232558139534884
Emma's Jungle Play Cube,Friends,50.0,,
Rainbow Bracelet,Dots,33.0,4.99,0.15121212121212121
Funky Animals Bracelet,Dots,33.0,4.99,0.15121212121212121
Sparkly Unicorn Bracelet,Dots,33.0,4.99,0.15121212121212121
Cosmic Wonder Bracelet,Dots,33.0,4.99,0.15121212121212121
Animal Picture Holders,Dots,423.0,14.99,0.035437352245862884
Rainbow Jewelry Stand,Dots,213.0,14.99,0.07037558685446009
Pineapple Pencil Holder,Dots,351.0,19.99,0.056951566951566945
Desk Organiser,Dots,405.0,19.99,0.04935802469135802
Extra DOTS - Series 1,Dots,109.0,3.99,0.03660550458715597
Go Team! Bracelet,Dots,33.0,4.99,0.15121212121212121
Love Birds Bracelet,Dots,33.0,4.99,0.15121212121212121
Bracelet Mega Pack,Dots,300.0,24.99,0.0833
Creative Picture Frames,Dots,398.0,19.99,0.05022613065326633
Jewelry Box,Dots,374.0,19.99,0.05344919786096256
Extra DOTS - Series 2,Dots,109.0,3.99,0.03660550458715597
Magic Forest Bracelet,Dots,33.0,4.99,0.15121212121212121
Power Bracelet,Dots,33.0,4.99,0.15121212121212121
Buggy,Technic,117.0,12.99,0.11102564102564103
Mini CLAAS XERION,Technic,130.0,12.99,0.09992307692307692
Dragster,Technic,225.0,19.99,0.08884444444444443
Race Truck,Technic,227.0,19.99,0.08806167400881057
Catamaran,Technic,404.0,49.99,0.12373762376237624
Stunt Show Truck & Bike,Technic,610.0,49.99,0.08195081967213115
Ducati Panigale V4 R,Technic,646.0,79.99,0.1238235294117647
Mobile Crane,Technic,1292.0,99.99,0.07739164086687306
App-Controlled Top Gear Rally Car,Technic,463.0,129.99,0.280755939524838
Dom's Dodge Charger,Technic,1077.0,119.99,0.11141132776230268
Concrete Mixer Truck,Technic,1163.0,119.99,0.10317282889079965
Bell-Boeing V-22 Osprey,Technic,1636.0,,
6x6 Volvo Articulated Hauler,Technic,2193.0,249.99,0.11399452804377565
Lamborghini Sián FKP 37,Technic,3696.0,449.99,0.12175054112554112
Moana's Ocean Adventure,Disney,46.0,9.99,0.21717391304347827
Aurora's Royal Carriage,Disney,62.0,9.99,0.16112903225806452
Mulan's Storybook Adventures,Disney,124.0,19.99,0.16120967741935482
Anna and Elsa's Storybook Adventures,Disney,133.0,19.99,0.15030075187969924
Ariel's Storybook Adventures,Disney,105.0,19.99,0.19038095238095237
Belle's Storybook Adventures,Disney,111.0,19.99,0.18009009009009008
Cinderella's Castle Celebration,Disney,168.0,29.99,0.17851190476190476
Mickey Mouse and Minnie Mouse,Disney,1739.0,179.99,0.10350201265094883
Belle's Castle Winter Celebration,Disney,238.0,49.99,0.2100420168067227
Mulan's Training Grounds,Disney,157.0,29.99,0.19101910828025476
Moana's Island Home,Disney,202.0,29.99,0.14846534653465346
Rapunzel's Tower,Disney,369.0,64.99,0.17612466124661244
Aurora's Forest Cottage,Disney,300.0,39.99,0.1333
Tubes,Education,150.0,169.95,1.133
Letters,Education,130.0,,
My XL World,Education,480.0,284.95,0.5936458333333333
Animals,Education,91.0,,
People,Education,18.0,,
Large Hub,Education,1.0,,
Large Angular Motor,Education,1.0,,
Medium Angular Motor,Education,1.0,,
Distance Sensor,Education,1.0,,
Colour Sensor,Education,1.0,,
Force Sensor,Education,1.0,,
Large hub battery,Education,1.0,,
Micro USB connector cable,Education,1.0,,
SPIKE Prime Set,Education,528.0,399.95,0.7574810606060606
Expansion Set,Education,603.0,104.95,0.17404643449419568
RePLAY Challenge Kit,Education,1634.0,,
PLAYMAKERS Explore Set,Education,779.0,,
PLAYMAKERS Discover Set,Education,76.0,,
Robot Inventor,Mindstorms,949.0,359.99,0.37933614330874604
Police Dog Unit,City,67.0,9.99,0.1491044776119403
Police Highway Arrest,City,185.0,29.99,0.1621081081081081
Police Helicopter Chase,City,212.0,39.99,0.18863207547169814
Police Helicopter Transport,City,317.0,49.99,0.15769716088328076
Police Monster Truck Heist,City,362.0,59.99,0.1657182320441989
Police Station,City,743.0,99.99,0.13457604306864063
Forest Fire,City,84.0,9.99,0.11892857142857143
Fire Helicopter Response,City,93.0,29.99,0.32247311827956987
Street Sweeper,City,89.0,9.99,0.11224719101123595
Mail Plane,City,74.0,9.99,0.135
Monster Truck,City,55.0,9.99,0.18163636363636365
Construction Bulldozer,City,126.0,19.99,0.15865079365079363
Ice-Cream Truck,City,200.0,19.99,0.09995
Race Boat Transporter,City,238.0,29.99,0.12600840336134453
Stunt Team,City,62.0,9.99,0.16112903225806452
Racing Cars,City,190.0,29.99,0.1578421052631579
Service Station,City,354.0,49.99,0.14121468926553674
Tuning Workshop,City,897.0,99.99,0.11147157190635451
Air Race,City,140.0,39.99,0.28564285714285714
Central Airport,City,286.0,59.99,0.20975524475524476
Passenger Airplane,City,669.0,99.99,0.14946188340807173
Ocean Mini-Submarine,City,41.0,9.99,0.24365853658536585
Ocean Exploration Submarine,City,286.0,39.99,0.13982517482517484
Ocean Exploration Base,City,497.0,79.99,0.16094567404426557
Ocean Exploration Ship,City,745.0,149.99,0.2013288590604027
Safari Off-Roader,City,168.0,19.99,0.11898809523809523
City Advent Calendar,City,342.0,29.99,0.08769005847953217
Police Brick Box,City,301.0,39.99,0.13285714285714287
Main Square,City,1517.0,199.99,0.13183256427158868
Elite Police Boat Transport,City,166.0,29.99,0.18066265060240963
Elite Police Driller Chase,City,179.0,29.99,0.16754189944134076
Elite Police Lighthouse Capture,City,189.0,29.99,0.15867724867724867
Super mech pack,Marvel Super Heroes,452.0,,
City 2 in 1 pack,City,129.0,,
City 2 in 1 pack,City,173.0,,
Vehicle Bundle 2 in 1,City,158.0,,
Ultimate Designer Kit,Dots,388.0,,
3-in-1 Bundle Pack,City,377.0,,
Space Bundle 2 in 1,City,286.0,,
Minecraft Bundle 2 in 1,Minecraft,396.0,,
Speed Champions Bundle 2 in 1,Speed Champions,396.0,,
Swing Ride,Promotional,106.0,,
Carousel,Promotional,109.0,,
Ferris Wheel,Promotional,109.0,,
Roller Coaster,Promotional,109.0,,
Welcome to the Hidden Side,Hidden Side,189.0,19.99,0.10576719576719576
Jack's Beach Buggy,Hidden Side,170.0,19.99,0.11758823529411763
El Fuego's Stunt Plane,Hidden Side,295.0,29.99,0.10166101694915254
Newbury Subway,Hidden Side,348.0,29.99,0.08617816091954023
The Lighthouse of Darkness,Hidden Side,540.0,49.99,0.09257407407407407
Haunted Fairground,Hidden Side,466.0,49.99,0.10727467811158799
J.B.'s Submarine,Hidden Side,224.0,19.99,0.08924107142857142
Supernatural Race Car,Hidden Side,244.0,29.99,0.12290983606557376
Newbury Abandoned Prison,Hidden Side,400.0,39.99,0.09997500000000001
Phantom Fire Truck 3000,Hidden Side,760.0,59.99,0.07893421052631579
Mystery Castle,Hidden Side,1035.0,99.99,0.0966086956521739
Spinjitzu Burst - Cole,Ninjago,48.0,9.99,0.208125
Spinjitzu Burst - Kai,Ninjago,48.0,9.99,0.208125
Spinjitzu Burst Lloyd,Ninjago,48.0,9.99,0.208125
LEGO Minifigures - DC Super Heroes Series {Random Bag},Collectable Minifigures,,,
Mister Miracle,Collectable Minifigures,10.0,,
Wonder Woman,Collectable Minifigures,9.0,,
Aquaman,Collectable Minifigures,8.0,,
Stargirl,Collectable Minifigures,9.0,,
Sinestro,Collectable Minifigures,10.0,,
Cheetah,Collectable Minifigures,9.0,,
Superman,Collectable Minifigures,9.0,,
Green Lantern,Collectable Minifigures,9.0,,
Cyborg,Collectable Minifigures,8.0,,
Batman,Collectable Minifigures,10.0,,
Huntress,Collectable Minifigures,10.0,,
Metamorpho,Collectable Minifigures,7.0,,
Joker,Collectable Minifigures,11.0,,
Bumblebee,Collectable Minifigures,10.0,,
Flash,Collectable Minifigures,10.0,,
Bat-Mite,Collectable Minifigures,9.0,4.99,0.5544444444444445
LEGO Minifigures - DC Super Heroes Series - Complete,Collectable Minifigures,148.0,,
LEGO Minifigures - DC Super Heroes Series - Sealed Box,Collectable Minifigures,,,
LEGO Minifigures - Series 20 {Random Bag},Collectable Minifigures,,,
Piñata Boy,Collectable Minifigures,9.0,,
Breakdancer,Collectable Minifigures,8.0,,
Pea Pod Costume Girl,Collectable Minifigures,6.0,,
Tournament Knight,Collectable Minifigures,8.0,,
Pirate Girl,Collectable Minifigures,7.0,,
Space Fan,Collectable Minifigures,10.0,,
Llama Costume Girl,Collectable Minifigures,7.0,4.99,0.7128571428571429
Viking,Collectable Minifigures,9.0,,
Super Warrior,Collectable Minifigures,6.0,,
Martial Arts Boy,Collectable Minifigures,6.0,,
Athlete,Collectable Minifigures,8.0,,
Sea Rescuer,Collectable Minifigures,12.0,,
Brick Costume Guy,Collectable Minifigures,6.0,,
80s Musician,Collectable Minifigures,6.0,,
Pyjama Girl,Collectable Minifigures,6.0,,
Drone Boy,Collectable Minifigures,13.0,,
LEGO Minifigures - Series 20 - Complete,Collectable Minifigures,127.0,,
LEGO Minifigures - Series 20 - Sealed Box,Collectable Minifigures,,,
LEGO Minifigures - Harry Potter Series 2 {Random bag},Collectable Minifigures,,,
Harry Potter,Collectable Minifigures,8.0,,
Albus Dumbledore,Collectable Minifigures,7.0,,
Hermione Granger,Collectable Minifigures,6.0,,
Ron Weasley,Collectable Minifigures,6.0,,
Luna Lovegood,Collectable Minifigures,5.0,,
Griphook,Collectable Minifigures,6.0,,
Lily Potter,Collectable Minifigures,6.0,,
James Potter,Collectable Minifigures,7.0,,
Ginny Weasley,Collectable Minifigures,7.0,,
Fred Weasley,Collectable Minifigures,6.0,,
George Weasley,Collectable Minifigures,6.0,,
Bellatrix Lestrange,Collectable Minifigures,7.0,,
Kingsley Shacklebolt,Collectable Minifigures,7.0,,
Moaning Myrtle,Collectable Minifigures,6.0,,
Professor Pomona Sprout,Collectable Minifigures,8.0,,
Neville Longbottom,Collectable Minifigures,8.0,,
LEGO Minifigures - Harry Potter Series 2 - Complete,Collectable Minifigures,106.0,,
LEGO Minifigures - Harry Potter Series 2 - Sealed Box,Collectable Minifigures,,4.99,
Adventures with Mario,Super Mario,231.0,59.99,0.2596969696969697
Character Pack Series 1 {Random bag},Super Mario,,,
Paragoomba,Super Mario,,,
Fuzzy,Super Mario,,,
Spiny,Super Mario,,,
Buzzy Beetle,Super Mario,,,
Bullet Bill,Super Mario,,,
Bob-omb,Super Mario,,,
Eep Cheep,Super Mario,,,
Blooper,Super Mario,,,
Urchin,Super Mario,,,
Peepa,Super Mario,,4.99,
Character Pack Series 1 - Complete,Super Mario,0.0,,
Character Pack Series 1 - Sealed Box,Super Mario,,4.99,
Guarded Fortress,Super Mario,468.0,49.99,0.10681623931623932
Desert Pokey,Super Mario,180.0,19.99,0.11105555555555555
Whomp's Lava Trouble,Super Mario,133.0,19.99,0.15030075187969924
Piranha Plant Power Slide,Super Mario,217.0,29.99,0.13820276497695852
Boomer Bill Barrage,Super Mario,132.0,29.99,0.22719696969696968
Mario's House & Yoshi,Super Mario,205.0,29.99,0.14629268292682926
Toad's Treasure Hunt,Super Mario,464.0,69.99,0.1508405172413793
Bowser's Castle Boss Battle,Super Mario,1010.0,99.99,0.09899999999999999
Fire Mario Power-Up Pack ,Super Mario,11.0,9.99,0.9081818181818182
Propeller Mario Power-Up Pack,Super Mario,13.0,9.99,0.7684615384615385
Cat Mario Power-Up Pack,Super Mario,11.0,9.99,0.9081818181818182
Builder Mario Power-Up Pack,Super Mario,10.0,9.99,0.999
Nintendo Entertainment System,Super Mario,2646.0,269.99,0.10203703703703704
Thwomp Drop,Super Mario,393.0,39.99,0.1017557251908397
King Boo and the Haunted Yard,Super Mario,431.0,49.99,0.1159860788863109
Thunder Raider,Ninjago,576.0,49.99,0.08678819444444445
Jungle Raider,Ninjago,127.0,9.99,0.07866141732283465
Kai's Fire Dragon,Ninjago,81.0,19.99,0.2467901234567901
Golden Mech,Ninjago,489.0,39.99,0.08177914110429449
Storm Fighter Battle,Ninjago,165.0,29.99,0.18175757575757576
Kai Fighter,Ninjago,513.0,39.99,0.07795321637426901
Destiny's Bounty,Ninjago,1781.0,129.99,0.07298708590679394
Cole's Speeder Car,Ninjago,52.0,9.99,0.19211538461538463
Kai's Mech Jet,Ninjago,217.0,19.99,0.09211981566820276
Gamer's Market,Ninjago,218.0,29.99,0.13756880733944954
Jay and Lloyd's Velocity Racers,Ninjago,322.0,29.99,0.09313664596273291
Ninja Tuner Car,Ninjago,419.0,39.99,0.09544152744630072
Jay's Cyber Dragon,Ninjago,518.0,49.99,0.09650579150579151
Empire Temple of Madness,Ninjago,810.0,79.99,0.09875308641975308
Empire Dragon,Ninjago,286.0,29.99,0.10486013986013985
Kai Avatar - Arcade Pod,Ninjago,49.0,9.99,0.20387755102040817
Jay Avatar - Arcade Pod,Ninjago,47.0,9.99,0.21255319148936172
Lloyd Avatar - Arcade Pod,Ninjago,48.0,9.99,0.208125
Journey to the Skull Dungeons,Ninjago,401.0,29.99,0.07478802992518703
Wu's Battle Dragon,Ninjago,321.0,19.99,0.06227414330218068
Zane's Mino Creature,Ninjago,616.0,49.99,0.0811525974025974
Fire Stone Mech,Ninjago,968.0,69.99,0.07230371900826446
Skull Sorcerer's Dragon,Ninjago,1016.0,79.99,0.07873031496062992
Skull Sorcerer's Dungeons,Ninjago,1171.0,99.99,0.08538855678906916
Resistance Y-wing Microfighter,Star Wars,86.0,9.99,0.11616279069767442
Kylo Ren's Shuttle Microfighter,Star Wars,72.0,9.99,0.13875
T-16 Skyhopper vs Bantha Microfighters,Star Wars,198.0,19.99,0.10095959595959596
Sith Troopers Battle Pack,Star Wars,105.0,14.99,0.14276190476190476
Mandalorian Battle Pack,Star Wars,102.0,14.99,0.1469607843137255
Snowspeeder,Star Wars,91.0,19.99,0.21967032967032965
Duel on Mustafar ,Star Wars,208.0,19.99,0.09610576923076922
Obi-Wan's Hut,Star Wars,200.0,29.99,0.14995
Luke Skywalker's Landspeeder,Star Wars,236.0,29.99,0.12707627118644066
Sith TIE Fighter,Star Wars,470.0,79.99,0.17019148936170211
Poe Dameron's X-wing Fighter,Star Wars,761.0,89.99,0.11825229960578186
TIE Fighter Pilot Helmet,Star Wars,724.0,59.99,0.08285911602209944
A-wing Starfighter,Star Wars,1673.0,199.99,0.1195397489539749
Stormtrooper Helmet,Star Wars,647.0,59.99,0.09272024729520865
Boba Fett Helmet,Star Wars,625.0,59.99,0.095984
D-O,Star Wars,519.0,69.99,0.13485549132947977
Star Wars Advent Calendar,Star Wars,311.0,39.99,0.12858520900321543
501st Legion Clone Troopers,Star Wars,285.0,29.99,0.10522807017543859
Anakin's Jedi Interceptor,Star Wars,248.0,29.99,0.12092741935483871
Armored Assault Tank (AAT),Star Wars,286.0,39.99,0.13982517482517484
Knights of Ren Transport Ship,Star Wars,595.0,69.99,0.11763025210084033
General Grievous's Starfighter,Star Wars,487.0,79.99,0.16425051334702256
AT-AT,Star Wars,1267.0,169.99,0.13416732438831888
Mos Eisley Cantina,Star Wars,3187.0,399.99,0.1255067461562598
Death Star Final Duel,Star Wars,775.0,99.99,0.12901935483870966
The Razor Crest,Star Wars,1023.0,139.99,0.13684261974584555
Resistance I-TS Transport,Star Wars,932.0,99.99,0.10728540772532189
Bespin Duel,Star Wars,295.0,,
The Mandalorian & The Child,BrickHeadz,295.0,19.99,0.06776271186440677
The Child,Star Wars,1073.0,89.99,0.08386766076421248
Unstoppable Bike Chase,Minions: The Rise of Gru,136.0,19.99,0.14698529411764705
Brick-built Minions and their Lair,Minions: The Rise of Gru,876.0,49.99,0.057066210045662105
Dr. Wu's Lab: Baby Dinosaurs Breakout,Jurassic World,164.0,19.99,0.12189024390243902
Gallimimus and Pteranodon Breakout,Jurassic World,391.0,49.99,0.12785166240409207
Indominus rex vs. Ankylosaurus,Jurassic World,537.0,99.99,0.18620111731843575
Velociraptor: Biplane Rescue Mission,Jurassic World,101.0,29.99,0.2969306930693069
Hogwarts Room of Requirement,Harry Potter,193.0,19.99,0.10357512953367874
Forbidden Forest: Umbridge's Encounter,Harry Potter,253.0,29.99,0.11853754940711461
4 Privet Drive,Harry Potter,797.0,79.99,0.10036386449184441
Hogwarts Astronomy Tower,Harry Potter,971.0,99.99,0.10297631307929969
Diagon Alley,Harry Potter,5544.0,449.99,0.08116702741702742
Hedwig,Harry Potter,630.0,39.99,0.06347619047619048
Attack on the Burrow,Harry Potter,1047.0,99.99,0.09550143266475644
Harry Potter Advent Calendar,Harry Potter,335.0,39.99,0.11937313432835822
Iron Man Mech,Marvel Super Heroes,148.0,9.99,0.0675
Thanos Mech,Marvel Super Heroes,152.0,9.99,0.06572368421052632
Avengers Speeder Bike Attack,Marvel Super Heroes,226.0,19.99,0.08845132743362831
Avengers Truck Take-down,Marvel Super Heroes,477.0,39.99,0.08383647798742139
Spider-Man Mech,Marvel Super Heroes,152.0,9.99,0.06572368421052632
Vulture's Trucker Robbery,Marvel Super Heroes,93.0,19.99,0.21494623655913978
Spider-Man vs. Doc Ock,Marvel Super Heroes,234.0,19.99,0.08542735042735042
The Menace of Mysterio,Marvel Super Heroes,163.0,29.99,0.1839877300613497
Police Station,Icons,2923.0,199.99,0.06841943209031817
Volkswagen T2 Camper Van,Icons,2207.0,179.99,0.08155414589941097
Flower Bouquet,Icons,756.0,59.99,0.07935185185185185
Bonsai Tree,Icons,878.0,49.99,0.056936218678815494
Adidas Originals Superstar,Icons,731.0,79.99,0.10942544459644322
Adidas Originals Superstar X Footshop 'Blueprinting',Icons,,79.99,
NASA Space Shuttle Discovery,Icons,2354.0,199.99,0.08495751911639762
Camp Nou - FC Barcelona,Icons,5509.0,349.99,0.0635305863133055
Bird of Paradise,Icons,1173.0,99.99,0.08524296675191816
Pickup Truck,Icons,1677.0,129.99,0.0775134168157424
Queer Eye – The Fab 5 Loft,Icons,974.0,99.99,0.10265913757700205
The Friends Apartments,Icons,2048.0,179.99,0.0878857421875
Santa's Visit,Icons,1445.0,99.99,0.06919723183391004
Titanic,Icons,9090.0,679.99,0.0748063806380638
Porsche 911,Icons,1458.0,169.99,0.11659122085048011
Mickey Mouse's Propeller Plane,Disney,59.0,9.99,0.16932203389830508
Minnie Mouse's Ice Cream Shop,Disney,100.0,19.99,0.1999
Mickey Mouse & Minnie Mouse's Space Rocket,Disney,88.0,19.99,0.2271590909090909
Mickey Mouse & Donald Duck's Farm,Disney,118.0,29.99,0.2541525423728813
Mickey & Friends Fire Truck & Station,Disney,144.0,39.99,0.27770833333333333
T. rex and Triceratops Dinosaur Breakout,Duplo,36.0,29.99,0.8330555555555555
Spider-Man Headquarters,Duplo,36.0,29.99,0.8330555555555555
Mickey & Minnie Birthday Train,Duplo,22.0,29.99,1.363181818181818
Minnie's House and Cafe,Duplo,91.0,49.99,0.5493406593406593
Happy Childhood Moments,Duplo,227.0,99.99,0.44048458149779735
Space Shuttle Mission,Duplo,23.0,19.99,0.8691304347826087
Garbage Truck and Recycling,Duplo,19.0,19.99,1.0521052631578947
Family Camping Van Adventure,Duplo,30.0,29.99,0.9996666666666666
Race Cars,Duplo,44.0,49.99,1.1361363636363637
Parking Garage and Car Wash,Duplo,112.0,99.99,0.8927678571428571
Farm Animal Care,Duplo,11.0,9.99,0.9081818181818182
Farm Tractor & Animal Care,Duplo,27.0,19.99,0.7403703703703703
Horse Stable and Pony Care,Duplo,65.0,29.99,0.46138461538461534
"Barn, Tractor & Farm Animal Care",Duplo,97.0,59.99,0.6184536082474227
Unicorn,Duplo,8.0,9.99,1.24875
Number Train - Learn To Count,Duplo,23.0,19.99,0.8691304347826087
Animal Train,Duplo,15.0,19.99,1.3326666666666667
Amusement Park,Duplo,95.0,109.99,1.1577894736842105
Fire Helicopter & Police Car,Duplo,14.0,9.99,0.7135714285714286
Creative Birthday Party,Duplo,200.0,59.99,0.29995
Airplane & Airport,Duplo,28.0,29.99,1.0710714285714285
Creative White Bricks,Classic,60.0,4.99,0.08316666666666667
Creative Transparent Bricks,Classic,500.0,29.99,0.05998
Bricks and Wheels,Classic,653.0,39.99,0.061240428790199086
Around the World,Classic,950.0,49.99,0.05262105263157895
Creative Building Bricks,Classic,1200.0,49.99,0.04165833333333333
Skull,Creator,39.0,,
Steam Locomotive,Creator,38.0,,
Penguin,Creator,48.0,,
Time Machine,Creator,39.0,,
Carnivorous Plant,Creator,43.0,,
Parrot,Creator,44.0,,
Racing Car,Creator,34.0,,
Orangutan,Creator,51.0,,
Wind Energy,Creator,38.0,,
Gecko,Creator,36.0,,
UFO,Creator,40.0,,
Lion,Creator,47.0,,
Parts for Super Nature,Miscellaneous,51.0,,
Parts for {LEGO Build Book},Miscellaneous,32.0,,
Taj Mahal,Architecture,2022.0,119.99,0.05934223541048467
The Coral Reef,Minecraft,92.0,9.99,0.10858695652173914
The Bee Farm,Minecraft,238.0,19.99,0.08399159663865545
The 'Abandoned' Mine,Minecraft,248.0,19.99,0.08060483870967741
The Trading Post,Minecraft,201.0,19.99,0.09945273631840795
The Warped Forest,Minecraft,287.0,29.99,0.10449477351916375
The First Adventure,Minecraft,542.0,69.99,0.12913284132841327
The Pig House,Minecraft,490.0,49.99,0.10202040816326531
The Horse Stable,Minecraft,241.0,19.99,0.0829460580912863
The Ruined Portal,Minecraft,316.0,29.99,0.09490506329113924
The Sky Tower,Minecraft,565.0,59.99,0.10617699115044248
The Modern Treehouse,Minecraft,909.0,119.99,0.132002200220022
The Jungle Abomination,Minecraft,489.0,39.99,0.08177914110429449
Art Project - Create Together,Art,4138.0,119.99,0.028997100048332527
Medieval Blacksmith,Ideas,2164.0,179.99,0.08317467652495379
Winnie the Pooh,Ideas,1265.0,99.99,0.07904347826086956
Typewriter,Ideas,2079.0,249.99,0.12024531024531025
Seinfeld,Ideas,1326.0,79.99,0.060324283559577675
Fender Stratocaster,Ideas,1074.0,119.99,0.11172253258845437
Home Alone,Ideas,3955.0,299.99,0.07585082174462705
The Nether Duel,Minecraft,28.0,,
My First Space Rocket,Duplo,8.0,,
McLaren Elva,Speed Champions,85.0,,
Mini Monkey King Warrior Mech,Monkie Kid,65.0,,
Bob Minion with Robot Arms,Minions: The Rise of Gru,75.0,4.99,0.06653333333333333
Imperial Shuttle,Star Wars,85.0,,
Fuzzy & Mushroom Platform,Super Mario,39.0,,
Rapunzel's Boat,Disney,32.0,,
Hermione's Study Desk,Harry Potter,31.0,,
Flower Cart,Friends,55.0,,
Emma's Magical Box,Friends,67.0,,
Shang-Chi and The Great Protector,Marvel Super Heroes,55.0,,
Helicopter,Technic,70.0,,
Lloyd's Quad Bike,Ninjago,39.0,,
Photo Holder Cube,Dots,109.0,,
Raya and the Ongi's Heart Lands Adventure,Disney,49.0,,
Build Your Own Snail with Superpowers - Make It Yours,Miscellaneous,36.0,,
Build Your Own Monster or Vehicles – Make It Yours,Miscellaneous,60.0,,
Birthday Clown,Creator,59.0,,
Fire Helicopter,City,35.0,,
Police Water Scooter,City,33.0,,
Skater,City,40.0,,
LEGO Stand,City,47.0,,
Wildlife Rescue Hovercraft,City,35.0,,
Super Muscle Car,Creator,63.0,,
German Shepherd,Creator,76.0,,
Easter Chick Egg,Creator,52.0,,
Santa Claus,Creator,69.0,,
Titanium Mini Mech,Ninjago,77.0,,
Cyber Drone,Creator,113.0,9.99,0.0884070796460177
Wild Lion,Creator,224.0,14.99,0.06691964285714286
Race Car Transporter,Creator,328.0,19.99,0.06094512195121951
Superbike,Creator,236.0,19.99,0.08470338983050847
Space Mining Mech,Creator,327.0,24.99,0.07642201834862385
Safari Wildlife Tree House,Creator,397.0,29.99,0.07554156171284634
Space Shuttle Adventure,Creator,486.0,39.99,0.08228395061728395
Surfer Beach House,Creator,564.0,49.99,0.08863475177304965
Ferris Wheel,Creator,1002.0,79.99,0.07983033932135727
Medieval Castle,Creator,1426.0,99.99,0.07011921458625525
Crocodile,Creator,454.0,29.99,0.06605726872246696
Fish Tank,Creator,352.0,29.99,0.08519886363636363
Harry Potter Hogwarts Crests,Art,4249.0,119.99,0.02823958578489056
Disney's Mickey Mouse,Art,2658.0,119.99,0.045142964635063954
World Map,Art,11695.0,249.99,0.02137580162462591
Year of the Ox,Seasonal,168.0,,
"Gru, Stuart and Otto",BrickHeadz,244.0,19.99,0.08192622950819671
"Belle Bottom, Kevin and Bob",BrickHeadz,309.0,19.99,0.0646925566343042
German Shepherds,BrickHeadz,247.0,14.99,0.06068825910931174
Shorthair Cats,BrickHeadz,250.0,14.99,0.05996
Goldfish,BrickHeadz,186.0,14.99,0.08059139784946237
Budgies,BrickHeadz,261.0,14.99,0.05743295019157088
Vintage Car,Ideas,189.0,,
Easter Bunny's Carrot House,Seasonal,232.0,,
Amelia Earhart Tribute,Promotional,200.0,,
Tatooine Homestead,Star Wars,217.0,,
Hogwarts Gryffindor Dorms,Harry Potter,148.0,,
Batman vs. The Penguin & Harley Quinn,DC Comics Super Heroes,63.0,14.99,0.23793650793650795
Spider-Man versus Venom and Iron Venom,Marvel Super Heroes,63.0,14.99,0.23793650793650795
Mickey Mouse,Brick Sketches,118.0,16.99,0.1439830508474576
Minnie Mouse,Brick Sketches,140.0,16.99,0.12135714285714284
LEGO House Chef,Promotional,,,
Roses,Creator,120.0,12.99,0.10825
Tulips,Creator,111.0,9.99,0.09
Valentine's Brown Bear,Seasonal,245.0,14.99,0.06118367346938776
Easter Bunny,Seasonal,293.0,14.99,0.05116040955631399
Chinatown,Xtra,35.0,3.99,0.114
Food,Xtra,36.0,3.99,0.11083333333333334
Chinese New Year Pandas,BrickHeadz,249.0,19.99,0.08028112449799196
Yellow Taxi,Creator,124.0,9.99,0.08056451612903226
Tuk Tuk,Creator,155.0,9.99,0.0644516129032258
Monkie Kid's RC Race,Monkie Kid,57.0,12.99,0.22789473684210526
LEGOLAND Water Park,Promotional,360.0,,
Daisy Duck,BrickHeadz,110.0,9.99,0.09081818181818183
"Scrooge McDuck, Huey, Dewey & Louie",BrickHeadz,340.0,24.99,0.0735
Mini Disney Castle,Disney,567.0,39.99,0.07052910052910054
Dalmatians,BrickHeadz,252.0,14.99,0.059484126984126987
Ginger Tabby,BrickHeadz,269.0,14.99,0.05572490706319703
Cockatiel,BrickHeadz,219.0,14.99,0.06844748858447489
Hamster,BrickHeadz,243.0,14.99,0.06168724279835391
Luke Skywalker's Lightsaber,Star Wars,173.0,,
Santa's Front Yard,Seasonal,317.0,,
FC Barcelona Celebration,Icons,178.0,,
Mini Adidas Originals Superstar,Icons,92.0,,
Sailboat Adventure,Ideas,330.0,,
Coffee Cart,Creator,149.0,,
Mr. and Mrs. Claus' Living Room,Seasonal,344.0,,
Ninjago 10th Anniversary BrickHeadz,BrickHeadz,406.0,29.99,0.07386699507389162
La Catrina,BrickHeadz,141.0,9.99,0.07085106382978723
Spider & Haunted House Pack,Seasonal,132.0,,
Polar Bear & Gift Pack,Seasonal,142.0,9.99,0.07035211267605634
"Harry, Hermione, Ron & Hagrid",BrickHeadz,466.0,24.99,0.05362660944206008
"Voldemort, Nagini & Bellatrix",BrickHeadz,344.0,24.99,0.0726453488372093
Halloween Owl,Seasonal,228.0,14.99,0.06574561403508772
Christmas Penguin,Seasonal,244.0,14.99,0.0614344262295082
Santa's Sleigh,Seasonal,343.0,39.99,0.11658892128279884
Wizarding World Minifigure Accessory Set,Harry Potter,33.0,14.99,0.4542424242424242
The Brick Moulding Machine,Promotional,1205.0,,
Kung Fu Training,Minions: The Rise of Gru,54.0,14.99,0.2775925925925926
Fun and Funky VIP Add On Pack,Miscellaneous,148.0,,
Spooky VIP Add On Pack,Miscellaneous,119.0,,
Winter Wonderland VIP Add On Pack,Miscellaneous,139.0,,
Everyone is Awesome,Icons,346.0,34.99,0.10112716763005782
Cat Grooming Car,Friends,60.0,9.99,0.1665
Heartlake City Bakery,Friends,99.0,19.99,0.20191919191919191
Horse Training and Trailer,Friends,148.0,29.99,0.20263513513513512
Vet Clinic Rescue Buggy,Friends,100.0,9.99,0.0999
Olivia's Electric Car,Friends,183.0,14.99,0.08191256830601093
Heartlake City Organic Cafe,Friends,314.0,29.99,0.09550955414012738
Vet Clinic Ambulance,Friends,304.0,29.99,0.09865131578947368
Heartlake City Vet Clinic,Friends,258.0,39.99,0.155
Heartlake City Park,Friends,432.0,39.99,0.09256944444444445
Heartlake City Movie Theatre,Friends,451.0,49.99,0.11084257206208425
Andrea's Family House,Friends,802.0,69.99,0.08726932668329176
Heartlake City Shopping Mall,Friends,1032.0,99.99,0.09688953488372093
Olivia's Flamingo Cube,Friends,41.0,9.99,0.24365853658536585
Emma's Dalmatian Cube,Friends,41.0,9.99,0.24365853658536585
Mia's Pug Cube,Friends,40.0,9.99,0.24975
Stephanie's Cat Cube,Friends,46.0,9.99,0.21717391304347827
Andrea's Bunny Cube,Friends,45.0,9.99,0.222
Olivia's Gaming Cube,Friends,64.0,9.99,0.15609375
Emma's Fashion Cube,Friends,58.0,9.99,0.17224137931034483
Mia's Soccer Cube,Friends,56.0,9.99,0.17839285714285716
Stephanie's Ballet Cube,Friends,60.0,9.99,0.1665
Andrea's Swimming Cube,Friends,59.0,9.99,0.16932203389830508
Forest Waterfall,Friends,93.0,9.99,0.10741935483870968
Forest House,Friends,326.0,29.99,0.09199386503067485
Forest Camper Van and Sailboat,Friends,487.0,49.99,0.10264887063655032
Heartlake City School,Friends,605.0,59.99,0.09915702479338843
Forest Horseback Riding Center,Friends,511.0,69.99,0.13696673189823874
Heartlake City Grand Hotel,Friends,1308.0,99.99,0.07644495412844036
Magical Funfair Roller Coaster,Friends,974.0,99.99,0.10265913757700205
Magical Acrobatics,Friends,223.0,19.99,0.08964125560538116
Magical Funfair Stalls,Friends,361.0,29.99,0.0830747922437673
Magical Caravan,Friends,348.0,39.99,0.11491379310344828
Magical Ferris Wheel and Slide,Friends,545.0,59.99,0.11007339449541285
Friends Advent Calendar,Friends,370.0,29.99,0.08105405405405405
Doggy Day Care,Friends,221.0,19.99,0.0904524886877828
Vet Clinic Rescue Helicopter,Friends,249.0,19.99,0.08028112449799196
Surfer Beachfront,Friends,685.0,69.99,0.10217518248175182
Mermaid Vibes Bracelets,Dots,34.0,5.99,0.1761764705882353
Ice Cream Besties Bracelets,Dots,34.0,5.99,0.1761764705882353
Adventure Bracelets,Dots,34.0,5.99,0.1761764705882353
Extra DOTS - Series 3,Dots,107.0,3.99,0.03728971962616823
Cool Cactus Bracelet,Dots,33.0,4.99,0.15121212121212121
Monster Bracelets,Dots,34.0,5.99,0.1761764705882353
Secret Holder,Dots,451.0,19.99,0.04432372505543237
Secret Boxes,Dots,273.0,14.99,0.05490842490842491
Creative Party Kit,Dots,622.0,24.99,0.04017684887459807
Bag Tag Dog,Dots,84.0,6.99,0.08321428571428571
Bag Tag Narwhal,Dots,85.0,6.99,0.08223529411764706
Bag Tag Leopard,Dots,84.0,6.99,0.08321428571428571
Bag Tag Panda,Dots,84.0,6.99,0.08321428571428571
Extra DOTS - Series 4,Dots,105.0,3.99,0.038
Extra DOTS - Series 5,Dots,120.0,3.99,0.03325
Music Bracelet,Dots,33.0,4.99,0.15121212121212121
Starlight Bracelets,Dots,34.0,5.99,0.1761764705882353
Lots of DOTS,Dots,1040.0,19.99,0.019221153846153846
Pencil Holder,Dots,321.0,19.99,0.06227414330218068
Multi Pack - Summer Vibes,Dots,441.0,29.99,0.06800453514739228
Creative Designer Box,Dots,849.0,39.99,0.04710247349823322
Bag Tag Dragon,Dots,82.0,6.99,0.0852439024390244
Bag Tag Unicorn,Dots,80.0,6.99,0.08737500000000001
Skid Steer Loader,Technic,140.0,9.99,0.07135714285714286
Race Plane,Technic,145.0,9.99,0.06889655172413793
Monster Jam Grave Digger,Technic,212.0,19.99,0.09429245283018867
Monster Jam Max-D,Technic,230.0,19.99,0.08691304347826086
Rescue Hovercraft,Technic,457.0,29.99,0.06562363238512035
Heavy Duty Excavator,Technic,569.0,39.99,0.07028119507908612
Jeep Wrangler,Technic,665.0,49.99,0.07517293233082707
McLaren Senna GTR,Technic,830.0,49.99,0.0602289156626506
Off-Road Buggy,Technic,374.0,129.99,0.3475668449197861
Ferrari 488 GTE 'AF Corse #51',Technic,1677.0,199.99,0.11925462134764461
Ford F-150 Raptor,Technic,1379.0,99.99,0.07250906453952138
Heavy-Duty Tow Truck,Technic,2017.0,159.99,0.07932077342588002
4x4 Mercedes-Benz Zetros Trial Truck,Technic,2110.0,329.99,0.15639336492890996
Cat D11 Bulldozer,Technic,3854.0,499.99,0.12973274519979242
Bandmates Series 1 {Random box},Vidiyo,,,
Ice Cream Saxophonist,Vidiyo,9.0,,
Samurapper,Vidiyo,11.0,,
Shark Singer,Vidiyo,9.0,,
DJ Cheetah,Vidiyo,10.0,,
Genie Dancer,Vidiyo,10.0,,
 Discowboy,Vidiyo,10.0,,
Red Panda Dancer,Vidiyo,10.0,,
Banshee Singer,Vidiyo,11.0,,
Alien Keytarist,Vidiyo,10.0,,
Cotton Candy Cheerleader,Vidiyo,11.0,,
Bunny Dancer,Vidiyo,9.0,,
Werewolf Drummer,Vidiyo,11.0,,
Bandmates Series 1 - Complete,Vidiyo,121.0,,
Bandmates Series 1 - Sealed Box,Vidiyo,,4.99,
Candy Mermaid BeatBox,Vidiyo,71.0,19.99,0.2815492957746479
Punk Pirate BeatBox,Vidiyo,73.0,19.99,0.27383561643835613
Alien DJ BeatBox,Vidiyo,73.0,19.99,0.27383561643835613
Party Llama BeatBox,Vidiyo,82.0,19.99,0.24378048780487804
Unicorn DJ BeatBox,Vidiyo,84.0,19.99,0.23797619047619045
HipHop Robot BeatBox,Vidiyo,73.0,19.99,0.27383561643835613
Bandmates Series 2 {Random box},Vidiyo,,,
Alien Dancer,Vidiyo,12.0,,
Discowgirl Guitarist,Vidiyo,13.0,,
DJ Rasp-Beary,Vidiyo,10.0,,
Dragon Guitarist,Vidiyo,13.0,,
Karaoke Mermaid,Vidiyo,12.0,,
DJ Captain,Vidiyo,11.0,,
Puppy Singer,Vidiyo,11.0,,
DJ Beatbox,Vidiyo,10.0,,
Slime Singer,Vidiyo,12.0,,
Carnival Dancer,Vidiyo,12.0,,
Vampire Bassist,Vidiyo,12.0,,
Zombie Dancer,Vidiyo,12.0,,
Bandmates Series 2 - Complete,Vidiyo,140.0,,
Bandmates Series 2 - Sealed Box,Vidiyo,,4.99,
Metal Dragon BeatBox,Vidiyo,86.0,19.99,0.23244186046511625
Folk Fairy BeatBox,Vidiyo,89.0,19.99,0.2246067415730337
Candy Castle Stage,Vidiyo,344.0,29.99,0.08718023255813953
Robo HipHop Car,Vidiyo,387.0,29.99,0.07749354005167958
K-Pawp Concert,Vidiyo,514.0,49.99,0.0972568093385214
Punk Pirate Ship,Vidiyo,615.0,59.99,0.09754471544715447
The Boombox,Vidiyo,996.0,99.99,0.10039156626506024
Raya and the Heart Palace,Disney,610.0,79.99,0.1311311475409836
Raya and Sisu Dragon,Disney,216.0,29.99,0.13884259259259257
Boun's Boat,Disney,247.0,49.99,0.20238866396761135
Bruni the Salamander Buildable Character,Disney,96.0,12.99,0.1353125
Elsa and the Nokk Storybook Adventures,Disney,125.0,19.99,0.15991999999999998
Ariel's Celebration Boat,Disney,114.0,29.99,0.26307017543859645
Cinderella's Royal Carriage,Disney,237.0,39.99,0.16873417721518988
"Ariel, Belle, Cinderella and Tiana's Storybook Adventures",Disney,130.0,24.99,0.1922307692307692
Anna and Elsa's Frozen Wonderland,Disney,154.0,44.99,0.29214285714285715
Belle and Rapunzel's Royal Stables,Disney,239.0,49.99,0.209163179916318
Belle and the Beast's Castle,Disney,505.0,89.99,0.1781980198019802
The Ice Castle,Disney,1709.0,219.99,0.12872440023405501
Antonio's Magical Door,Disney,99.0,19.99,0.20191919191919191
Isabela's Magical Door,Disney,114.0,19.99,0.17535087719298245
The Madrigal House,Disney,587.0,49.99,0.0851618398637138
SPIKE Essential Set,Education,442.0,319.95,0.723868778280543
BricQ Motion Prime,Education,562.0,133.95,0.23834519572953736
BricQ Motion Essential,Education,523.0,133.95,0.25611854684512425
Small Angular Motor,Education,1.0,,
3×3 Color Light Matrix,Education,1.0,,
Small Hub,Education,2.0,214.95,107.475
Small Hub Battery,Education,1.0,69.95,69.95
Spike Prime Expansion Set (v2),Education,604.0,133.95,0.22177152317880794
CARGO CONNECT Challenge Kit,Education,1920.0,,
CARGO CONNECT Explore Set,Education,885.0,,
CARGO CONNECT Discover Set,Education,77.0,,
Police Helicopter,City,51.0,9.99,0.19588235294117648
Police Prisoner Transport,City,244.0,29.99,0.12290983606557376
Police Patrol Boat,City,276.0,59.99,0.21735507246376812
Crook's Hideout Raid,City,654.0,,
Fire Hazard Truck,City,87.0,9.99,0.11482758620689655
Fire Ladder Truck,City,88.0,29.99,0.3407954545454545
Fire Rescue Helicopter,City,212.0,39.99,0.18863207547169814
Fire Command Unit,City,380.0,59.99,0.15786842105263157
Holiday Camper Van,City,190.0,19.99,0.10521052631578946
Roadwork Truck,City,58.0,9.99,0.17224137931034483
Sports Car,City,89.0,9.99,0.11224719101123595
Beach Rescue ATV,City,79.0,9.99,0.12645569620253164
Tractor,City,148.0,19.99,0.13506756756756755
Race Buggy Transporter,City,210.0,19.99,0.09519047619047619
Airshow Jet Transporter,City,281.0,29.99,0.10672597864768683
Skate Park,City,195.0,39.99,0.20507692307692307
Family House,City,388.0,59.99,0.15461340206185567
Town Center,City,790.0,99.99,0.12656962025316454
Stunt Park,City,170.0,39.99,0.23523529411764707
Stunt Show Truck,City,420.0,69.99,0.16664285714285712
Stunt Show Arena,City,668.0,99.99,0.14968562874251495
Wheelie Stunt Bike,City,14.0,7.99,0.5707142857142857
Demolition Stunt Bike,City,12.0,7.99,0.6658333333333334
Rocket Stunt Bike,City,14.0,7.99,0.5707142857142857
Stunt Competition,City,73.0,29.99,0.41082191780821914
Wildlife Rescue ATV,City,74.0,9.99,0.135
Wildlife Rescue Off-Roader,City,157.0,49.99,0.3184076433121019
Wildlife Rescue Operation,City,525.0,89.99,0.1714095238095238
City Advent Calendar,City,349.0,29.99,0.08593123209169054
Road Plates,City,112.0,19.99,0.17848214285714284
Car Transporter,City,342.0,29.99,0.08769005847953217
Shopping Street,City,533.0,79.99,0.1500750469043152
Wildlife Rescue Camp,City,503.0,99.99,0.1987872763419483
Seaside Police and Fire Mission,City,297.0,49.99,0.16831649831649834
Selfie Stunt Bike,City,14.0,7.99,0.5707142857142857
Chicken Stunt Bike,City,10.0,7.99,0.799
Fire Stunt Bike,City,11.0,7.99,0.7263636363636364
Super Pack 2-in-1,City,137.0,,
Bundle Pack 1,Dots,388.0,,
Bundle Pack 2,Dots,598.0,,
LEGO Masters Co-pack 4 in 1,Classic,613.0,,
Mech Armor Collection,Marvel Super Heroes,385.0,,
Animal Gift Set,Friends,431.0,,
Skywalker Adventures Pack,Star Wars,644.0,,
2-in-1 Super Pack,Super Mario,244.0,,
LEGO Minifigures - Marvel Studios Series {Box of 6 random bags},Collectable Minifigures,0.0,29.94,inf
3-in-1 Bundle Pack,City,344.0,,
3-in-1 Bundle Pack,Creator,496.0,,
Vehicles Gift Set,City,279.0,,
LEGO Minifigures - Series 21 {Random bag},Collectable Minifigures,,,
Paddle Surfer,Collectable Minifigures,7.0,,
Violin Kid,Collectable Minifigures,6.0,,
Shipwreck Survivor,Collectable Minifigures,8.0,,
Ladybird Girl,Collectable Minifigures,7.0,,
Pug Costume Guy,Collectable Minifigures,5.0,,
Centaur Warrior,Collectable Minifigures,7.0,,
Beekeeper,Collectable Minifigures,6.0,,
Ancient Warrior,Collectable Minifigures,6.0,,
Airplane Girl,Collectable Minifigures,8.0,,
Space Police Guy,Collectable Minifigures,10.0,,
Alien,Collectable Minifigures,5.0,,
Cabaret Singer,Collectable Minifigures,9.0,,
LEGO Minifigures - Series 21 - Complete,Collectable Minifigures,84.0,,
LEGO Minifigures - Series 21 - Sealed Box,Collectable Minifigures,,4.99,
LEGO Minifigures - Looney Tunes Series {Random bag},Collectable Minifigures,,,
Lola Bunny,Collectable Minifigures,5.0,,
Bugs Bunny,Collectable Minifigures,6.0,,
Wile E. Coyote,Collectable Minifigures,9.0,,
Road Runner,Collectable Minifigures,9.0,,
Tweety Bird,Collectable Minifigures,10.0,,
Sylvester the Cat,Collectable Minifigures,6.0,,
Daffy Duck,Collectable Minifigures,7.0,,
Speedy Gonzales,Collectable Minifigures,8.0,,
Tasmanian Devil,Collectable Minifigures,9.0,,
Marvin the Martian,Collectable Minifigures,7.0,,
Petunia Pig,Collectable Minifigures,7.0,,
Porky Pig,Collectable Minifigures,8.0,,
LEGO Minifigures - Looney Tunes Series - Complete,Collectable Minifigures,91.0,,
LEGO Minifigures - Looney Tunes Series - Sealed Box,Collectable Minifigures,,4.99,
LEGO Minifigures - Marvel Studios Series {Random bag},Collectable Minifigures,,,
The Scarlet Witch,Collectable Minifigures,8.0,,
The Vision,Collectable Minifigures,8.0,,
Monica Rambeau,Collectable Minifigures,10.0,,
Winter Soldier,Collectable Minifigures,8.0,,
Captain America,Collectable Minifigures,10.0,,
Loki,Collectable Minifigures,7.0,,
Sylvie,Collectable Minifigures,7.0,,
Zombie Hunter Spidey,Collectable Minifigures,9.0,,
Zombie Captain America,Collectable Minifigures,6.0,,
Captain Carter,Collectable Minifigures,8.0,,
T'Challa Star-Lord,Collectable Minifigures,9.0,,
Gamora with Blade of Thanos,Collectable Minifigures,8.0,4.99,0.62375
LEGO Minifigures - Marvel Studios Series - Complete,Collectable Minifigures,98.0,,
LEGO Minifigures - Marvel Studios Series - Sealed Box,Collectable Minifigures,,,
Master Your Adventure,Super Mario,366.0,59.99,0.16390710382513662
Chain Chomp Jungle Encounter,Super Mario,160.0,19.99,0.12493749999999999
Piranha Plant Puzzling Challenge,Super Mario,267.0,29.99,0.11232209737827714
Wiggler's Poison Swamp,Super Mario,374.0,39.99,0.10692513368983958
Penguin Mario Power-Up Pack,Super Mario,18.0,9.99,0.555
Tanooki Mario Power-Up Pack,Super Mario,13.0,9.99,0.7684615384615385
Character Pack Series 2 {Random bag},Super Mario,,,
Huckit Crab,Super Mario,,,
Spiny Cheep Cheep,Super Mario,,4.99,
 Ninji,Super Mario,,,
Foo,Super Mario,,,
Parachute Goomba,Super Mario,,,
Para-Beetle,Super Mario,,,
Poison Mushroom,Super Mario,,,
Thwimp,Super Mario,,,
Fly Guy,Super Mario,,,
Bone Goomba,Super Mario,,,
Character Pack Series 2 - Complete,Super Mario,0.0,,
Character Pack Series 2 - Sealed Box,Super Mario,,,
Adventures with Luigi,Super Mario,280.0,59.99,0.21425
Boss Sumo Bro Topple,Super Mario,231.0,29.99,0.12982683982683982
Lakitu Sky World,Super Mario,484.0,39.99,0.08262396694214877
Reznor Knockdown,Super Mario,862.0,69.99,0.08119489559164733
Bowser's Airship,Super Mario,1152.0,99.99,0.086796875
Frog Mario Power-Up Pack,Super Mario,11.0,9.99,0.9081818181818182
Bee Mario Power-Up Pack,Super Mario,13.0,9.99,0.7684615384615385
Character Pack Series 3 {Random bag},Super Mario,,,
1-Up Mushroom,Super Mario,,,
Amp,Super Mario,,,
Scuttlebug,Super Mario,,,
Parachute Bob-omb,Super Mario,,,
Swoop,Super Mario,,,
Galoomba,Super Mario,,,
Crowber,Super Mario,,,
Torpedo Ted,Super Mario,,,
Bony Beetle,Super Mario,,,
Boo,Super Mario,,,
Character Pack Series 3 - Complete,Super Mario,0.0,4.99,inf
Character Pack Series 3 - Sealed Box,Super Mario,,,
Super Mario 64 Question Mark Block,Super Mario,2064.0,199.99,0.09689437984496124
Epic Battle Set - Kai vs. Skulkin,Ninjago,61.0,9.99,0.16377049180327868
Epic Battle Set - Zane vs. Nindroid,Ninjago,57.0,9.99,0.17526315789473684
Epic Battle Set - Jay vs. Serpentine,Ninjago,69.0,9.99,0.14478260869565218
Epic Battle Set - Cole vs. Ghost Warrior,Ninjago,51.0,9.99,0.19588235294117648
Kai's Blade Cycle,Ninjago,54.0,9.99,0.185
Tournament of Elements,Ninjago,283.0,29.99,0.10597173144876325
Boulder Blaster,Ninjago,449.0,39.99,0.08906458797327395
X-1 Ninja Charger,Ninjago,599.0,49.99,0.08345575959933223
Zane's Titan Mech Battle,Ninjago,840.0,64.99,0.07736904761904762
Ultra Sonic Raider,Ninjago,725.0,79.99,0.11033103448275862
Jay's Electro Mech,Ninjago,106.0,19.99,0.18858490566037733
NINJAGO City Gardens,Ninjago,5685.0,349.99,0.06156376429199648
Overlord Dragon,Ninjago,372.0,29.99,0.08061827956989247
Lloyd's Jungle Chopper Bike,Ninjago,183.0,19.99,0.10923497267759562
Jungle Dragon,Ninjago,506.0,39.99,0.07903162055335969
The Keepers' Village,Ninjago,632.0,49.99,0.07909810126582278
Catamaran Sea Battle,Ninjago,780.0,69.99,0.08973076923076923
Final Flight of Destiny's Bounty,Ninjago,147.0,39.99,0.2720408163265306
Lloyd's Hydro Mech,Ninjago,228.0,19.99,0.08767543859649123
Ninja Sub Speeder,Ninjago,356.0,39.99,0.11233146067415731
Fire Dragon Attack,Ninjago,563.0,49.99,0.08879218472468917
Water Dragon,Ninjago,737.0,79.99,0.10853459972862957
Temple of the Endless Sea,Ninjago,1060.0,99.99,0.09433018867924528
Hydro Bounty,Ninjago,1159.0,139.99,0.12078515962036239
Millennium Falcon Microfighter,Star Wars,101.0,9.99,0.09891089108910892
Darth Vader Meditation Chamber,Star Wars,663.0,69.99,0.1055656108597285
Resistance X-wing Starfighter,Star Wars,60.0,19.99,0.33316666666666667
 AT-AT vs. Tauntaun Microfighters,Star Wars,205.0,19.99,0.09751219512195121
Trouble on Tatooine,Star Wars,276.0,29.99,0.10865942028985506
Imperial TIE Fighter,Star Wars,432.0,44.99,0.10414351851851852
Luke Skywalker's X-wing Fighter,Star Wars,474.0,49.99,0.10546413502109706
Imperial Shuttle,Star Wars,660.0,69.99,0.10604545454545454
Darth Vader Helmet,Star Wars,834.0,79.99,0.09591127098321342
Scout Trooper Helmet,Star Wars,471.0,49.99,0.10613588110403398
Imperial Probe Droid,Star Wars,683.0,59.99,0.08783308931185944
Star Wars Advent Calendar,Star Wars,335.0,39.99,0.11937313432835822
R2-D2,Star Wars,2314.0,239.99,0.10371218668971478
Republic Gunship,Star Wars,3292.0,399.99,0.12150364520048602
Duel on Mandalore,Star Wars,147.0,19.99,0.13598639455782313
Imperial Armored Marauder,Star Wars,478.0,39.99,0.08366108786610879
Boba Fett's Starship,Star Wars,593.0,49.99,0.08430016863406409
Boutique Hotel,Icons,3066.0,229.99,0.07501304631441617
Vespa 125,Icons,1106.0,99.99,0.09040687160940325
Real Madrid - Santiago Bernabéu Stadium,Icons,5876.0,399.99,0.06807181756296801
Back to the Future Time Machine,Icons,1872.0,199.99,0.10683226495726496
{?},Icons,,,
Optimus Prime,Icons,1508.0,179.99,0.11935676392572944
Loop Coaster,Icons,3756.0,399.99,0.10649361022364218
Chevrolet Camaro Z/28 1969,Icons,1456.0,169.99,0.11675137362637364
Lion Knights' Castle,Icons,4514.0,399.99,0.08861098803721755
Atari 2600,Icons,2532.0,239.99,0.0947827804107425
Eiffel Tower,Icons,10001.0,629.99,0.062992700729927
Holiday Main Street,Icons,1514.0,99.99,0.06604359313077938
Succulents,Icons,771.0,49.99,0.0648378728923476
{?},Icons,,,
Orchid,Icons,608.0,49.99,0.0822203947368421
Galaxy Explorer,Icons,1254.0,99.99,0.07973684210526315
Mickey and Minnie's Camping Trip,Disney,103.0,24.99,0.24262135922330094
"Mickey, Minnie and Goofy's Fairground Fun",Disney,184.0,34.99,0.19016304347826088
Mickey and Friends Castle Defenders,Disney,215.0,54.99,0.25576744186046513
Spider-Man's Techno Trike,Marvel Super Heroes,59.0,9.99,0.16932203389830508
Hulk vs. Rhino Truck Showdown,Marvel Super Heroes,110.0,19.99,0.1817272727272727
Spider-Man at Doc Ock's Lab,Marvel Super Heroes,131.0,29.99,0.22893129770992365
Spider-Man Webquarters Hangout,Marvel Super Heroes,155.0,49.99,0.32251612903225807
Dinosaur Nursery,Duplo,27.0,19.99,0.7403703703703703
Police Station & Helicopter,Duplo,40.0,49.99,1.2497500000000001
Belle's Ballroom,Duplo,23.0,19.99,0.8691304347826087
Buzz Lightyear's Planetary Mission,Duplo,37.0,29.99,0.8105405405405405
Spider-Man & Friends: Funfair Adventure,Duplo,41.0,59.99,1.463170731707317
Bath Time Fun: Floating Red Panda,Duplo,5.0,9.99,1.998
Bath Time Fun: Floating Animal Train,Duplo,14.0,19.99,1.4278571428571427
Bath Time Fun: Floating Animal Island,Duplo,20.0,44.99,2.2495000000000003
Police Motorcycle,Duplo,5.0,9.99,1.998
Doctor Visit,Duplo,34.0,19.99,0.5879411764705882
Fire Truck,Duplo,21.0,29.99,1.428095238095238
Fire Station & Helicopter,Duplo,117.0,89.99,0.769145299145299
Wild Animals of Africa,Duplo,10.0,9.99,0.999
Wild Animals of the Ocean,Duplo,32.0,19.99,0.6246875
Wild Animals of South America,Duplo,71.0,54.99,0.7745070422535212
Wild Animals of Asia,Duplo,118.0,99.99,0.8473728813559321
Wild Animals of the World,Duplo,143.0,129.99,0.9090209790209791
Santa's Gingerbread House,Duplo,50.0,34.99,0.6998000000000001
My First Puppy & Kitten with Sounds,Duplo,22.0,44.99,2.045
Creative Building Time,Duplo,120.0,44.99,0.3749166666666667
Wild Animals of Europe,Duplo,85.0,69.99,0.8234117647058823
DUPLO Green Building Plate,Duplo,1.0,14.99,14.99
Creative Monsters,Classic,140.0,9.99,0.07135714285714286
Creative Ocean Fun,Classic,333.0,19.99,0.060030030030030025
Bricks and Functions,Classic,500.0,29.99,0.05998
Build Together,Classic,1601.0,99.99,0.06245471580262336
90 Years of Play,Classic,1100.0,49.99,0.045445454545454546
Space Mission,Classic,1700.0,69.99,0.04117058823529411
Green Baseplate,Classic,1.0,7.99,7.99
Gray Baseplate,Classic,1.0,14.99,14.99
Blue Baseplate,Classic,1.0,7.99,7.99
White Baseplate,Classic,1.0,7.99,7.99
Parts for Party Ideas,Miscellaneous,25.0,,
Helicopter,Creator,40.0,,
Robot,Creator,41.0,,
Dinosaur,Creator,51.0,,
Submarine,Creator,32.0,,
Excavator,Creator,48.0,,
Pirate Ship,Creator,33.0,,
Dragon,Creator,58.0,,
Spider,Creator,40.0,,
Fire vehicle,Creator,28.0,,
Singapore,Architecture,827.0,59.99,0.07253929866989117
The Great Pyramid of Giza,Architecture,1476.0,129.99,0.08806910569105691
The Creeper Ambush,Minecraft,72.0,9.99,0.13875
The Fox Lodge,Minecraft,193.0,19.99,0.10357512953367874
The Mushroom House,Minecraft,272.0,24.99,0.091875
The Guardian Battle,Minecraft,255.0,24.99,0.09799999999999999
The Rabbit Ranch,Minecraft,340.0,34.99,0.10291176470588236
{?},Minecraft,,,
The Training Grounds,Minecraft,534.0,79.99,0.1497940074906367
The Bakery,Minecraft,154.0,24.99,0.16227272727272726
The Nether Bastion,Minecraft,300.0,34.99,0.11663333333333334
 The Ice Castle,Minecraft,499.0,49.99,0.10018036072144289
The Red Barn,Minecraft,799.0,99.99,0.12514392991239048
The Llama Village,Minecraft,1252.0,129.99,0.1038258785942492
The Skeleton Dungeon,Minecraft,364.0,34.99,0.09612637362637363
The Abandoned Village,Minecraft,422.0,44.99,0.10661137440758295
Sonic the Hedgehog - Green Hill Zone,Ideas,1125.0,79.99,0.07110222222222222
The Globe,Ideas,2585.0,229.99,0.08897098646034816
Vincent van Gogh - The Starry Night,Ideas,2316.0,169.99,0.07339810017271158
Jazz Quartet,Ideas,1606.0,99.99,0.06226027397260274
Motorized Lighthouse,Ideas,2065.0,299.99,0.145273607748184
The Office,Ideas,1164.0,119.99,0.10308419243986254
Table Football,Ideas,2339.0,249.99,0.10687900812312955
My First Elephant,Duplo,6.0,,
Dinosaur Market,Jurassic World,30.0,,
Market Stall,Friends,54.0,,
Garden Flower and Butterfly,Friends,57.0,,
The Turtle Beach,Minecraft,46.0,,
Volvo Wheel Loader,Technic,69.0,,
Aston Martin Valkyrie AMR Pro,Speed Champions,97.0,,
Build Your Own Hogwarts Castle,Harry Potter,67.0,,
Spider-Man Bridge Battle,Marvel Super Heroes,44.0,,
Batmobile,DC Comics Super Heroes,68.0,,
AT-ST,Star Wars,79.0,,
Build Your Own Animals - Make It Yours,Miscellaneous,16.0,,
Yellow Yoshi's Fruit Tree,Super Mario,46.0,,
90 Years of Cars,Classic,71.0,,
Elsa and Bruni's Forest Camp,Disney,58.0,,
Pineapple Photo Holder and Mini Board,Dots,116.0,,
Monkie Kid's Underwater Journey,Monkie Kid,57.0,,
Tropical Parrot,Creator,66.0,,
Birthday Bear,Creator,80.0,,
Easter Bunny,Creator,75.0,,
Winter Holiday Train,Creator,73.0,,
Fire Patrol Vehicle,City,45.0,,
Police Robot Unit,City,36.0,,
Kids' Playground,City,51.0,,
Go-Kart Racer,City,39.0,,
Farm Garden & Scarecrow,City,34.0,,
Mini Thunder Raider,Ninjago,69.0,,
Lloyd Suit Mech,Ninjago,59.0,,
Rock Monster Truck,Creator,54.0,,
Luke Skywalker with Blue Milk,Star Wars,6.0,,
Off-Road Buggy,Creator,160.0,14.99,0.0936875
Super Robot,Creator,159.0,9.99,0.06283018867924528
Fantasy Forest Creatures,Creator,175.0,14.99,0.08565714285714286
Supersonic-jet,Creator,215.0,19.99,0.0929767441860465
Street Racer,Creator,258.0,19.99,0.07748062015503876
Dolphin and Turtle,Creator,137.0,9.99,0.07291970802919708
Majestic Tiger,Creator,755.0,49.99,0.06621192052980132
Sunken Treasure Mission,Creator,522.0,34.99,0.06703065134099617
Downtown Noodle Shop,Creator,569.0,44.99,0.07906854130052725
Viking Ship and the Midgard Serpent,Creator,1192.0,119.99,0.10066275167785234
Elvis Presley  'The King',Art,3445.0,119.99,0.03483018867924528
Jim Lee Batman Collection,Art,4167.0,119.99,0.028795296376289897
The Rolling Stones,Art,1998.0,149.99,0.07507007007007008
Floral Art,Art,2870.0,79.99,0.027871080139372822
Year of the Tiger,Seasonal,193.0,,
Dagny Holm - Master Builder,Promotional,1068.0,,
Pirates and Treasure VIP Add On Pack,Miscellaneous,103.0,,
Vespa,Creator,118.0,9.99,0.08466101694915254
High-Speed Train,Creator,284.0,19.99,0.07038732394366197
New York Postcard,Creator,254.0,14.99,0.05901574803149606
Beijing Postcard,Creator,280.0,14.99,0.053535714285714284
Mini Disney The Haunted Mansion,Disney,680.0,39.99,0.05880882352941177
Valentine Lovebirds,Seasonal,298.0,12.99,0.043590604026845635
Easter Rabbits Display,Seasonal,288.0,12.99,0.04510416666666667
Sunflowers,Creator,191.0,12.99,0.06801047120418849
Endgame Battle,Marvel Super Heroes,62.0,14.99,0.2417741935483871
Electric Scooters & Charging Dock,City,50.0,12.99,0.25980000000000003
Easter Chicks,Seasonal,318.0,,
LEGO Brand Retail Store,Promotional,402.0,,
Children's Amusement Park,Promotional,170.0,,
Jane Goodall Tribute,Promotional,275.0,,
Lars Family Homestead Kitchen,Star Wars,195.0,,
Vintage Taxi,Icons,163.0,,
Cosmic Cardboard Adventures,Ideas,203.0,,
LEGO House Chef,Promotional,8.0,,
Iron Man,Brick Sketches,200.0,16.99,0.08495
Miles Morales,Brick Sketches,214.0,16.99,0.07939252336448598
Ahsoka Tano,BrickHeadz,164.0,9.99,0.06091463414634146
Lion Dance Guy,BrickHeadz,239.0,9.99,0.04179916317991632
Manchester United Go Brick Me,BrickHeadz,530.0,19.99,0.03771698113207547
FC Barcelona Go Brick Me,BrickHeadz,530.0,19.99,0.03771698113207547
St. Bernard,BrickHeadz,236.0,14.99,0.06351694915254237
French Bulldog,BrickHeadz,237.0,14.99,0.06324894514767933
Koi Fish,BrickHeadz,203.0,14.99,0.0738423645320197
Poodles,BrickHeadz,304.0,14.99,0.04930921052631579
Obi-Wan Kenobi & Darth Vader,BrickHeadz,260.0,19.99,0.07688461538461538
Spice Girls Tribute,BrickHeadz,578.0,49.99,0.0864878892733564
Demogorgon & Eleven,BrickHeadz,192.0,19.99,0.10411458333333333
Chip & Dale,BrickHeadz,226.0,19.99,0.08845132743362831
Buzz Lightyear,BrickHeadz,114.0,9.99,0.08763157894736842
Woody and Bo Peep,BrickHeadz,296.0,19.99,0.06753378378378377
Jake Sully & his Avatar,BrickHeadz,246.0,19.99,0.08126016260162601
Mythica,Promotional,510.0,,
Defense of Hoth,Star Wars,64.0,14.99,0.23421875
Clone Trooper Command Station,Star Wars,66.0,14.99,0.2271212121212121
Road Runner & Wile E. Coyote,BrickHeadz,205.0,19.99,0.09751219512195121
Professors of Hogwarts,BrickHeadz,601.0,39.99,0.06653910149750417
Pencil Holder,Dots,476.0,,
Mystic Witch,Creator,257.0,,
Tribute to LEGO House,Promotional,583.0,,
Winter Elves Scene,Seasonal,372.0,,
Santa's Workshop,Seasonal,329.0,,
Ray the Castaway,Ideas,239.0,,
Forest Hideout,Icons,258.0,,
Paris Postcard,Creator,213.0,14.99,0.07037558685446009
London Postcard,Creator,277.0,14.99,0.054115523465703974
Halloween Cat and Mouse,Seasonal,328.0,12.99,0.039603658536585366
Wintertime Polar Bears,Seasonal,312.0,12.99,0.04163461538461539
Penguin & Snowflake,Seasonal,139.0,9.99,0.0718705035971223
Christmas Tree,Seasonal,784.0,44.99,0.057385204081632654
LEGO Brand Store,Promotional,541.0,36.99,0.06837338262476896
Hogwarts: Grand Staircase,Harry Potter,224.0,,
Sandwich Shop,City,110.0,,
Eiffel's Apartment,Icons,228.0,,
Beijing Postcard,Creator,274.0,14.99,0.054708029197080295
Pet Clinic Ambulance,Friends,54.0,9.99,0.185
Pet Clinic,Friends,111.0,19.99,0.18009009009009008
Pony-Washing Stable,Friends,60.0,9.99,0.1665
Turtle Protection Vehicle,Friends,90.0,9.99,0.111
Pet Playground,Friends,210.0,19.99,0.09519047619047619
Pet Adoption Café,Friends,292.0,29.99,0.10270547945205478
Beach Glamping,Friends,380.0,39.99,0.10523684210526316
Street Food Market,Friends,592.0,49.99,0.08444256756756757
Canal Houseboat,Friends,737.0,79.99,0.10853459972862957
Friendship Tree House,Friends,1114.0,79.99,0.07180430879712746
Main Street Building,Friends,1682.0,159.99,0.09511890606420928
Heartlake City Pizzeria,Friends,144.0,14.99,0.10409722222222223
Friends Advent Calendar,Friends,312.0,34.99,0.11214743589743591
Tree-Planting Vehicle,Friends,336.0,29.99,0.08925595238095238
Roller Disco Arcade,Friends,642.0,59.99,0.0934423676012461
Vacation Beach House,Friends,686.0,79.99,0.11660349854227404
Surfer Beach Fun,Friends,288.0,39.99,0.13885416666666667
Emma's Art School,Friends,844.0,69.99,0.08292654028436018
Recycling Truck,Friends,259.0,19.99,0.07718146718146718
Olivia's Space Academy,Friends,757.0,69.99,0.0924570673712021
Andrea's Theatre School,Friends,1154.0,99.99,0.08664644714038128
Ice Cream Truck,Friends,84.0,19.99,0.23797619047619045
Stephanie's Sailing Adventure,Friends,304.0,39.99,0.13154605263157895
Mia's Wildlife Rescue,Friends,430.0,49.99,0.11625581395348837
Pet Day-Care Center,Friends,593.0,69.99,0.11802698145025295
Mobile Fashion Boutique,Friends,94.0,9.99,0.10627659574468086
Water Park,Friends,373.0,49.99,0.13402144772117963
Organic Farm ,Friends,826.0,89.99,0.10894673123486683
Horse Show Trailer,Friends,989.0,99.99,0.10110212335692619
Into the Deep Bracelets with Charms,Dots,36.0,5.99,0.1663888888888889
Gamer Bracelet with Charms,Dots,37.0,5.99,0.1618918918918919
Candy Kitty Bracelet & Bag Tag,Dots,188.0,14.99,0.07973404255319148
Neon Tiger Bracelet & Bag Tag,Dots,188.0,14.99,0.07973404255319148
Extra DOTS - Series 6,Dots,118.0,3.99,0.0338135593220339
Mickey and Friends Bracelets Mega Pack,Dots,349.0,34.99,0.10025787965616047
Cute Banana Pen Holder,Dots,438.0,19.99,0.045639269406392693
Bag Tags Mega Pack – Messaging,Dots,228.0,29.99,0.13153508771929823
Lots of DOTS - Lettering,Dots,722.0,19.99,0.02768698060941828
Message Board,Dots,531.0,19.99,0.03764595103578154
Big Message Board,Dots,943.0,39.99,0.04240721102863203
Rainbow Bracelet with Charms,Dots,37.0,5.99,0.1618918918918919
Adhesive Patch,Dots,95.0,5.99,0.06305263157894737
Stitch-on Patch,Dots,95.0,5.99,0.06305263157894737
Picture Frames & Bracelet Ice Cream,Dots,474.0,29.99,0.06327004219409282
Adhesive Patches Mega Pack,Dots,486.0,34.99,0.07199588477366256
Extra DOTS Series 7 - Sport,Dots,115.0,3.99,0.034695652173913044
Cute Panda Tray,Dots,517.0,19.99,0.038665377176015474
Big Box,Dots,479.0,34.99,0.07304801670146138
Designer Toolkit - Patterns,Dots,1096.0,64.99,0.05929744525547445
Unicorn Creative Family Pack,Dots,707.0,39.99,0.056562942008486564
Mickey Mouse & Minnie Mouse Stitch-on Patch,Dots,95.0,5.99,0.06305263157894737
Mickey Mouse & Minnie Mouse Back-to-School Project Box,Dots,669.0,44.99,0.06724962630792228
The Batman -  Batmobile,Technic,1360.0,99.99,0.07352205882352941
BMW M 1000 RR,Technic,1920.0,249.99,0.130203125
Chopper,Technic,163.0,12.99,0.07969325153374233
Telehandler,Technic,143.0,12.99,0.09083916083916084
Monster Jam Megalodon,Technic,260.0,19.99,0.07688461538461538
Monster Jam El Toro Loco,Technic,247.0,19.99,0.08093117408906882
John Deere 9620R 4WD Tractor,Technic,390.0,34.99,0.08971794871794872
Formula E Porsche 99x Electric,Technic,422.0,49.99,0.11845971563981043
Ford Mustang Shelby GT500,Technic,544.0,49.99,0.09189338235294119
All-Terrain Vehicle,Technic,764.0,89.99,0.11778795811518324
App-Controlled Transformation Vehicle,Technic,772.0,149.99,0.1942875647668394
McLaren Formula 1 Race Car,Technic,1432.0,199.99,0.1396578212290503
Ferrari Daytona SP3,Technic,3778.0,449.99,0.1191079936474325
Material Handler,Technic,835.0,149.99,0.17962874251497007
Airbus H175 Rescue Helicopter,Technic,2001.0,209.99,0.10494252873563219
Anna's Castle Courtyard,Disney,74.0,9.99,0.135
Elsa's Castle Courtyard,Disney,53.0,9.99,0.18849056603773584
"Aurora, Merida and Tiana's Enchanted Creations",Disney,558.0,69.99,0.12543010752688172
Anna and Olaf's Castle Fun,Disney,108.0,29.99,0.27768518518518515
Ultimate Adventure Castle,Disney,698.0,99.99,0.14325214899713468
Cinderella and Prince Charming's Castle,Disney,365.0,89.99,0.24654794520547943
Ariel's Underwater Palace,Disney,498.0,99.99,0.20078313253012048
Jasmine and Mulan's Adventure,Disney,176.0,44.99,0.255625
Elsa and the Nokk's Ice Stable,Disney,53.0,14.99,0.2828301886792453
SUPERPOWERED Challenge Kit,Education,,,
SUPERPOWERED Explore Set,Education,,,
SUPERPOWERED Discover Set,Education,80.0,,
Police Car,City,94.0,9.99,0.10627659574468086
Space Ride Amusement Truck,City,433.0,49.99,0.11545034642032333
Ice Cream Truck Police Chase,City,317.0,39.99,0.12615141955835962
Police Mobile Command Truck,City,436.0,49.99,0.1146559633027523
Police Station,City,668.0,69.99,0.1047754491017964
Police Chase at the Bank,City,915.0,99.99,0.10927868852459016
Fire Helicopter,City,53.0,9.99,0.18849056603773584
Fire Rescue & Police Chase,City,295.0,39.99,0.1355593220338983
Fire Station,City,540.0,69.99,0.1296111111111111
Fire Brigade,City,766.0,99.99,0.13053524804177544
Race Car,City,46.0,9.99,0.21717391304347827
Stunt Plane,City,59.0,9.99,0.16932203389830508
Mobile Crane,City,340.0,39.99,0.11761764705882354
Cement Mixer Truck,City,85.0,19.99,0.23517647058823526
Picnic in the Park,City,147.0,19.99,0.13598639455782313
Horse Transporter,City,196.0,29.99,0.15301020408163266
Beach Lifeguard Station,City,211.0,39.99,0.1895260663507109
School Day,City,433.0,69.99,0.16163972286374131
Hospital,City,816.0,119.99,0.14704656862745097
Touring Stunt Bike,City,10.0,7.99,0.799
Reckless Scorpion Stunt Bike,City,15.0,7.99,0.5326666666666667
Bathtub Stunt Bike,City,14.0,7.99,0.5707142857142857
Train Station,City,907.0,99.99,0.1102425578831312
Freight Train,City,1153.0,199.99,0.17345186470078058
Express Passenger Train,City,764.0,189.99,0.2486780104712042
Chimpanzee Smash Stunt Loop,City,226.0,69.99,0.3096902654867256
Double Loop Stunt Arena,City,598.0,159.99,0.2675418060200669
The Blade Stunt Challenge,City,154.0,34.99,0.22720779220779222
The Knockdown Stunt Challenge,City,117.0,34.99,0.2990598290598291
The Shark Attack Stunt Challenge,City,122.0,34.99,0.2868032786885246
Rescue Helicopter Transporter,City,215.0,29.99,0.13948837209302326
Chicken Henhouse,City,101.0,9.99,0.09891089108910892
Farmers Market Van,City,310.0,44.99,0.14512903225806453
Barn & Farm Animals,City,230.0,69.99,0.30430434782608695
Grocery Store,City,404.0,69.99,0.17324257425742573
Lunar Roving Vehicle,City,275.0,39.99,0.14541818181818184
Lunar Space Station,City,500.0,79.99,0.15997999999999998
Lunar Research Base,City,786.0,129.99,0.165381679389313
Rocket Launch Center,City,1010.0,159.99,0.1584059405940594
City Advent Calendar,City,287.0,34.99,0.12191637630662022
Wild Animal Rescue Missions,City,246.0,39.99,0.1625609756097561
Mars Spacecraft Exploration Missions,City,298.0,39.99,0.13419463087248323
Water Police Detective Missions,City,278.0,39.99,0.14384892086330936
LEGO Minifigures - Series 22 {Box of 6 random bags},Collectable Minifigures,0.0,29.94,inf
Animals Bundle,Creator,852.0,,
LEGO City Stuntz Gift Set,City,40.0,,
Galactic Adventures Pack,Star Wars,901.0,,
LEGO Friends Gift Set,Friends,587.0,,
Infinity Saga Collection,Marvel Super Heroes,972.0,,
Monster Jam Collection,Technic,949.0,,
NINJAGO Gift Set,Ninjago,429.0,,
LEGO Minifigures - Series 24  {Box of 6 random bags},Collectable minifigures,,29.94,
Kai's Spinjitzu Ninja Training,Ninjago,32.0,9.99,0.3121875
Lloyd's Spinjitzu Ninja Training,Ninjago,32.0,9.99,0.3121875
Jay's Spinjitzu Ninja Training,Ninjago,25.0,9.99,0.3996
LEGO Minifigures - Series 22 {Random bag},Collectable Minifigures,,,
Robot Repair Tech,Collectable Minifigures,15.0,,
Chili Costume Fan,Collectable Minifigures,8.0,,
Troubadour,Collectable Minifigures,9.0,,
Snow Guardian,Collectable Minifigures,9.0,,
Horse and Groom,Collectable Minifigures,8.0,,
Figure Skating Champion,Collectable Minifigures,10.0,,
Night Protector,Collectable Minifigures,7.0,,
Forest Elf,Collectable Minifigures,9.0,,
Bird-watcher,Collectable Minifigures,9.0,,
Raccoon Costume Fan,Collectable Minifigures,9.0,,
Space Creature,Collectable Minifigures,9.0,,
Wheelchair Racer,Collectable Minifigures,11.0,,
LEGO Minifigures - Series 22 - Complete,Collectable Minifigures,113.0,,
LEGO Minifigures - Series 22 - Sealed Box,Collectable Minifigures,,4.99,
LEGO Minifigures - The Muppets Series {Random bag},Collectable Minifigures,,,
Rowlf the Dog,Collectable Minifigures,7.0,,
Dr. Bunsen Honeydew,Collectable Minifigures,4.0,,
Beaker,Collectable Minifigures,5.0,,
Gonzo,Collectable Minifigures,4.0,,
Kermit the Frog,Collectable Minifigures,5.0,,
Miss Piggy,Collectable Minifigures,4.0,,
Fozzie Bear,Collectable Minifigures,8.0,4.99,0.62375
Animal,Collectable Minifigures,15.0,,
Waldorf,Collectable Minifigures,6.0,,
Statler,Collectable Minifigures,6.0,,
The Swedish Chef,Collectable Minifigures,6.0,,
Janice,Collectable Minifigures,4.0,,
LEGO Minifigures - The Muppets Series - Complete,Collectable Minifigures,74.0,,
LEGO Minifigures - The Muppets Series - Sealed Box,Collectable Minifigures,,,
LEGO Minifigures - Series 23 {Random bag},Collectable Minifigures,,,
Nutcracker,Collectable Minifigures,8.0,,
Sugar Fairy,Collectable Minifigures,9.0,,
Snowman,Collectable Minifigures,9.0,,
Reindeer Costume,Collectable Minifigures,9.0,,
Christmas Elf,Collectable Minifigures,10.0,,
Cardboard Robot,Collectable Minifigures,7.0,,
Popcorn Costume,Collectable Minifigures,5.0,,
Wolf Costume,Collectable Minifigures,7.0,,
Turkey Costume,Collectable Minifigures,8.0,,
Ferry Captain,Collectable Minifigures,8.0,,
Knight of the Yellow Castle,Collectable Minifigures,12.0,,
Green Dragon Costume,Collectable Minifigures,9.0,4.99,0.5544444444444445
LEGO Minifigures - Series 23 - Complete,Collectable Minifigures,101.0,4.99,0.04940594059405941
LEGO Minifigures - Series 23 - Sealed Box,Collectable Minifigures,,4.99,
LEGO Minifigures - The Muppets Series {Box of 6 random bags},Collectable Minifigures,0.0,,
LEGO Minifigures -Series 23  {Box of 6 random bags},Collectable Minifigures,,29.94,
Bowser Jr.'s Clown Car ,Super Mario,84.0,9.99,0.11892857142857143
Luigi's Mansion Lab and Poltergust,Super Mario,179.0,29.99,0.16754189944134076
Dorrie's Beachfront ,Super Mario,229.0,29.99,0.13096069868995633
Luigi's Mansion Entryway,Super Mario,504.0,39.99,0.0793452380952381
Big Urchin Beach Ride,Super Mario,536.0,59.99,0.11192164179104477
Luigi's Mansion Haunt-and-Seek,Super Mario,877.0,79.99,0.09120866590649943
Character Pack Series 4 {Random bag},Super Mario,,,
Freezie,Super Mario,,,
Mechakoopa,Super Mario,,,
Ant Trooper,Super Mario,,,
Goombrat,Super Mario,,,
Scaredy Rat,Super Mario,,,
Bully,Super Mario,,,
Baby Penguin,Super Mario,,,
Stingby,Super Mario,,,
Coin Coffer,Super Mario,,,
Para-Biddybud,Super Mario,,4.99,
Character Pack Series 4 - Complete,Super Mario,0.0,,
Character Pack Series 4 - Sealed Box,Super Mario,,,
Adventures with Peach,Super Mario,354.0,59.99,0.1694632768361582
Goomba's Shoe,Super Mario,76.0,9.99,0.13144736842105265
Fuzzy Flippers,Super Mario,154.0,19.99,0.12980519480519478
Yoshi's Gift House,Super Mario,246.0,29.99,0.12191056910569105
Cat Peach Suit and Frozen Tower,Super Mario,494.0,79.99,0.16192307692307692
Princess Peach's Castle,Super Mario,1216.0,129.99,0.10689967105263158
Big Spike's Cloudtop Challenge,Super Mario,540.0,69.99,0.1296111111111111
Character Pack Series 5 {Random box},Super Mario,,,
Red Yoshi,Super Mario,,,
Baby Yoshi,Super Mario,,,
Purple Toad,Super Mario,,,
Hammer Bro,Super Mario,,,
Blue Shy Guy,Super Mario,,,
Toady,Super Mario,,,
Nabbit,Super Mario,,,
Waddlewing,Super Mario,,,
Character Pack Series 5 - Complete,Super Mario,0.0,,
Character Pack Series 5 - Sealed Box,Super Mario,,5.99,
The Mighty Bowser,Super Mario,2807.0,269.99,0.09618453865336658
Big Bad Island,Super Mario,354.0,44.99,0.127090395480226
Lloyd's Ninja Mech,Ninjago,57.0,9.99,0.17526315789473684
Ninja Dragon Temple,Ninjago,161.0,44.99,0.27944099378881987
Jay's Thunder Dragon EVO,Ninjago,140.0,19.99,0.14278571428571427
Zane's Power Up Mech EVO,Ninjago,95.0,9.99,0.1051578947368421
Kai's Fire Dragon EVO,Ninjago,204.0,34.99,0.17151960784313727
Lloyd's Race Car EVO,Ninjago,279.0,34.99,0.12541218637992832
Ninja Training Center,Ninjago,524.0,39.99,0.07631679389312977
Ninja Ultra Combo Mech,Ninjago,1104.0,89.99,0.08151268115942029
Lloyd's Legendary Dragon,Ninjago,747.0,69.99,0.09369477911646586
Ninja Dojo Temple,Ninjago,1394.0,99.99,0.07172883787661406
Jay's Golden Dragon Motorbike,Ninjago,137.0,19.99,0.14591240875912406
Cole's Dragon Cruiser,Ninjago,384.0,44.99,0.11716145833333334
 Zane's Golden Dragon Jet ,Ninjago,258.0,34.99,0.1356201550387597
The Crystal King Temple,Ninjago,703.0,79.99,0.11378378378378377
The Crystal King,Ninjago,722.0,79.99,0.11078947368421052
Kai's Golden Dragon Raider ,Ninjago,624.0,89.99,0.1442147435897436
Lloyd's Golden Ultra Dragon ,Ninjago,989.0,149.99,0.1516582406471183
Nya's Samurai X MECH,Ninjago,1003.0,119.99,0.11963110667996012
Jay and Nya's Race Car EVO,Ninjago,536.0,49.99,0.09326492537313433
{?},Star Wars,,,
Snowtrooper Battle Pack,Star Wars,105.0,19.99,0.19038095238095237
The Razor Crest Microfighter,Star Wars,98.0,9.99,0.10193877551020408
Hoth AT-ST,Star Wars,586.0,49.99,0.08530716723549489
The Justifier ,Star Wars,1022.0,169.99,0.1663307240704501
Dark Trooper Attack,Star Wars,166.0,34.99,0.2107831325301205
The Mandalorian's N-1 Starfighter,Star Wars,412.0,59.99,0.14560679611650487
Boba Fett's Throne Room,Star Wars,732.0,99.99,0.1365983606557377
Luke Skywalker (Red Five) Helmet,Star Wars,675.0,69.99,0.10368888888888889
The Mandalorian Helmet,Star Wars,584.0,69.99,0.11984589041095889
Death Star Trench Run Diorama,Star Wars,665.0,69.99,0.10524812030075187
Dagobah Jedi Training Diorama,Star Wars,1000.0,89.99,0.08999
The Razor Crest,Star Wars,6187.0,599.99,0.09697591724583805
AT-ST,Star Wars,87.0,34.99,0.40218390804597703
Obi-Wan Kenobi's Jedi Starfighter,Star Wars,282.0,29.99,0.10634751773049644
Obi-Wan Kenobi vs. Darth Vader,Star Wars,408.0,49.99,0.12252450980392157
BD-1,Star Wars,1062.0,99.99,0.09415254237288136
Inquisitor Transport Scythe,Star Wars,924.0,99.99,0.10821428571428571
AT-TE Walker,Star Wars,1082.0,139.99,0.12938077634011091
Ambush on Ferrix,Star Wars,679.0,69.99,0.1030780559646539
Death Star Trash Compactor Diorama,Star Wars,802.0,89.99,0.11220698254364089
Star Wars Advent Calendar,Star Wars,329.0,44.99,0.13674772036474164
Luke Skywalker's Landspeeder,Star Wars,1890.0,239.99,0.126978835978836
Republic Fighter Tank,Star Wars,262.0,39.99,0.15263358778625954
Dark Trooper Helmet,Star Wars,693.0,69.99,0.10099567099567099
Neytiri & Thanator vs. AMP Suit Quaritch,Avatar,560.0,44.99,0.08033928571428572
Jake & Neytiri's First Banshee Flight,Avatar,572.0,59.99,0.10487762237762238
Floating Mountains: Site 26 & RDA Samson,Avatar,887.0,99.99,0.11272829763246899
Toruk Makto & Tree of Souls,Avatar,1212.0,149.99,0.12375412541254126
Batman & Selina Kyle Motorcycle Pursuit,DC Comics Super Heroes,149.0,14.99,0.10060402684563759
Batmobile: The Penguin Chase,DC Comics Super Heroes,392.0,29.99,0.07650510204081633
Batcave: The Riddler Face-Off,DC Comics Super Heroes,581.0,79.99,0.13767641996557659
Wolverine Mech Armor,Marvel Super Heroes,141.0,9.99,0.07085106382978723
Iron Man Mech Armor,Marvel Super Heroes,130.0,9.99,0.07684615384615384
Black Panther Mech Armor,Marvel Super Heroes,124.0,9.99,0.08056451612903226
Gargantos Showdown,Marvel Super Heroes,264.0,29.99,0.11359848484848484
Iron Man Figure,Marvel Super Heroes,381.0,39.99,0.10496062992125985
Attack on New Asgard,Marvel Super Heroes,159.0,19.99,0.12572327044025156
The Goat Boat,Marvel Super Heroes,564.0,59.99,0.10636524822695036
Thor's Hammer,Marvel Super Heroes,979.0,99.99,0.10213483146067415
Hulkbuster,Marvel Super Heroes,4049.0,549.99,0.13583353914546803
Shuri's Sunbird,Marvel Super Heroes,355.0,49.99,0.1408169014084507
Shuri's Lab,Marvel Super Heroes,58.0,9.99,0.17224137931034483
King Namor's Throne Room,Marvel Super Heroes,355.0,34.99,0.09856338028169015
Black Panther: War on the Water,Marvel Super Heroes,545.0,89.99,0.16511926605504587
Black Panther,Marvel Super Heroes,2961.0,349.99,0.11819993245525161
Iron Man Armory,Marvel Super Heroes,496.0,89.99,0.18143145161290322
I am Groot,Marvel Super Heroes,476.0,54.99,0.11552521008403362
Sanctum Sanctorum,Marvel Super Heroes,2708.0,249.99,0.09231536189069424
Spider-Man & Green Goblin Mech Battle,Marvel Super Heroes,296.0,19.99,0.06753378378378377
Batman versus Harley Quinn,DC Comics Super Heroes,42.0,9.99,0.23785714285714285
Nano Gauntlet,Marvel Super Heroes,675.0,69.99,0.10368888888888889
Miles Morales Figure,Marvel Super Heroes,238.0,24.99,0.105
Spider-Man Figure,Marvel Super Heroes,258.0,24.99,0.09686046511627906
Venom Figure,Marvel Super Heroes,297.0,24.99,0.08414141414141414
Guardians of the Galaxy Advent Calendar,Marvel Super Heroes,268.0,44.99,0.1678731343283582
Hogwarts Moment: Divination Class,Harry Potter,297.0,29.99,0.10097643097643097
Hogwarts Moment: Defence Against the Dark Arts Class,Harry Potter,257.0,29.99,0.11669260700389104
Hogwarts Hospital Wing,Harry Potter,510.0,49.99,0.09801960784313726
Hogwarts Magical Trunk,Harry Potter,603.0,64.99,0.10777777777777776
Hogwarts Carriage and Thestrals,Harry Potter,121.0,19.99,0.1652066115702479
Hogwarts Courtyard: Sirius's Rescue,Harry Potter,345.0,49.99,0.1448985507246377
Hogwarts: Dumbledore's Office,Harry Potter,654.0,79.99,0.12230886850152904
The Ministry of Magic,Harry Potter,990.0,99.99,0.10099999999999999
Harry Potter Advent Calendar,Harry Potter,334.0,44.99,0.1347005988023952
Hogwarts Express - Collectors' Edition,Harry Potter,5129.0,499.99,0.09748294014427764
Hungarian Horntail Dragon,Harry Potter,671.0,49.99,0.07450074515648286
The Shrieking Shack & Whomping Willow,Harry Potter,777.0,89.99,0.11581724581724581
Jazz Club,Icons,2899.0,229.99,0.07933425319075543
Wildflower Bouquet,Icons,939.0,59.99,0.06388711395101172
Dried Flower Centrepiece,Icons,812.0,49.99,0.061564039408867
{?},Icons,,,
The Lord of the Rings: Rivendell,Icons,6167.0,499.99,0.08107507702286364
Land Rover Classic Defender 90,Icons,2336.0,239.99,0.10273544520547946
Learn About Chinese Culture,Duplo,124.0,69.99,0.5644354838709676
The Majestic Horse,Miscellaneous,475.0,,
Bakey with Cakey Fun,Gabby's Dollhouse,58.0,10.99,0.18948275862068967
Gabby & MerCat's Ship & Spa,Gabby's Dollhouse,88.0,19.99,0.2271590909090909
Kitty Fairy's Garden Party,Gabby's Dollhouse,130.0,34.99,0.2691538461538462
Gabby's Dollhouse,Gabby's Dollhouse,498.0,79.99,0.16062248995983935
Spider-Man's Car and Doc Ock,Marvel Super Heroes,48.0,9.99,0.208125
Team Spidey at Green Goblin's Lighthouse,Marvel Super Heroes,149.0,34.99,0.2348322147651007
Team Spidey's Mobile Headquarters,Marvel Super Heroes,187.0,49.99,0.26732620320855616
Alphabet Town,Duplo,85.0,49.99,0.5881176470588235
Growing Carrot,Duplo,2.0,9.99,4.995
Fruit and Vegetable Tractor,Duplo,19.0,19.99,1.0521052631578947
Organic Market,Duplo,27.0,29.99,1.1107407407407406
Organic Garden,Duplo,28.0,44.99,1.6067857142857143
Wind Turbine and Electric Car,Duplo,,9.99,
Family House on Wheels,Duplo,,19.99,
{?},DUPLO,,,
The Bus Ride,DUPLO,,19.99,
Water Park,DUPLO,,39.99,
Construction Site,Duplo,49.0,64.99,1.3263265306122447
Dream Playground,Duplo,,49.99,
{?},DUPLO,,,
3-in-1 Tree House,DUPLO,114.0,89.99,0.7893859649122806
{?},DUPLO,,,
Spider-Man's House,Duplo,25.0,19.99,0.7996
Lightning McQueen & Mater's Car Wash Fun,Duplo,23.0,29.99,1.3039130434782609
{?},DUPLO,,,
3in1 Magical Castle,Duplo,160.0,99.99,0.6249374999999999
Creative Neon Fun,Classic,333.0,19.99,0.060030030030030025
Creative Pastel Fun,Classic,333.0,19.99,0.060030030030030025
Creative Party Box,Classic,900.0,49.99,0.055544444444444445
Lots of Bricks,Classic,1000.0,59.99,0.05999
Creative Monkey Fun,Classic,135.0,9.99,0.074
Creative Fantasy Universe,Classic,1800.0,89.99,0.04999444444444444
Polar Bear,Creator,56.0,,
Tractor,Creator,25.0,,
Space Shuttle,Creator,45.0,,
Hammerhead Shark,Creator,40.0,,
{?},Architecture,,,
The Swamp Adventure,Minecraft,65.0,9.99,0.15369230769230768
The Bee Cottage,Minecraft,254.0,24.99,0.09838582677165354
The End Arena,Minecraft,252.0,24.99,0.09916666666666667
The Frozen Peaks,Minecraft,304.0,34.99,0.11509868421052633
The Sword Outpost,Minecraft,427.0,44.99,0.10536299765807963
The Panda Haven,Minecraft,553.0,49.99,0.09039783001808319
The Deep Dark Battle,Minecraft,584.0,64.99,0.11128424657534246
{?},Minecraft,,,
{?},Minecraft,,,
{?},Minecraft,,,
{?},Minecraft,,,
A-Frame Cabin,Ideas,2082.0,179.99,0.0864505283381364
BTS Dynamite,Ideas,749.0,99.99,0.13349799732977302
Tales of the Space Age,Ideas,688.0,49.99,0.07265988372093024
{?},Ideas,,,
Insects,Ideas,,,
Viking Village,Ideas,,,
Finnius Dash,LEGO Games,,,
Aquadirt Racer,LEGO Games,,,
Skate Ramp,Friends,46.0,,
Friendship Flowers,Friends,84.0,,
Z-Blob and Bunchu Spider Escape,Dreamzzz,,,
Animal Tray and Bag Tag,Dots,94.0,,
Police Bike Training,City,36.0,,
Dog Park and Scooter,City,24.0,,
Race Car,City,44.0,,
Panda Bear,Creator,83.0,,
Birthday Train,Creator,58.0,,
Easter Chickens,Creator,61.0,,
Vintage Car,Creator,59.0,,
Moana's Dolphin Cove,Disney,47.0,,
The Dripstone Cavern,Minecraft,45.0,,
Whale,Duplo,9.0,,
Ice Dragon Creature,Ninjago,,,
Kai and Rapton's Temple Battle,Ninjago,,,
Quidditch Practice,Harry Potter,55.0,,
Doctor Strange's Interdimensional Portal,Marvel Super Heroes,44.0,,
Batman 1992,DC Comics Super Heroes,40.0,,
X-wing Starfighter,Star Wars,87.0,,
Forklift with Pallet,Technic,78.0,,
Monkey King Marketplace,Monkie Kid,66.0,,
McLaren Solus GT,Speed Champions,95.0,,
White Rabbit,Creator,258.0,19.99,0.07748062015503876
Space Shuttle,Creator,144.0,9.99,0.069375
Vintage Motorcycle,Creator,128.0,14.99,0.117109375
Exotic Parrot,Creator,253.0,19.99,0.07901185770750987
Adorable Dogs,Creator,475.0,29.99,0.06313684210526316
Beach Camper Van,Creator,556.0,49.99,0.08991007194244605
Cozy House,Creator,808.0,59.99,0.07424504950495049
Magical Unicorn,Creator,145.0,9.99,0.06889655172413793
Main Street,Creator,1459.0,139.99,0.09594928032899247
Space Roller Coaster,Creator,874.0,109.99,0.12584668192219678
Birdhouse,Creator,476.0,29.99,0.06300420168067226
Hokusai - The Great Wave,Art,1810.0,99.99,0.055243093922651934
{?},Art,,,
{?},Art,,,
A Minifigure Tribute,Promotional,1041.0,,
Year of the Rabbit,Seasonal,194.0,,
Blacktron Cruiser,Icons,356.0,,
BIONICLE Tahu and Takua,Icons,219.0,,
4x4 Off-Road Ambulance Rescue,City,162.0,,
Houses of the World 1,Promotional,348.0,,
Birthday Diorama,Seasonal,157.0,,
World of Wonders,Architecture,382.0,,
Moving Truck,Icons,301.0,,
Easter Basket,Seasonal,368.0,,
Flowerpot,Promotional,292.0,,
Pirate Ship Playground,Promotional,168.0,,
Houses of the World 2,Promotional,270.0,,
Death Star II,Star Wars,289.0,,
Houses of the World 3,Promotional,,,
Houses of the World 4,Promotional,,,
Lunar New Year VIP Add-On Pack,Miscellaneous,124.0,,
Spring Fun VIP Add-On Pack,Miscellaneous,128.0,,
Summer VIP Add-On pack,Miscellaneous,,,
Tusken Raider,BrickHeadz,152.0,9.99,0.06572368421052632
Harry Potter & Cho Chang,BrickHeadz,267.0,19.99,0.0748689138576779
Draco Malfoy & Cedric Diggory,BrickHeadz,262.0,19.99,0.07629770992366412
Kingsley Shacklebolt & Nymphadora Tonks,BrickHeadz,250.0,19.99,0.07995999999999999
EVE & WALL-E,BrickHeadz,155.0,14.99,0.09670967741935484
Cruella & Maleficent,BrickHeadz,320.0,19.99,0.062468749999999997
Moana & Merida,BrickHeadz,410.0,19.99,0.048756097560975604
Disney 100th Celebration,BrickHeadz,501.0,39.99,0.07982035928143713
Battle of Endor Heroes,BrickHeadz,549.0,39.99,0.07284153005464482
Alex,BrickHeadz,86.0,9.99,0.11616279069767442
Llama,BrickHeadz,100.0,9.99,0.0999
Zombie,BrickHeadz,81.0,9.99,0.12333333333333334
Frodo & Gollum,BrickHeadz,184.0,14.99,0.08146739130434782
Gandalf the Grey & Balrog,BrickHeadz,348.0,19.99,0.05744252873563218
Aragorn & Arwen,BrickHeadz,261.0,19.99,0.07659003831417624
Heart Ornament,Seasonal,254.0,12.99,0.05114173228346457
Bird's Nest,Seasonal,232.0,12.99,0.05599137931034483
Birthday Cake,Seasonal,211.0,14.99,0.07104265402843601
Jade Rabbit,Seasonal,288.0,19.99,0.06940972222222222
Piñata,Seasonal,206.0,9.99,0.048495145631067965
Daffodils,Icons,216.0,12.99,0.06013888888888889
Lotus Flowers,Creator,220.0,12.99,0.05904545454545455
Money Tree,Seasonal,336.0,24.99,0.074375
Up-Scaled LEGO Minifigure,Creator,654.0,49.99,0.07643730886850153
Land Rover Classic Defender,Creator,150.0,14.99,0.09993333333333333
Australia Postcard,Creator,191.0,14.99,0.07848167539267016
Dream Village,Dreamzzz,434.0,29.99,0.06910138248847926
Donut Shop,Friends,63.0,9.99,0.15857142857142859
Paisley's House,Friends,185.0,39.99,0.21616216216216216
Beach Buggy Fun,Friends,61.0,10.99,0.18016393442622952
Holiday Camping Trip,Friends,87.0,19.99,0.22977011494252872
Dog Rescue Center,Friends,617.0,59.99,0.09722852512155591
Heartlake Downtown Diner,Friends,346.0,29.99,0.08667630057803467
Organic Grocery Store,Friends,830.0,89.99,0.10842168674698795
Autumn's House,Friends,853.0,69.99,0.08205158264947245
Heartlake International School,Friends,985.0,99.99,0.10151269035532995
Downtown Flower and Design Stores,Friends,2010.0,159.99,0.07959701492537313
Mobile Bubble Tea Shop,Friends,109.0,9.99,0.09165137614678899
Sea Rescue Boat,Friends,717.0,,
Mobile Tiny House,Friends,785.0,64.99,0.08278980891719745
Sea Rescue Centre,Friends,376.0,,
Beach Adventure Park,Friends,1348.0,,
Dog Rescue Bike,Friends,125.0,9.99,0.07992
Liann's Room,Friends,204.0,19.99,0.09799019607843136
Aliya's Room,Friends,209.0,19.99,0.09564593301435406
Dog Rescue Van,Friends,300.0,29.99,0.09996666666666666
Cat Hotel,Friends,445.0,29.99,0.0673932584269663
Hair Salon,Friends,401.0,39.99,0.09972568578553616
Sports Centre,Friends,832.0,,
Autumn's Stable,Friends,545.0,,
Riding School,Friends,134.0,,
Heartlake City Community Kitchen,Friends,695.0,,
Heartlake City Community Centre,Friends,1513.0,,
News Van,Friends,446.0,,
Skate Park,Friends,431.0,49.99,0.1159860788863109
Sea Rescue Aircraft,Friends,203.0,,
Pancake Shop,Friends,157.0,10.99,0.07
Leo's Room,Friends,203.0,19.99,0.09847290640394088
Nova's Room,Friends,179.0,19.99,0.11167597765363127
{?},Friends,,,
Botanical Garden,Friends,1072.0,79.99,0.07461753731343283
Advent Calendar,Friends,,,
Heartlake City Bus,Friends,480.0,49.99,0.10414583333333334
{?},Friends,,,
My Pets Bracelet,Dots,37.0,5.99,0.1618918918918919
Unicorns Forever Bracelet,Dots,37.0,5.99,0.1618918918918919
Extra DOTS Series 8 - Glitter and Shine,Dots,115.0,3.99,0.034695652173913044
Creative Animal Drawer,Dots,643.0,24.99,0.038864696734059095
Ultimate Party Kit,Dots,1154.0,49.99,0.04331889081455806
Bracelet Designer Mega Pack,Dots,388.0,29.99,0.07729381443298969
Hogwarts Accessories Pack,Dots,234.0,14.99,0.06405982905982906
Hedwig Pencil Holder,Dots,518.0,19.99,0.03859073359073359
Hogwarts Desktop Kit,Dots,856.0,44.99,0.05255841121495328
Liebherr LR13000,Technic,,,
Dump Truck,Technic,177.0,12.99,0.07338983050847457
Snow Groomer,Technic,178.0,12.99,0.07297752808988764
Monster Jam Dragon,Technic,217.0,19.99,0.09211981566820276
Monster Jam Monster Mutt Dalmatian,Technic,244.0,19.99,0.08192622950819671
Bugatti Bolide,Technic,905.0,49.99,0.055237569060773484
Firefighter Aircraft,Technic,1134.0,99.99,0.08817460317460317
NASCAR Next Gen Chevrolet Camaro ZL1,Technic,672.0,49.99,0.07438988095238096
2022 Ford GT,Technic,1466.0,119.99,0.08184856753069576
The Batman - Batcycle,Technic,641.0,49.99,0.07798751950078003
PEUGEOT 9X8 24H Le Mans Hybrid Hypercar,Technic,1775.0,199.99,0.11267042253521127
John Deere 948L II Skidder,Technic,1492.0,199.99,0.13404155495978554
NASA Mars Perseverance Rover,Technic,1132.0,,
{?},Technic,,,
{?},Technic,,,
{?},Technic,,,
Bugatti Bolide Agile Blue,Technic,905.0,49.99,0.055237569060773484
Moana's Wayfinding Boat,Disney,321.0,34.99,0.10900311526479751
Aurora's Castle,Disney,187.0,44.99,0.24058823529411766
Disney Celebration Train,Disney,200.0,39.99,0.19995000000000002
The Little Mermaid Story Book,Disney,134.0,19.99,0.14917910447761193
Twirling Rapunzel,Disney,89.0,9.99,0.11224719101123595
The Enchanted Treehouse,Disney,1016.0,159.99,0.1574704724409449
Princess Enchanted Journey,Disney,320.0,64.99,0.20309375
'Up' House,Disney,598.0,59.99,0.10031772575250836
Anna and Elsa's Magical Carousel,Disney,175.0,19.99,0.11422857142857142
Disney Princess Creative Castles,Disney,140.0,34.99,0.24992857142857144
Peter Pan & Wendy's Storybook Adventure,Disney,111.0,19.99,0.18009009009009008
100 Years of Disney Animation Icons,Disney,1022.0,59.99,0.058698630136986306
{?},Disney,,,
{?},Disney,,,
{?},Disney,,,
The Little Mermaid Royal Clamshell,Disney,1808.0,159.99,0.08849004424778761
Disney Duos,Disney,553.0,44.99,0.08135623869801085
Villain Icons,Disney,1540.0,129.99,0.08440909090909092
Ariel's Treasure Chest,Disney,370.0,44.99,0.1215945945945946
{?},Disney,,,
{?},Disney,,,
Small Sorting Top Trays,Educational,,,
Bear Stunt Bike,City,10.0,7.99,0.799
Stunt Truck & Ring of Fire Challenge,City,479.0,59.99,0.1252400835073069
Cyber Stunt Bike,City,13.0,7.99,0.6146153846153847
Dunk Stunt Ramp Challenge,City,144.0,29.99,0.2082638888888889
Spinning Stunt Challenge,City,117.0,39.99,0.34179487179487184
Ultimate Stunt Riders Challenge,City,385.0,99.99,0.2597142857142857
Car Wash,City,243.0,,
Ice Cream Parlour,City,296.0,,
Skate Park,City,454.0,,
Apartment Building,City,688.0,,
Winter Sports Park,City,1045.0,,
{?},City,,,
Arctic Research Ship,City,815.0,,
Mobile Police Dog Training,City,197.0,29.99,0.15223350253807105
Police Station Chase,City,172.0,39.99,0.2325
Emergency Vehicles HQ,City,706.0,69.99,0.09913597733711048
Police Training Academy,City,823.0,99.99,0.12149453219927095
Fire Rescue Boat,City,144.0,29.99,0.2082638888888889
Fire Command Truck,City,502.0,64.99,0.1294621513944223
Fire Station and Fire Engine,City,153.0,39.99,0.2613725490196079
Arctic Snowmobile,City,70.0,,
Seaforesting Boat,City,182.0,,
Arctic Mobile Laboratory,City,489.0,,
Deep Sea Explorer Submarine,City,842.0,,
City Centre,City,2010.0,,
Advent Calendar,City,,,
Vet Van Rescue,City,58.0,9.99,0.17224137931034483
Electric Sports Car,City,95.0,9.99,0.1051578947368421
Penguin Slushy Van,City,194.0,19.99,0.10304123711340206
Construction Digger,City,148.0,19.99,0.13506756756756755
Recycling Truck,City,261.0,29.99,0.11490421455938697
4x4 Off-Roader Adventures,City,252.0,29.99,0.11900793650793651
Gaming Tournament Truck,City,344.0,39.99,0.11625
Custom Car Garage,City,507.0,59.99,0.11832347140039448
Park Tractor,City,86.0,9.99,0.11616279069767442
Demolition Site,City,235.0,,
Police Bike Car Chase,City,59.0,9.99,0.16932203389830508
4x4 Fire Truck Rescue,City,97.0,9.99,0.10298969072164949
ATV and Otter Habitat,City,90.0,9.99,0.111
Family House,City,462.0,,
Minifigures Disney 100 6 Pack,Collectable Minifigures,,29.94,
2-in-1 bundle pack,Classic,334.0,,
Animal Play Pack,Miscellaneous,486.0,,
Character Packs - Series 6 Bundle,Super Mario,,,
{?},Duplo,,,
{?},Classic,,,
LEGO Minifigures - Series 24 {Random bag},Collectable Minifigures,,,
Football Referee,Collectable Minifigures,7.0,,
Robot Warrior,Collectable Minifigures,13.0,,
Brown Astronaut and Spacebaby,Collectable Minifigures,10.0,,
Carrot Mascot,Collectable Minifigures,8.0,,
Falconer,Collectable Minifigures,8.0,,
T-Rex Costume Fan,Collectable Minifigures,6.0,,
Orc,Collectable Minifigures,10.0,,
Conservationist,Collectable Minifigures,7.0,,
Potter,Collectable Minifigures,10.0,,
Rococo Aristocrat,Collectable Minifigures,6.0,,
Rockin' Horse Rider,Collectable Minifigures,7.0,,
Newspaper Kid,Collectable Minifigures,8.0,4.99,0.62375
LEGO Minifigures - Series 24 - Complete,Collectable Minifigures,100.0,,
LEGO Minifigures - Series 24 - Sealed Box,Collectable Minifigures,,,
LEGO Minifigures - Disney 100 Series {Random bag},Collectable Minifigures,,,
Oswald the Lucky Rabbit,Collectable Minifigures,5.0,,
Pinocchio,Collectable Minifigures,6.0,,
Jiminy Cricket,Collectable Minifigures,7.0,,
Sorcerer Mickey,Collectable Minifigures,8.0,,
Tiana,Collectable Minifigures,8.0,,
Dr. Facilier,Collectable Minifigures,9.0,,
Queen of Hearts,Collectable Minifigures,8.0,,
Aurora,Collectable Minifigures,7.0,,
Mulan,Collectable Minifigures,9.0,,
Ernesto de la Cruz,Collectable Minifigures,6.0,,
Miguel Rivera,Collectable Minifigures,9.0,,
Pocahontas,Collectable Minifigures,9.0,,
Cruella de Vil,Collectable Minifigures,8.0,,
Robin Hood,Collectable Minifigures,7.0,,
Prince John,Collectable Minifigures,7.0,,
Experiment 626 Stitch,Collectable Minifigures,6.0,,
Baymax,Collectable Minifigures,9.0,,
Evil Queen,Collectable Minifigures,9.0,,
LEGO Minifigures - Disney 100 Series - Complete,Collectable Minifigures,137.0,,
LEGO Minifigures - Disney 100 Series - Sealed Box,Collectable Minifigures,,4.99,
Character Pack Series 6 {Random box},Super Mario,,,
Blooper,Super Mario,,,
Green Toad,Super Mario,,,
Ice Bro,Super Mario,,,
Birdo,Super Mario,,,
Bramball,Super Mario,,,
Sumo Bro,Super Mario,,,
Spike,Super Mario,,,
Cat Goombas,Super Mario,,,
Character Pack Series 6 - Complete,Super Mario,0.0,,
Character Pack Series 6 - Sealed Box,Super Mario,,5.99,
Conkdor's Noggin Bopper,Super Mario,130.0,14.99,0.1153076923076923
Ice Mario Suit and Frozen World,Super Mario,105.0,24.99,0.238
Lava Wave Ride,Super Mario,218.0,34.99,0.1605045871559633
Fliprus Snow Adventure,Super Mario,567.0,64.99,0.11462081128747795
Creativity Toolbox,Super Mario,588.0,59.99,0.10202380952380953
Peach's Garden Balloon Ride,Super Mario,453.0,49.99,0.11035320088300221
Rambi the Rhino,Super Mario,106.0,10.99,0.10367924528301888
Dixie Kong's Jungle Jam,Super Mario,174.0,26.99,0.15511494252873562
{?},Super Mario,,,
Dry Bowser Castle Battle,Super Mario,1321.0,109.99,0.08326267978803936
Donkey Kong's Tree House,Super Mario,555.0,59.99,0.10809009009009009
Diddy Kong's Mine Cart Ride,Super Mario,1157.0,109.99,0.0950648228176318
{?},Super Mario,,,
{?},Super Mario,,,
Izzie and Bunchu the Bunny,Dreamzzz,259.0,19.99,0.07718146718146718
Mateo and Z-Blob the Robot,Dreamzzz,237.0,19.99,0.08434599156118143
Grimkeeper the Cage Monster,Dreamzzz,274.0,37.99,0.13864963503649635
Mrs. Castillo's Turtle Van,Dreamzzz,434.0,47.99,0.11057603686635945
Pegasus Flying Horse,Dreamzzz,482.0,49.99,0.10371369294605809
Crocodile Car,Dreamzzz,494.0,59.99,0.12143724696356276
Stable of Dream Creatures,Dreamzzz,681.0,79.99,0.11745961820851689
Mr. Oz's Spacebus,Dreamzzz,878.0,99.99,0.11388382687927107
Fantastical Tree House,Dreamzzz,1257.0,109.99,0.08750198886237072
Nightmare Shark Ship,Dreamzzz,1389.0,139.99,0.10078473722102232
Kai's Dragon Power Flip,Ninjago,72.0,10.99,0.15263888888888888
Nya's Dragon Power Drift,Ninjago,57.0,10.99,0.19280701754385965
Lloyd's Dragon Power Spin,Ninjago,56.0,10.99,0.19625
Kai's Ninja Race Car EVO,Ninjago,94.0,9.99,0.10627659574468086
Lloyd's Mech Battle EVO,Ninjago,223.0,19.99,0.08964125560538116
Cole's Earth Dragon EVO,Ninjago,285.0,34.99,0.12277192982456141
Kai's Mech Rider EVO,Ninjago,312.0,44.99,0.14419871794871794
Jay's Lightning Jet EVO,Ninjago,146.0,9.99,0.06842465753424658
Jay's Titan Mech,Ninjago,794.0,79.99,0.10074307304785894
Zane's Ice Dragon Creature,Ninjago,973.0,99.99,0.10276464542651592
Creative Ninja Brick Box,Ninjago,530.0,59.99,0.11318867924528302
Lloyd's Ninja Street Bike,Ninjago,64.0,9.99,0.15609375
Kai and Ras's Car and Bike Battle,Ninjago,103.0,19.99,0.19407766990291261
Imperium Dragon Hunter Hound,Ninjago,198.0,19.99,0.10095959595959596
Zane's Dragon Power Spinjitzu Race Car,Ninjago,307.0,34.99,0.11397394136807819
Sora's Transforming Mech Bike Racer,Ninjago,384.0,47.99,0.12497395833333334
Heatwave Transforming Lava Dragon,Ninjago,479.0,54.99,0.11480167014613779
Lloyd and Arin's Ninja Team Mechs,Ninjago,764.0,79.99,0.10469895287958114
Temple of the Dragon Energy Cores,Ninjago,1029.0,94.99,0.09231292517006802
Elemental Dragon vs. The Empress Mech,Ninjago,1038.0,129.99,0.12523121387283237
Destiny's Bounty - Race Against Time,Ninjago,1739.0,159.99,0.09200115008625648
Nya and Arin's Baby Dragon Battle,Ninjago,157.0,34.99,0.22286624203821656
NINJAGO City Markets,Ninjago,6163.0,369.99,0.060034074314457245
Nya's Water Dragon EVO,Ninjago,173.0,19.99,0.11554913294797688
Boba Fett's Starship Microfighter,Star Wars,85.0,9.99,0.11752941176470588
501st Clone Troopers Battle Pack,Star Wars,119.0,19.99,0.1679831932773109
Pirate Snub Fighter,Star Wars,285.0,34.99,0.12277192982456141
TIE Bomber,Star Wars,625.0,64.99,0.103984
Mandalorian Fang Fighter vs TIE Interceptor,Star Wars,957.0,99.99,0.10448275862068965
Captain Rex Helmet,Star Wars,854.0,69.99,0.08195550351288056
Clone Commander Cody Helmet,Star Wars,766.0,69.99,0.09137075718015665
Princess Leia (Boushh) Helmet,Star Wars,670.0,69.99,0.10446268656716418
Emperor's Throne Room Diorama,Star Wars,807.0,99.99,0.12390334572490706
Endor Speeder Chase Diorama,Star Wars,608.0,79.99,0.1315625
X-wing Starfighter,Star Wars,1949.0,239.99,0.12313494099538225
Executor Super Star Destroyer,Star Wars,630.0,69.99,0.11109523809523808
Tenoo Jedi Temple,Star Wars,124.0,39.99,0.3225
{?},Star Wars,,,
{?},Star Wars,,,
Spider Tank,Star Wars,526.0,49.99,0.09503802281368821
{?},Star Wars,,,
The Mandalorian N-1 Starfighter Microfighter,Star Wars,88.0,15.99,0.18170454545454545
{?},Star Wars,,,
{?},Star Wars,,,
Advent Calendar,Star Wars,,,
{?},Star Wars,,,
{?},Star Wars,,,
{?},Star Wars,,,
{?},Star Wars,,,
Ilu Discovery,Avatar,179.0,24.99,0.13960893854748602
Skimwing Adventure ,Avatar,259.0,34.99,0.13509652509652512
Mako Submarine,Avatar,553.0,59.99,0.10848101265822785
Metkayina Reef Home,Avatar,528.0,79.99,0.15149621212121211
Payakan the Tulkun & Crabsuit,Avatar,761.0,99.99,0.1313929040735874
Batmobile: Flash Tracking,DC Comics Super Heroes,456.0,,
{?},DC Comics Super Heroes,,,
Hulk Mech Armor,Marvel Super Heroes,138.0,14.99,0.1086231884057971
Thanos Mech Armor,Marvel Super Heroes,113.0,14.99,0.13265486725663717
Rocket Mech Armor,Marvel Super Heroes,98.0,14.99,0.1529591836734694
Miles Morales vs. Morbius,Marvel Super Heroes,220.0,24.99,0.11359090909090909
Ghost Rider Mech & Bike,Marvel Super Heroes,264.0,34.99,0.1325378787878788
The Hulkbuster: The Battle of Wakanda,Marvel Super Heroes,385.0,49.99,0.12984415584415585
The Avengers Quinjet,Marvel Super Heroes,795.0,99.99,0.12577358490566037
Star-Lord's Helmet,Marvel Super Heroes,602.0,79.99,0.1328737541528239
Guardians of the Galaxy Headquarters,Marvel Super Heroes,67.0,9.99,0.1491044776119403
Baby Rocket's Ship,Marvel Super Heroes,330.0,34.99,0.10603030303030303
The New Guardians' Ship,Marvel Super Heroes,1108.0,99.99,0.09024368231046931
Ant-Man Construction Figure,Marvel Super Heroes,289.0,29.99,0.10377162629757784
Wolverine Construction Figure,Marvel Super Heroes,327.0,,
Captain America Construction Figure,Marvel Super Heroes,310.0,,
Batman Construction Figure,DC Comics Super Heroes,275.0,,
Black Widow & Captain America Motorcycles,Marvel Super Heroes,130.0,,
{?},Marvel Super Heroes,,,
{?},Marvel Super Heroes,,,
{?},Marvel Super Heroes,,,
{?},DC Comics Super Heroes,,,
{?},DC Comics Super Heroes,,,
{?},Marvel Super Heroes,,,
Advent Calendar,Marvel Super Heroes,,,
Gryffindor House Banner,Harry Potter,285.0,34.99,0.12277192982456141
Slytherin House Banner,Harry Potter,349.0,34.99,0.10025787965616047
Ravenclaw House Banner,Harry Potter,305.0,34.99,0.11472131147540984
Hufflepuff House Banner,Harry Potter,313.0,34.99,0.1117891373801917
Hogwarts: Room of Requirement,Harry Potter,587.0,49.99,0.0851618398637138
Expecto Patronum,Harry Potter,754.0,,
The Battle of Hogwarts,Harry Potter,730.0,,
Quidditch Trunk,Harry Potter,599.0,,
Advent Calendar,Harry Potter,,,
{?},Harry Potter,,,
Triwizard Tournament: The Black Lake,Harry Potter,349.0,44.99,0.12891117478510028
Dobby the House-Elf,Harry Potter,403.0,,
Diagon Alley: Weasleys' Wizard Wheezes,Harry Potter,834.0,89.99,0.10790167865707434
Hogwarts Express & Hogsmeade Station,Harry Potter,1074.0,,
Ferrari 812 Competizione,Speed Champions,261.0,24.99,0.0957471264367816
Pagani Utopia,Speed Champions,249.0,24.99,0.10036144578313252
Porsche 963,Speed Champions,280.0,24.99,0.08925
2 Fast 2 Furious Nissan Skyline GT-R (R34),Speed Champions,319.0,24.99,0.0783385579937304
McLaren Solus GT & McLaren F1 LM,Speed Champions,581.0,34.99,0.060223752151463
Velociraptor Escape,Jurassic World,137.0,39.99,0.2918978102189781
Dilophosaurus Ambush,Jurassic World,211.0,19.99,0.09473933649289099
Triceratops Research,Jurassic World,281.0,49.99,0.17790035587188613
Brachiosaurus Discovery,Jurassic World,512.0,79.99,0.15623046875
Visitor Centre: T. rex & Raptor Attack,Jurassic World,693.0,129.99,0.1875757575757576
Sonic's Speed Sphere Challenge,Sonic the Hedgehog,292.0,34.99,0.11982876712328767
Tails' Workshop and Tornado Plane,Sonic the Hedgehog,376.0,39.99,0.10635638297872341
Amy's Animal Rescue Island,Sonic the Hedgehog,388.0,49.99,0.12884020618556702
{?},Sonic the Hedgehog,,,
Sonic's Green Hill Zone Loop Challenge,Sonic the Hedgehog,802.0,99.99,0.12467581047381546
Fighter Plane Chase,Indiana Jones,387.0,34.99,0.09041343669250647
Escape from the Lost Tomb,Indiana Jones,600.0,39.99,0.06665
The Temple of Doom,Indiana Jones,801.0,,
Temple of the Golden Idol,Indiana Jones,1545.0,149.99,0.09708090614886732
Monkie Kid's Combi Mech,Monkie Kid,277.0,19.99,0.07216606498194945
Mei's Dragon Jet,Monkie Kid,246.0,19.99,0.08126016260162601
Yellow Tusk Elephant,Monkie Kid,844.0,79.99,0.09477488151658767
Monkie Kid's Team Hideout,Monkie Kid,1582.0,139.99,0.08848925410872314
Monkey King Ultra Mech,Monkie Kid,1705.0,159.99,0.09383577712609971
Monkie Kid's Cloud Airship,Monkie Kid,540.0,49.99,0.09257407407407407
Mei's Guardian Dragon,Monkie Kid,605.0,74.99,0.12395041322314049
The Mighty Azure Lion,Monkie Kid,789.0,79.99,0.10138149556400507
Dragon of the East Palace,Monkie Kid,2364.0,189.99,0.08036802030456854
Lunar New Year Display,Seasonal,872.0,89.99,0.10319954128440366
Lunar New Year Parade,Seasonal,1653.0,129.99,0.0786388384754991
Master Wu vs. Ghost Archer,Ninjago,12.0,,
Kai vs. Skeleton King,Ninjago,,,
Raptor,Jurassic World,20.0,,
Baby Raptor,Jurassic World,20.0,,
Owen with Jetpack,Jurassic World,23.0,,
Pyroraptor,Jurassic World,71.0,,
Batcycle,DC Comics Super Heroes,37.0,,
Batman with Jet,DC Comics Super Heroes,,,
The Joker,DC Comics Super Heroes,,,
Black Panther with Jet,Marvel Super Heroes,25.0,,
Doctor Strange,Marvel Super Heroes,4.0,,
Cat Tree with Kitten,Friends,24.0,,
Bunny at Veterinary Station,Friends,21.0,,
Puppy and Doghouse,Friends,25.0,,
"Cave Explorer, Creeper and Slime",Minecraft,30.0,,
Adventurer with Drowned and Axolotl,Minecraft,,,
Knight with Chest and Anvil,Minecraft,17.0,,
Miles Morales,Marvel Super Heroes,8.0,,
Green Goblin,Marvel Super Heroes,19.0,,
Chili Girl Key Chain,Gear,,5.99,
Darth Vader Key Chain,Gear,,5.99,
Iron Man Key Chain,Gear,,5.99,
Scarlet Witch Key Chain,Gear,,5.99,
Creeper Key Chain,Gear,,5.99,
Steve Key Chain,Gear,,5.99,
Piglin Key Chain,Gear,,5.99,
Fennec Shand Key Chain,Gear,,5.99,
Scout Trooper Key Chain,Gear,,5.99,
