title,name,location,time,verified,review,aircraft,travel,seat_type,route,flown,rating,comf_rating,cabin_rating,food_rating,inflight_rating,ground_rating,money_rating,recomindation
they declined a small goodwill gesture,Paul Nicoll,United Kingdom,9th July 2026,Trip Verified,9th July 2026,,Solo Leisure,Business Class,Sydney to Doha,July 2026,5/10,5.0,3.0,3.0,3.0,5.0,3,
showed incredible leadership,Maher AlShaaban,Qatar,24th June 2026,Trip Verified,24th June 2026,,Family Leisure,Economy Class,Doha to Jakarta,June 2026,10/10,3.0,5.0,4.0,1.0,5.0,5,
just had to just sleep,Alwaleed Althani,Qatar,6th June 2026,Trip Verified,6th June 2026,A350-1000,A350-1000,Business Class,Hong Kong to Doha,May 2026,9/10,4.0,4.0,,,3.0,4,
sandwich no choice,Alwaleed Althani,Qatar,6th June 2026,Trip Verified,6th June 2026,A330-200,A330-200,Business Class,CAN to HKG,May 2026,6/10,3.0,3.0,1.0,1.0,3.0,3,
cabin crew was professional and friendly,L Casine,France,29th May 2026,Trip Verified,29th May 2026,Boeing 777-300ER,Boeing 777-300ER,Economy Class,Guangzhou to Doha,May 2026,6/10,2.0,5.0,5.0,5.0,2.0,2,
Outstanding experience,K Dhanoop,Qatar,21st May 2026,Trip Verified,21st May 2026,,Solo Leisure,Business Class,Doha to Kochi,May 2026,10/10,5.0,5.0,5.0,5.0,5.0,5,
Very nice QSuites,Alwaleed Althani,Qatar,19th May 2026,Trip Verified,19th May 2026,Boeing 777-300,Boeing 777-300,Business Class,Doha to Guangzhou,May 2026,8/10,5.0,4.0,,4.0,5.0,4,
service was very good,Michael Schade,Thailand,14th May 2026,Trip Verified,14th May 2026,Boeing 789/ / 777-300,Boeing 789/ / 777-300,Business Class,Frankfurt to Bangkok via Doha,May 2026,5/10,4.0,5.0,4.0,3.0,1.0,3,
service was of excellent quality,Alwaleed Althani,Qatar,11th May 2026,Trip Verified,11th May 2026,Boeing 777,Boeing 777,Business Class,LHR to DOH,May 2026,9/10,5.0,5.0,,,5.0,4,
Boarding in Johannesburg was chaotic,Alwaleed Althani,Qatar,9th April 2026,Trip Verified,9th April 2026,Boeing 787-9,Boeing 787-9,Business Class,Johannesburg to Doha,April 2026,6/10,3.0,3.0,1.0,4.0,1.0,4,
Very comfortable flight,Alwaleed Althani,Qatar,6th April 2026,Not Verified,6th April 2026,Boeing 787-9,Boeing 787-9,Business Class,Doha to Johannesburg,April 2026,10/10,5.0,5.0,4.0,5.0,5.0,4,
no realistic re-routing options,C Barlanek,Czech Republic,15th March 2026,Trip Verified,15th March 2026,A380-800,A380-800,Economy Class,Prague to Bangkok via Doha,February 2026,1/10,,,,,,2,
a great lie-flat seat,Eelco van den Heuvel,Netherlands,15th March 2026,Trip Verified,15th March 2026,A350/A380,A350/A380,Business Class,Amsterdam to Bangkok via Doha,February 2026,10/10,5.0,5.0,5.0,3.0,4.0,5,
Ticket was cheap,R Jones,United Kingdom,18th February 2026,Trip Verified,18th February 2026,Boeing 87,Boeing 87,Economy Class,Gatwick to Doha,February 2026,5/10,4.0,2.0,2.0,,1.0,5,
experience was not one of our best,Colin Kay,United Kingdom,8th February 2026,Trip Verified,8th February 2026,,Couple Leisure,Business Class,London to Male via Doha,February 2026,5/10,5.0,5.0,1.0,,5.0,3,
No compensation offered,R Morsch,Austria,5th February 2026,Trip Verified,5th February 2026,Boeing 777-300 / A350-900,Boeing 777-300 / A350-900,Business Class,Doha to Vienna,February 2026,2/10,4.0,4.0,2.0,4.0,1.0,1,
changed my pre arranged seat,Andrew Buckley,Ireland,30th January 2026,Trip Verified,30th January 2026,,Business,Business Class,Sydney to Doha,January 2026,2/10,,,,,4.0,2,
predictably high-quality product,Rajan Parrikar,Iceland,24th January 2026,Trip Verified,24th January 2026,Boeing 787-8,Boeing 787-8,Business Class,Goa to Doha,January 2026,9/10,5.0,3.0,,,5.0,4,
my seat was cramped,Rajan Parrikar,Iceland,24th January 2026,Trip Verified,24th January 2026,Boeing 787-9,Boeing 787-9,Business Class,Doha to Copenhagen,January 2026,4/10,2.0,1.0,3.0,,5.0,4,
very impressed with the service,J Keshy,Ireland,18th January 2026,Trip Verified,18th January 2026,,Solo Leisure,Economy Class,Dublin to Muscat via Doha,January 2026,10/10,4.0,5.0,5.0,4.0,5.0,5,
excellent service provided,Michael Schade,Germany,14th January 2026,Trip Verified,14th January 2026,Boeing 787-8 / A380,Boeing 787-8 / A380,Business Class,Frankfurt to Bangkok via Doha,December 2025,8/10,3.0,5.0,3.0,4.0,4.0,3,
food choices ran out,Jamie King,Portugal,11th January 2026,Trip Verified,11th January 2026,,Family Leisure,Economy Class,Auckland to Lisbon via Doha,January 2026,4/10,2.0,3.0,3.0,4.0,4.0,2,
"elegance, comfort, and hospitality",Iman Yusuf,Austria,11th January 2026,Trip Verified,11th January 2026,A320 / A350-900,A320 / A350-900,Economy Class,Djibouti to Milan via Doha Hamad,January 2026,10/10,5.0,5.0,5.0,5.0,5.0,5,
Catering was average,Michael Schade,Thailand,8th January 2026,Trip Verified,8th January 2026,A380/B788,A380/B788,Economy Class,Bangkok to Frankfurt via Doha,December 2025,5/10,4.0,4.0,2.0,4.0,3.0,2,
like a first class experience,J Calenski,United Kingdom,6th January 2026,Trip Verified,6th January 2026,Boeing 777,Boeing 777,Business Class,Heathrow to Perth via Doha,December 2025,10/10,4.0,5.0,5.0,3.0,5.0,5,
deeply disappointing,Nenad Vukusic,Croatia,1st January 2026,Trip Verified,1st January 2026,,Solo Leisure,Economy Class,Abu Dhabi to Doha ,December 2025,1/10,1.0,,,,1.0,1,
an incredible experience,Chantal van der Merwe,South Africa,30th December 2025,Not Verified,30th December 2025,Boeing 787-9 / A350-1000,Boeing 787-9 / A350-1000,Business Class,Munich to Johannesburg via Doha,December 2025,10/10,4.0,5.0,5.0,5.0,5.0,5,
go-to airline for long travel,Mohamed Alkowari,Bahrain,26th December 2025,Trip Verified,26th December 2025,,Solo Leisure,Economy Class,Tokyo Narita to Doha,December 2025,10/10,5.0,5.0,5.0,5.0,5.0,5,
ate and drank all that I wanted,Anders Pedersen,Rwanda,26th December 2025,Trip Verified,26th December 2025,A350-900,A350-900,Economy Class,Casablanca to Doha,December 2025,8/10,3.0,3.0,4.0,4.0,4.0,4,
Crew was hard working,J Mursen,Germany,24th December 2025,Trip Verified,24th December 2025,Boeing 787,Boeing 787,Economy Class,Hanoi to Dusseldorf via Doha,December 2025,7/10,2.0,5.0,3.0,3.0,3.0,4,
revelation on this flight was Starlink,Rajan Parrikar,Iceland,22nd December 2025,Trip Verified,22nd December 2025,Boeing 787-8,Boeing 787-8,Business Class,Doha to Goa,December 2025,10/10,5.0,5.0,,,4.0,4,
at the top of the industry,Rajan Parrikar,Iceland,22nd December 2025,Trip Verified,22nd December 2025,Boeing 787-8,Boeing 787-8,Business Class,CPH to DOH,December 2025,10/10,5.0,5.0,5.0,,4.0,4,
remains my choice of airline,Mercy Alexander,United States,17th December 2025,Trip Verified,17th December 2025,,Solo Leisure,Economy Class,Philadelphia to Nagpur via Doha,December 2025,9/10,5.0,5.0,5.0,5.0,5.0,5,
quite underwhelming,T Lusillo,Australia,17th December 2025,Trip Verified,17th December 2025,,Family Leisure,Economy Class,Doha to Paris ,November 2025,3/10,2.0,1.0,3.0,3.0,2.0,4,
remains my airline of choice,Ahmed Almannaei,United Arab Emirates,16th December 2025,Trip Verified,16th December 2025,A320 / Boeing 787-8,A320 / Boeing 787-8,Business Class,Sharjah to Phuket via Doha,December 2025,10/10,5.0,5.0,5.0,5.0,5.0,5,
excellent and memorable,Mauro Tostes,Brazil,15th December 2025,Not Verified,15th December 2025,Boeing 787,Boeing 787,Economy Class,Sao Paulo to Moscow via Doha,December 2025,10/10,5.0,5.0,5.0,5.0,5.0,4,
no compensation has been issued,T Kalan,United States,15th December 2025,Trip Verified,15th December 2025,A350,A350,Economy Class,Boston to Muscat via Doha,August 2025,1/10,3.0,4.0,3.0,3.0,1.0,1,
only one meal,G Murtens,Germany,14th December 2025,Trip Verified,14th December 2025,Boeing 787,Boeing 787,Economy Class,Dusseldorf to Doha,December 2025,6/10,3.0,4.0,2.0,3.0,5.0,4,
completely grateful of the gesture,L Kan,United States,13th December 2025,Trip Verified,13th December 2025,,Family Leisure,Business Class,Doha to Boston,October 2025,10/10,5.0,5.0,5.0,4.0,5.0,5,
give no butter or salt and pepper,P Ferris,Australia,9th December 2025,Trip Verified,9th December 2025,,Family Leisure,Economy Class,Brisbane to Barcelona via Doha,December 2025,4/10,2.0,2.0,2.0,4.0,2.0,2,
Service was surprisingly inattentive,S Parlin,United States,7th December 2025,Trip Verified,7th December 2025,Boeing 777-300er,Boeing 777-300er,Business Class,Doha to Seattle,December 2025,5/10,5.0,2.0,1.0,,2.0,2,
a very comfortable way to travel,G Mayes,United States,5th December 2025,Trip Verified,5th December 2025,Boeing 777,Boeing 777,Business Class,New York to Nairobi via Doha,October 2025,9/10,5.0,4.0,5.0,4.0,4.0,4,
most professional people,S Boyle,Taiwan,3rd December 2025,Trip Verified,3rd December 2025,,Solo Leisure,Business Class,Bangkok to Johannesburg via Doa,November 2025,9/10,5.0,5.0,5.0,5.0,5.0,5,
missed our connection,R Walderren,Netherlands,2nd December 2025,Trip Verified,2nd December 2025,,Solo Leisure,Economy Class,Doha to Frankfurt,November 2025,1/10,3.0,3.0,1.0,3.0,1.0,1,
outstanding cabin crew,M Collie,Ireland,25th November 2025,Not Verified,25th November 2025,A350,A350,Business Class,Johanesberg to Dublin via Doha,November 2025,9/10,4.0,5.0,5.0,4.0,3.0,4,
they deliver value for money,Charles Thompson,Australia,24th November 2025,Not Verified,24th November 2025,,Couple Leisure,Economy Class,Doha to Brisbane,November 2025,6/10,1.0,5.0,3.0,,5.0,4,
The service was overwhelming,Antje Schulz,Germany,23rd November 2025,Not Verified,23rd November 2025,,Couple Leisure,Economy Class,Phuket to Frankfurt via Doha,November 2025,10/10,3.0,5.0,5.0,4.0,5.0,5,
Starlink WiFi service was excellent,Alwaleed Althani,Qatar,23rd November 2025,Trip Verified,23rd November 2025,Boeing 777-300ER,Boeing 777-300ER,Business Class,London to Doha ,November 2025,8/10,5.0,4.0,,3.0,4.0,3,
a delightful experience,Mahmud Noormohamed,United States,19th November 2025,Trip Verified,19th November 2025,A350-1000,A350-1000,Business Class,Dallas to Doha,November 2025,10/10,4.0,5.0,5.0,4.0,5.0,5,
Lots of kudos to Qatar Airways,Michael Fewster,Australia,19th November 2025,Trip Verified,19th November 2025,A350-900,A350-900,Economy Class,Athens to Adelaide via Doha,November 2025,10/10,5.0,5.0,5.0,5.0,5.0,5,
Dining was par excellence,Mahmud Noormohamed,United States,19th November 2025,Trip Verified,19th November 2025,Boeing 787-8/A330-300,Boeing 787-8/A330-300,First Class,Doha to Muscat,November 2025,9/10,5.0,5.0,4.0,5.0,5.0,5,
staff are always friendly,Trung Hieu Tran,Germany,17th November 2025,Trip Verified,17th November 2025,,Solo Leisure,Economy Class,Hanoi to Doha,November 2025,10/10,4.0,5.0,5.0,5.0,3.0,5,
recommend Qatar Airways,Prudence Qwabe,South Africa,13th November 2025,Trip Verified,13th November 2025,,Solo Leisure,Economy Class,Riyadh to Johannesburg via Doha,November 2025,10/10,4.0,5.0,5.0,5.0,5.0,5,
a great experience,D Khalin,Qatar,11th November 2025,Trip Verified,11th November 2025,,Solo Leisure,Economy Class,Doha to Beirut,November 2025,10/10,5.0,5.0,5.0,5.0,5.0,5,
Gold membership is useless,M Bialoglowy  ,Portugal,8th November 2025,Trip Verified,8th November 2025,,Solo Leisure,Economy Class,Doha to Lisbon,November 2025,4/10,3.0,1.0,4.0,3.0,2.0,2,
Service and food outstanding,Michael Schade,Germany,1st November 2025,Trip Verified,1st November 2025,A359,A359,Business Class,Doha to Singapore,October 2025,10/10,5.0,5.0,5.0,3.0,5.0,4,
Seat comfortable and private,Michael Schade,Germany,31st October 2025,Trip Verified,31st October 2025,Boeing 787-9,Boeing 787-9,Business Class,Düsseldorf to Doha,October 2025,6/10,5.0,5.0,3.0,3.0,4.0,3,
Excellent airline,Frank De Graaf,South Africa,21st October 2025,Trip Verified,21st October 2025,Boeing 777,Boeing 777,Economy Class,Cape Town to Doha,October 2025,10/10,5.0,5.0,5.0,4.0,5.0,5,
operated by an all-economy A321,Wael Taha,Saudi Arabia,19th October 2025,Trip Verified,19th October 2025,A321,A321,Economy Class,Medina to Amsterdam via Doha,October 2025,5/10,3.0,5.0,4.0,,5.0,4,
Seat could not be adjusted,Michael Schade,Germany,14th October 2025,Trip Verified,14th October 2025,A380,A380,Business Class,Bangkok to Doha,September 2025,1/10,1.0,4.0,2.0,1.0,4.0,1,
no compensation,Rolf Köpke,Qatar,12th October 2025,Trip Verified,12th October 2025,,Family Leisure,Economy Class,Dusseldorf to Doha,August 2025,1/10,4.0,5.0,4.0,4.0,1.0,4,
will be forever grateful,J McLean,Australia,9th October 2025,Trip Verified,9th October 2025,,Couple Leisure,Economy Class,Athens to Doha,October 2025,10/10,5.0,5.0,5.0,5.0,5.0,5,
IFE did not work,Michael Schade,Germany,8th October 2025,Trip Verified,8th October 2025,Boeing 787-9,Boeing 787-9,Business Class,Doha to Munich,September 2025,5/10,4.0,5.0,4.0,1.0,5.0,2,
an exceptional experience,Zainab Alhaddawi,Canada,6th October 2025,Trip Verified,6th October 2025,,Couple Leisure,Economy Class,Munich to Doha,October 2025,10/10,5.0,5.0,5.0,5.0,5.0,5,
I requested this to be refunded,D Leare,Australia,6th October 2025,Trip Verified,6th October 2025,,Couple Leisure,Business Class,Rome to Singapore via Doha ,July 2025,1/10,2.0,3.0,,,1.0,1,
a bus ride from the terminal,Alwaleed Althani,Qatar,30th September 2025,Trip Verified,30th September 2025,A333,A333,First Class,Doha to Amman,September 2025,6/10,2.0,3.0,3.0,,5.0,4,
"extremely professional, kind, and caring",Erkul Kavalci,United Kingdom,24th September 2025,Trip Verified,24th September 2025,,Solo Leisure,Economy Class,Jeddah to Doha,September 2025,10/10,5.0,5.0,5.0,5.0,5.0,5,
quality of wine reduced0,S Malsche ,Thailand,23rd September 2025,Trip Verified,23rd September 2025,Boeing 787-9,Boeing 787-9,Business Class,Frankfurt to Bangkok via Doha,September 2025,5/10,4.0,5.0,2.0,3.0,5.0,2,
a truly world class airline,H Foster,Zambia,18th September 2025,Trip Verified,18th September 2025,"Boeing 787, A350","Boeing 787, A350",Economy Class,London Heathrow to Lusaka via Doha,August 2025,10/10,5.0,5.0,5.0,5.0,5.0,5,
Service efficient and friendly,Michael Schade,Germany,14th September 2025,Trip Verified,14th September 2025,Boeing 787-9,Boeing 787-9,Business Class,Doha to Frankfurt,September 2025,8/10,5.0,5.0,4.0,3.0,3.0,3,
Mini Qsuite very private and comfortable,Michael Schade,Germany,13th September 2025,Trip Verified,13th September 2025,Boeing 787-9,Boeing 787-9,Business Class,Bangkok to Doha,September 2025,5/10,4.0,5.0,2.0,3.0,4.0,2,
seats have been reassigned,Romana Malik,United States,7th September 2025,Trip Verified,7th September 2025,,Family Leisure,Economy Class,Doha to Boston ,September 2025,8/10,5.0,5.0,5.0,5.0,5.0,4,
fantastic and extremely comfortable,J Raiz,United Kingdom,2nd September 2025,Trip Verified,2nd September 2025,,Solo Leisure,Business Class,Doha to London,August 2025,10/10,5.0,5.0,5.0,5.0,5.0,3,
I will remain a loyal customer,Iman Yusuf,Austria,1st September 2025,Trip Verified,1st September 2025,,Solo Leisure,Economy Class,Jeddah to Munich via Doha,August 2025,10/10,5.0,5.0,5.0,5.0,5.0,5,
I was more than impressed,Ronald Zwart,New Zealand,26th August 2025,Not Verified,26th August 2025,A380,A380,Business Class,Sydney to Doha,June 2025,10/10,4.0,5.0,5.0,5.0,5.0,5,
the aircraft was swapped,Dmitriy Berezin,United Arab Emirates,21st August 2025,Trip Verified,21st August 2025,,Business,Business Class,Sharjah to Moscow via Doha,May 2025,4/10,,,,,,2,
causing me to miss my flight,Jarryd Domingo,South Africa,19th August 2025,Trip Verified,19th August 2025,,Solo Leisure,Economy Class,Johannesburg to Vienna,August 2025,1/10,,,,,1.0,1,
an experience that borders on First,Rajan Parrikar,Iceland,18th August 2025,Trip Verified,18th August 2025,Boeing 787-8,Boeing 787-8,Business Class,Doha to Copenhagen,August 2025,10/10,5.0,5.0,4.0,,4.0,4,
on-board service impeccable,P Jannir,Iceland,18th August 2025,Trip Verified,18th August 2025,Boeing 787-8,Boeing 787-8,Business Class,Goa to Doha,August 2025,10/10,5.0,5.0,4.0,,4.0,4,
cabin temperature was freezing,S Marulc,Poland,10th August 2025,Trip Verified,10th August 2025,"Boeing 777-200, / A330-200","Boeing 777-200, / A330-200",Economy Class,Warsaw to Seychelles via Doha,August 2025,5/10,3.0,5.0,5.0,4.0,5.0,3,
an outstanding experience,Bhathiya Alagoda,Sri Lanka,4th August 2025,Trip Verified,4th August 2025,Boeing 787 /  777-300,Boeing 787 /  777-300,Economy Class,Colombo to London via Doha,August 2025,10/10,5.0,5.0,5.0,5.0,3.0,5,
inflight entertainment wasn't working,Roger Langdon,South Africa,28th July 2025,Not Verified,28th July 2025,,Family Leisure,Economy Class,Bangkok to Cape Town via Doha,July 2025,3/10,5.0,4.0,4.0,1.0,4.0,3,
best airline I’ve experienced,S Bareno,Peru,26th July 2025,Trip Verified,26th July 2025,Boeing,Boeing,Economy Class,Tokyo to Madrid via Lima,July 2025,10/10,3.0,5.0,5.0,5.0,5.0,5,
nothing short of exceptional,D Hergud,United Kingdom,21st July 2025,Trip Verified,21st July 2025,Boeing 787-8,Boeing 787-8,Business Class,Doha to Birmingham,June 2025,10/10,5.0,5.0,5.0,5.0,5.0,5,
very disappointed in the qualty of service,Ash Hogan,Australia,18th July 2025,Not Verified,18th July 2025,Boeing 777,Boeing 777,Economy Class,Melbourne to Venice via Athens,July 2025,1/10,1.0,1.0,1.0,1.0,1.0,1,
forgotten how good it can be,E Michaels,United Kingdom,16th July 2025,Trip Verified,16th July 2025,Boeing 777,Boeing 777,Business Class,London to Doha,July 2025,9/10,5.0,5.0,5.0,5.0,5.0,5,
"comfort, service, and efficiency",N Pardele,France,7th July 2025,Trip Verified,7th July 2025,,Solo Leisure,Economy Class,Kathmandu to Paris via Doha,July 2025,10/10,5.0,5.0,5.0,5.0,5.0,5,
service was both warm and precise,Rajan Parrikar,Iceland,7th July 2025,Trip Verified,7th July 2025,Boeing 787-8,Boeing 787-8,Business Class,Copenhagen to Doha,July 2025,9/10,5.0,5.0,3.0,,4.0,4,
maintains a high standard of service,Rajan Parrikar,Iceland,7th July 2025,Trip Verified,7th July 2025,Boeing 787-8,Boeing 787-8,Business Class,Doha to Goa,July 2025,9/10,5.0,5.0,3.0,,4.0,4,
substantial delay for my trip,S Masikoto,Hong Kong,5th July 2025,Trip Verified,5th July 2025,Boeing 777-300er,Boeing 777-300er,Business Class,Hong Kong to Sao Paulo via Doha,June 2025,2/10,4.0,5.0,4.0,,1.0,1,
Boarding at Doha was chaotic,S Weber,Germany,4th July 2025,Trip Verified,4th July 2025,Boeing 789,Boeing 789,Economy Class,Doha to Bangkok,July 2025,2/10,1.0,2.0,1.0,5.0,1.0,1,
cancelled the connecting flight,H Karish,Singapore,3rd July 2025,Trip Verified,3rd July 2025,,Business,Economy Class,Singapore to Madrid via Doha,June 2025,1/10,,,,,,3,
a good airline and decent value,Nigel Williams,United Kingdom,21st June 2025,Not Verified,21st June 2025,Boeing 777/A380,Boeing 777/A380,Economy Class,Bangkok to London Heathrow via Doha,June 2025,7/10,4.0,5.0,2.0,3.0,4.0,4,
arrived 77 minutes late,Michael Beer,Austria,20th June 2025,Trip Verified,20th June 2025,,Couple Leisure,Economy Class,Denpasar to Vienna via Doha,June 2025,3/10,2.0,3.0,2.0,,3.0,2,
pay attention to details that matter,Theona Knight,Kuwait,19th June 2025,Trip Verified,19th June 2025,,Solo Leisure,Business Class,Kuwait to Miami via Doha,June 2025,10/10,5.0,5.0,5.0,5.0,2.0,5,
Overall a great flight,Michael Schade,Germany,18th June 2025,Trip Verified,18th June 2025,Boeing 777-300,Boeing 777-300,Business Class,Doha to London Heathrow,June 2025,8/10,5.0,3.0,5.0,4.0,4.0,5,
very enjoyable first time experience,Ronald Zwart,New Zealand,17th June 2025,Not Verified,17th June 2025,A380,A380,Business Class,Sydney to Doha,June 2025,10/10,5.0,5.0,5.0,5.0,5.0,5,
Service hectic and not overly friendly,Michael Schade,Germany,17th June 2025,Trip Verified,17th June 2025,Boeing 773,Boeing 773,Business Class,Addis Ababa to Doha,June 2025,5/10,5.0,3.0,4.0,5.0,4.0,3,
hardworking cabin crew,Michael Schade,Germany,12th June 2025,Trip Verified,12th June 2025,A320,A320,Business Class,Doha to Addis Ababa,June 2025,8/10,5.0,5.0,5.0,4.0,3.0,4,
average service and food,S Claasen,Netherlands,11th June 2025,Trip Verified,11th June 2025,Boeing 788,Boeing 788,Economy Class,Bangkok to Doha,June 2025,6/10,2.0,3.0,3.0,4.0,5.0,3,
excellent and so helpful,Warren Stocker,United Kingdom,7th June 2025,Trip Verified,7th June 2025,Boeing 777 / 787,Boeing 777 / 787,Economy Class,Seychelles to Gatwick via Doha,June 2025,10/10,5.0,5.0,5.0,5.0,5.0,5,
herring bone business class!,Alwaleed Althani,Qatar,5th June 2025,Trip Verified,5th June 2025,Boeing 777,Boeing 777,First Class,Doha to Beirut,June 2025,7/10,4.0,4.0,3.0,1.0,5.0,3,
head and shoulders above the rest,Karl Watkin,Australia,29th May 2025,Trip Verified,29th May 2025,A380-800,A380-800,Economy Class,Perth to Warsaw via Doha,May 2025,10/10,5.0,5.0,5.0,5.0,5.0,5,
Fantastic staff,E Larsen,New Zealand,21st May 2025,Trip Verified,21st May 2025,A350 / A380,A350 / A380,Economy Class,Auckland to London via Doha,May 2025,10/10,4.0,5.0,5.0,4.0,5.0,5,
seats are terribly uncomfortable,Debby van Zyl,South Africa,19th May 2025,Trip Verified,19th May 2025,A350-900,A350-900,Economy Class,Prague to Cape Town via Doha,May 2025,6/10,1.0,5.0,3.0,,3.0,3,
asked if I could be moved,Mark Allen,United States,2nd May 2025,Not Verified,2nd May 2025,Boeing 777,Boeing 777,Economy Class,Lahore to London via Doha,April 2025,5/10,3.0,4.0,5.0,5.0,1.0,2,
out and back were outstanding,Maria Basanou,Greece,1st May 2025,Trip Verified,1st May 2025,A320 / Boeing 777-300ER,A320 / Boeing 777-300ER,Economy Class,Athens to Phnom Penh via Doha,April 2025,10/10,5.0,5.0,5.0,5.0,5.0,5,
Q-suites are really nice,Jason Hill,Australia,1st May 2025,Trip Verified,1st May 2025,,Couple Leisure,First Class,Dublin to Sydney via Doha,April 2025,6/10,5.0,4.0,2.0,5.0,5.0,3,
My food was poor,A Kelsim,Singapore,1st May 2025,Trip Verified,1st May 2025,,Business,Economy Class,Singapore to Doha,January 2025,3/10,3.0,1.0,2.0,3.0,1.0,1,
The service was outstanding,Mirzokhidjon Khayitboev,Uzbekistan,29th April 2025,Not Verified,29th April 2025,A320,A320,Economy Class,Doha to Karachi,April 2025,9/10,3.0,5.0,3.0,4.0,5.0,4,
WIFI service is amazing,Alwaleed Althani,Qatar,28th April 2025,Trip Verified,28th April 2025,Boeing 777-300,Boeing 777-300,Business Class,Doha to London Heathrow,April 2025,8/10,5.0,5.0,5.0,3.0,5.0,4,
didn’t qualify for Qpoints,Mehdi Rakhamimov,Azerbaijan,22nd April 2025,Trip Verified,22nd April 2025,,Couple Leisure,Economy Class,Baku to Guangzhou via Doha,February 2025,3/10,4.0,4.0,3.0,3.0,3.0,3,
comfortable and enjoyable flights,Dhrubajyoti Samanta,United Kingdom,19th April 2025,Trip Verified,19th April 2025,A350-900,A350-900,Business Class,Doha to Singapore,December 2024,10/10,5.0,5.0,5.0,5.0,5.0,5,
service was personal and faultless,Graham Henrickson,Australia,19th April 2025,Trip Verified,19th April 2025,A 350-900,A 350-900,Business Class,Rome to Doha,March 2025,10/10,5.0,5.0,5.0,5.0,5.0,4,
wonderful service provided,Antony Peter,India,18th April 2025,Trip Verified,18th April 2025,,Solo Leisure,Business Class,Miami to Cochin via Doha,February 2025,10/10,5.0,5.0,5.0,5.0,5.0,5,
The WIFI was super fast,Alwaleed Althani,Qatar,16th April 2025,Trip Verified,16th April 2025,A350-900,A350-900,Business Class,Male to Doha,April 2025,10/10,4.0,4.0,2.0,5.0,5.0,4,
best Business Class flight,N. Siotto,United Arab Emirates,13th April 2025,Trip Verified,13th April 2025,A350-900,A350-900,Business Class,Dubai to Doha,April 2025,10/10,5.0,5.0,5.0,5.0,5.0,5,
has become my favourite airline,Don Beddage,Canada,11th April 2025,Trip Verified,11th April 2025,Boeing 777,Boeing 777,Business Class,Colombo to Toronto via Doha,March 2025,10/10,5.0,5.0,5.0,5.0,5.0,5,
cabin service was excellent,Alwaleed Althani,Qatar,8th April 2025,Trip Verified,8th April 2025,Boeing 777,Boeing 777,Business Class,Doha to Male ,April 2025,9/10,4.0,5.0,3.0,3.0,5.0,4,
I complained on each flight,Jonathan Griffiths,Japan,6th April 2025,Trip Verified,6th April 2025,Various,Various,Economy Class,Tokyo to Sofia via Doha,April 2025,3/10,3.0,1.0,1.0,2.0,3.0,3,
a pleasure flying with you,Petrus Smith,South Africa,30th March 2025,Trip Verified,30th March 2025,,Business,Business Class,Johannesburg to Amman via Doha,March 2025,9/10,5.0,5.0,5.0,3.0,5.0,5,
still not heard from them for 5 weeks,Ian Goody ,United Kingdom,27th March 2025,Not Verified,27th March 2025,Boeing 777 ,Boeing 777 ,Economy Class,Perth to London Heathrow via Doha,July 2024,2/10,1.0,2.0,2.0,3.0,3.0,3,
cabin was unbearably cold,A Jalenad,United States,21st March 2025,Trip Verified,21st March 2025,Boeing 777,Boeing 777,Economy Class,Doha to Seattle ,March 2025,1/10,2.0,1.0,,4.0,2.0,2,
could have just let me move,T Reddy,India,18th March 2025,"Trip | Since 2023, I have consistently avoided flying Qatar Airways because of my sub-par experience in Economy Class. There are only 2 options to Maputo either Qatar Airways or Ethiopian and I decided to go with Qatar. Mumbai to Qatar leg is operated by Indigo which has no IFE and on a 3.5 hour flight, you get a sandwich and a small juice with some crackers and really uncomfortable seats (I admit that was my mistake since I did not check thoroughly).  Boarding for the flight to Maputo was chaos by a disorganised gate agent. After departure they served a sandwich, due to the tight connection time, I did not have any time to pick up snacks at the airport. I ended up seated next to a plus sized lady with a rather fussy infant, who had a middle seat. Later, I saw there were quite a few empty seats and they could have just let me move and allowed both of us a bit of comfort, but by the time the seat belt signs were off, others had already spread out and fallen asleep in those seats. The main meal was served 1.5 hours before arrival in Maputo and while the taste was good it was inadequate. My IFE stopped working 5 hours or so into the flight. ",18th March 2025,A350-900 / Boeing 737 Max8,A350-900 / Boeing 737 Max8,Economy Class,Mumbai to Maputo via Doha,March 2025,2/10,2.0,2.0,2.0,,1.0,2,
Indigo service not up to expectations,T Reddy,India,18th March 2025,Trip Verified,18th March 2025,A350-900 / Boeing 737 Max8,A350-900 / Boeing 737 Max8,Economy Class,Maputo to Mumbai via Doha,March 2025,6/10,4.0,3.0,3.0,3.0,4.0,3,
Very consistent service,Luis De Jesus,United States,16th March 2025,Trip Verified,16th March 2025,,Business,Business Class,Bangkok to Doha,February 2025,10/10,5.0,5.0,5.0,5.0,5.0,5,
service was spot on,Luis De Jesus,United Kingdom,16th March 2025,Trip Verified,16th March 2025,,Business,Business Class,Doha to Phuket,February 2025,10/10,5.0,5.0,5.0,5.0,5.0,5,
top quality crew,Luis De Jesus,United States,16th March 2025,Trip Verified,16th March 2025,,Business,Business Class,Doha to New York,February 2025,10/10,5.0,5.0,5.0,5.0,5.0,5,
ruined a checked roller bag,Mike Grandinetti,United States,15th March 2025,Trip Verified,15th March 2025,,Business,First Class,Damman to Doha,December 2024,2/10,4.0,4.0,,,1.0,1,
chaotic transfer at Hamad airport,Michael Schade,Thailand,12th March 2025,Trip Verified,12th March 2025,A350,A350,Economy Class,Dubai to Doha,February 2025,4/10,4.0,4.0,3.0,4.0,1.0,2,
pleasant and uneventful,Michael Schade,Thailand,8th March 2025,Trip Verified,8th March 2025,B773/A350,B773/A350,Economy Class,Bangkok to Doha,March 2025,6/10,4.0,5.0,4.0,4.0,5.0,4,
Qatar Airways changed the aircraft,J Dayle,United States,24th February 2025,Trip Verified,24th February 2025,,Business,Business Class,Chicago to Doha,February 2025,1/10,1.0,5.0,2.0,1.0,1.0,1,
attendants were very helpful,S Melkov,United Kingdom,24th February 2025,Trip Verified,24th February 2025,A330,A330,Economy Class,Gatwick to Colombo via Doha,February 2025,3/10,5.0,2.0,,,5.0,4,
Both flights were excellent,Walter Gujer,Thailand,18th February 2025,Trip Verified,18th February 2025,A350 / Boeing 777,A350 / Boeing 777,Business Class,Zurich to Bangkok via Doha,February 2025,10/10,5.0,5.0,5.0,4.0,5.0,5,
discourtesy with the security staff,K Brawn,United Kingdom,18th February 2025,Trip Verified,18th February 2025,,Couple Leisure,Business Class,Melbourne to Gatwick via Doha,February 2025,1/10,5.0,2.0,2.0,2.0,1.0,3,
Good but food needs improvement,Ishan Jani,United States,13th February 2025,Not Verified,13th February 2025,A350-1000,A350-1000,Economy Class,Miami to Doha,January 2025,6/10,3.0,5.0,5.0,5.0,5.0,3,
the flight was amazing,Ishan Jani,United Kingdom,13th February 2025,Not Verified,13th February 2025,787-8,787-8,Economy Class,Doha to Ahmedabad,January 2025,7/10,4.0,5.0,5.0,5.0,5.0,3,
epitome of comfort and privacy,Rajan Parrikar,Iceland,10th February 2025,Trip Verified,10th February 2025,A350-900,A350-900,Business Class,Doha to Copenhagen,February 2025,10/10,5.0,5.0,5.0,,5.0,5,
true premium service,Rajan Parrikar,Iceland,10th February 2025,Trip Verified,10th February 2025,Boeing 787-8,Boeing 787-8,Business Class,Goa to Doha,February 2025,10/10,5.0,5.0,5.0,,5.0,5,
excited to fly again on an A380,Walter Gujer,Thailand,8th February 2025,Trip Verified,8th February 2025,A380,A380,Business Class,Bangkok to Doha,February 2025,7/10,5.0,3.0,,,5.0,4,
customer services unhelpful,Tilly Hoskins,United Kingdom,8th February 2025,Trip Verified,8th February 2025,,Solo Leisure,Economy Class,London Heathrow to Hong Kong via Doha,February 2025,1/10,1.0,1.0,,,1.0,1,
exceptional service and attention,Samantha Svhucroft,Australia,7th February 2025,Not Verified,7th February 2025,A380,A380,First Class,Perth to Prague,December 2024,10/10,5.0,5.0,5.0,5.0,5.0,5,
cabin crew worked tirelessly,Tai Wei Wong,Malaysia,4th February 2025,Trip Verified,4th February 2025,A350-1000,A350-1000,Business Class,Kuala Lumpur to Houston via Doha,February 2025,9/10,5.0,5.0,5.0,5.0,5.0,4,
crew were attentive and approachable,Azlan Hashim,Malaysia,3rd February 2025,Not Verified,3rd February 2025,Boeing 777-300ER,Boeing 777-300ER,Economy Class,Doha to Istanbul,October 2024,8/10,4.0,5.0,4.0,5.0,5.0,5,
outstanding experience,Dr. Akeil Al-Faraj,Canada,28th January 2025,Trip Verified,28th January 2025,,Family Leisure,Economy Class,Doha to Amman,January 2025,10/10,5.0,5.0,5.0,5.0,5.0,5,
the service is always so good,Claus Falsig,Denmark,27th January 2025,Trip Verified,27th January 2025,,Business,Business Class,Copenhagen to Beijing via Doha,January 2025,10/10,5.0,5.0,5.0,5.0,5.0,5,
check-in at Calicut was slow,Shayne Haridas,Saudi Arabia,27th January 2025,Trip Verified,27th January 2025,,Solo Leisure,Economy Class,Calicut to Dammam via Doha,January 2025,4/10,1.0,4.0,3.0,1.0,1.0,2,
consistently ranks at or near the top,Rajan Parrikar,Iceland,14th January 2025,Trip Verified,14th January 2025,Boeing 787-8,Boeing 787-8,Business Class,Doha to Goa,January 2025,10/10,5.0,5.0,5.0,,5.0,4,
noticeable upgrade in meal quality,Rajan Parrikar,Iceland,14th January 2025,Trip Verified,14th January 2025,Boeing 787-9,Boeing 787-9,Business Class,Copenhagen to Doha,January 2025,10/10,5.0,5.0,5.0,,4.0,4,
Crew always ready to help,Willy Fischer ,France,9th January 2025,Trip Verified,9th January 2025,Boeing 777,Boeing 777,Economy Class,Doha to Paris CDG,September 2024,10/10,5.0,5.0,5.0,5.0,5.0,4,
we were silver members,David Sims,Australia,5th January 2025,Trip Verified,5th January 2025,A350-900,A350-900,Economy Class,Barcelona to Doha,January 2025,2/10,5.0,2.0,1.0,5.0,1.0,4,
the flight with Qatar Airways was great,L Han,Germany,5th January 2025,Trip Verified,5th January 2025,Boeing 777-300ER,Boeing 777-300ER,Business Class,Munich to Doha,January 2025,6/10,5.0,5.0,5.0,5.0,5.0,1,
pretty disappointing flight,Hubert Josef Lefarth,Germany,2nd January 2025,Trip Verified,2nd January 2025,,Couple Leisure,Economy Class,Barcelona to Doha,January 2025,5/10,3.0,2.0,3.0,3.0,5.0,3,
the service was impeccable,E Besine,France,1st January 2025,Trip Verified,1st January 2025,,Couple Leisure,Economy Class,Paris CDG to Manila via Doha,December 2024,10/10,5.0,5.0,5.0,5.0,5.0,5,
cabin crew are warm and friendly,Theona Knight ,Kuwait,28th December 2024,Trip Verified,28th December 2024,,Solo Leisure,Business Class,Doha to Hanoi,December 2024,10/10,5.0,5.0,5.0,5.0,5.0,5,
nothing arranged for the missed flight,T Nieminen,Finland,28th December 2024,Trip Verified,28th December 2024,,Solo Leisure,Economy Class,Helsinki to Guangzhou via Doha,September 2024,1/10,2.0,2.0,2.0,2.0,1.0,2,
I was not recognized in any way,Philippe Gimenez,China,24th December 2024,Trip Verified,24th December 2024,Boeing 777,Boeing 777,Economy Class,Hong Kong to Paris CDG via Doha,December 2024,3/10,3.0,1.0,1.0,,2.0,2,
the best we could imagine,Georgios Noutsis,Greece,21st December 2024,Trip Verified,21st December 2024,Boeing 787-9,Boeing 787-9,Economy Class,Hanoi to Athens via Doha,December 2024,10/10,5.0,5.0,5.0,5.0,5.0,5,
Good seat quality and space,Hy Lai,United Kingdom,21st December 2024,Not Verified,21st December 2024,,Solo Leisure,Economy Class,Athens to Tokyo via Doha,December 2024,4/10,5.0,2.0,1.0,3.0,2.0,2,
Exceptional service,Lucette Nyberg,Sweden,15th December 2024,Trip Verified,15th December 2024,,Solo Leisure,Business Class,Doha to Cape Town,December 2024,9/10,4.0,5.0,5.0,5.0,4.0,5,
superb experience,M Darsen,Sweden,14th December 2024,Trip Verified,14th December 2024,Boeing 787-8,Boeing 787-8,Business Class,Doha to Stockholm,November 2024,10/10,5.0,5.0,5.0,5.0,5.0,4,
Perfect service,M Darsen,Sweden,14th December 2024,Trip Verified,14th December 2024,Boeing 777-300ER,Boeing 777-300ER,Business Class,Denpasar to Doha,November 2024,10/10,5.0,5.0,5.0,5.0,5.0,4,
downgraded my plane,Kevin Kozinchik,Spain,14th December 2024,Trip Verified,14th December 2024,Boeing 787,Boeing 787,Business Class,Madrid to Johannesburg via Doha,January 2025,1/10,,,,,1.0,2,
serious confusion,D Mayle,Malaysia,13th December 2024,Trip Verified,13th December 2024,Boeing 777,Boeing 777,Economy Class,Doha to Penang via Phuket,December 2024,5/10,4.0,2.0,4.0,3.0,5.0,3,
too bland or salty,Harish Vasudevan,United States,7th December 2024,Trip Verified,7th December 2024,A350,A350,Economy Class,Boston to Chennai via Doha,December 2024,5/10,4.0,4.0,2.0,2.0,5.0,3,
no feedback in a month,R Keale,Sweden,2nd December 2024,Trip Verified,2nd December 2024,,Couple Leisure,Economy Class,Maldives to Copenhagen,November 2024,5/10,3.0,4.0,4.0,4.0,1.0,3,
comfortable 5 hours in the air,Virginia Bolton,Australia,30th November 2024,Trip Verified,30th November 2024,A330,A330,Business Class,Dar es Salaam to Doha,November 2024,6/10,4.0,5.0,3.0,1.0,4.0,3,
Outstanding flight and crew,Virginia Bolton,Australia,30th November 2024,Trip Verified,30th November 2024,A380,A380,Business Class,Doha to Sydney,November 2024,9/10,5.0,5.0,5.0,1.0,4.0,4,
far from premium service,G Aliyev,Russian Federation,27th November 2024,Trip Verified,27th November 2024,A350,A350,Business Class,Osaka to Doha,November 2024,5/10,3.0,1.0,1.0,4.0,4.0,2,
Love at First Flight,C Richardson,United Kingdom,26th November 2024,Trip Verified,26th November 2024,,Business,Economy Class,London to Singapore via Doha,November 2024,10/10,5.0,5.0,5.0,5.0,5.0,5,
flight lived up to expectations,G Leyne,United Kingdom,26th November 2024,Trip Verified,26th November 2024,Boeing 777-300ER,Boeing 777-300ER,Economy Class,Doha to London Heathrow,November 2024,9/10,5.0,5.0,5.0,4.0,4.0,4,
always polite and attentive,N Aguilar,United Kingdom,25th November 2024,Trip Verified,25th November 2024,A330,A330,Economy Class,Kathmandu to Doha,November 2024,9/10,5.0,5.0,5.0,5.0,3.0,4,
Onboard service was excellent,S Deylan,United Kingdom,24th November 2024,Trip Verified,24th November 2024,A350-900,A350-900,Economy Class,London to Doha,October 2024,9/10,5.0,5.0,5.0,5.0,2.0,4,
Good provision of food,N Galen,United Kingdom,23rd November 2024,Trip Verified,23rd November 2024,Boeing 787,Boeing 787,Economy Class,Doha to Kathmandu ,October 2024,9/10,4.0,5.0,5.0,5.0,5.0,4,
leave the queue to adjust the weight,V Hargan,Netherlands,21st November 2024,Trip Verified,21st November 2024,A350-900,A350-900,Economy Class,Delhi to Duesseldorf via Doha,August 2024,2/10,3.0,3.0,3.0,4.0,1.0,2,
my food did not taste good,S Gale,United Arab Emirates,21st November 2024,Trip Verified,21st November 2024,,Solo Leisure,Economy Class,Doha to Dubai,November 2024,2/10,2.0,3.0,3.0,3.0,1.0,2,
They were so kind and helpful,M Hanoje,Qatar,17th November 2024,Trip Verified,17th November 2024,,Family Leisure,Economy Class,Nairobi to Doha,November 2024,10/10,5.0,5.0,5.0,5.0,5.0,5,
only offer you what is left,M Lopez,Spain,16th November 2024,Trip Verified,16th November 2024,,Couple Leisure,Economy Class,Ho Chi Minh City to Barcelona via Doha,October 2024,2/10,2.0,2.0,1.0,3.0,3.0,2,
service was slow,P Maya,United States,15th November 2024,Trip Verified,15th November 2024,B777,B777,Business Class,Doha to New York,November 2024,1/10,4.0,1.0,1.0,,4.0,2,
meal service was far below expectations,M Saunders,United States,15th November 2024,Trip Verified,15th November 2024,Boeing 777-300 ER,Boeing 777-300 ER,Economy Class,New York to Mumbai via Doha,November 2024,4/10,4.0,2.0,1.0,1.0,3.0,2,
cut my trip short by one day,Harley Salinas,United States,15th November 2024,Trip Verified,15th November 2024,,Couple Leisure,Economy Class,Kathmandu to Doha,November 2024,1/10,,,,,1.0,1,
ticketing staff was unhelpful,P Reddy ,India,14th November 2024,Trip Verified,14th November 2024,Boeing 777,Boeing 777,Economy Class,Bengaluru to London Heathrow,November 2024,4/10,2.0,3.0,2.0,3.0,1.0,3,
reluctant to serve me champagne,N Barton,Australia,10th November 2024,Trip Verified,10th November 2024,Boeing 777 / A350,Boeing 777 / A350,Business Class,Melbourne to Nairobi via Doha,November 2024,7/10,5.0,4.0,3.0,2.0,4.0,2,
serve me cold omelette,S Lobarda,Spain,8th November 2024,Trip Verified,8th November 2024,A350-900,A350-900,Business Class,Doha to Milan,November 2024,1/10,3.0,1.0,1.0,3.0,1.0,1,
expect them to provide transit accommodation,Ameer Ali,Nepal,8th November 2024,Trip Verified,8th November 2024,,Business,Business Class,London to Kathmandu via Doha,November 2024,1/10,,,,,1.0,1,
cancel the flight for operational reasons,J Gregory,Cayman Islands,7th November 2024,Trip Verified,7th November 2024,,Solo Leisure,Economy Class,Madrid to Katmandu via Doha,November 2024,1/10,3.0,3.0,3.0,3.0,1.0,1,
did not receive a premium experience,Mark Curran,United Kingdom,7th November 2024,Trip Verified,7th November 2024,Boeing 787-8,Boeing 787-8,Business Class,Durban to Dublin via Doha,November 2024,1/10,3.0,1.0,2.0,1.0,3.0,1,
Wifi on both legs was terrible,Mark Curran,United Kingdom,7th November 2024,Trip Verified,7th November 2024,"Boeing 787-9 , A350-900","Boeing 787-9 , A350-900",Business Class,Dublin to Cape Town via Doha,October 2024,5/10,3.0,3.0,3.0,1.0,5.0,3,
inflight service was very ordinary,B Saunders,Australia,6th November 2024,Trip Verified,6th November 2024,A320,A320,Business Class,Istanbul to Doha,October 2024,3/10,2.0,3.0,2.0,1.0,2.0,1,
service outstanding from start to finish,Mouaad Joumani,Norway,6th November 2024,Not Verified,6th November 2024,Boeing 787-8 / Boeing 777-300,Boeing 787-8 / Boeing 777-300,Business Class,Oslo to Hanoi via Doha,October 2024,10/10,5.0,5.0,5.0,5.0,5.0,5,
I wholeheartedly recommend them,H Khaldin,Pakistan,6th November 2024,Trip Verified,6th November 2024,,Business,Economy Class,Doha to Karachi,October 2024,10/10,5.0,5.0,5.0,5.0,5.0,5,
excellent in all aspects,Mohamed Sobh,Qatar,5th November 2024,Trip Verified,5th November 2024,Boeing 787-8,Boeing 787-8,First Class,Doha to Cairo,October 2024,10/10,5.0,5.0,5.0,5.0,5.0,5,
Staff very friendly,E Morton,Australia,5th November 2024,Trip Verified,5th November 2024,Boeing 777-300ER,Boeing 777-300ER,Economy Class,Melbourne to London via Doha,November 2024,7/10,3.0,5.0,4.0,5.0,4.0,3,
a very nice Economy experience,J Hayne,United Kingdom,1st November 2024,Trip Verified,1st November 2024,Boeing 777-300ER / 787-8,Boeing 777-300ER / 787-8,Economy Class,Bangkok to London via doha,October 2024,8/10,3.0,5.0,5.0,5.0,5.0,5,
sets a high standard,Rashid Alammari,Qatar,30th October 2024,Trip Verified,30th October 2024,A350,A350,Economy Class,Doha to London,October 2024,10/10,5.0,5.0,5.0,5.0,5.0,4,
rudely pushed upright by passengers,A Mears,Australia,29th October 2024,Trip Verified,29th October 2024,,Solo Leisure,Economy Class,Sydney to Athens via Doha,October 2024,3/10,1.0,2.0,3.0,,4.0,2,
like being in a 5 star hotel,Martin Halshaw,United Kingdom,28th October 2024,Trip Verified,28th October 2024,A350-1000,A350-1000,Business Class,Manila to Auckland via Doha,October 2024,10/10,5.0,5.0,5.0,5.0,5.0,5,
Breakfast portions dismal,Brian Davies,United Arab Emirates,27th October 2024,Trip Verified,27th October 2024,Boeing 777/A320,Boeing 777/A320,Business Class,Dubai to Sofia via Doha,October 2024,3/10,1.0,4.0,2.0,,1.0,1,
luggage had been severely damaged,R Han,Singapore,27th October 2024,Trip Verified,27th October 2024,,Couple Leisure,Economy Class,Singapore to Zurich,September 2024,4/10,2.0,3.0,4.0,4.0,2.0,3,
chaotic and confusing,C Mitchell,United Kingdom,19th October 2024,Trip Verified,19th October 2024,Boeing 777-300ER,Boeing 777-300ER,Economy Class,Bangkok to Manchester via Doha,October 2024,5/10,2.0,2.0,1.0,2.0,2.0,2,
they really are customer focused,Craig Cutts,United Kingdom,19th October 2024,Trip Verified,19th October 2024,A380/A350,A380/A350,Business Class,Bangkok to London via Doha,October 2024,9/10,5.0,4.0,4.0,5.0,3.0,5,
complaints are being overlooked,Michael van de Tonnekreek,Netherlands,19th October 2024,Trip Verified,19th October 2024,,Couple Leisure,Economy Class,Amsterdam to Hanoi via Doha,October 2024,3/10,1.0,2.0,3.0,,1.0,1,
Poor customer service,Gavin Werrett,United Kingdom,16th October 2024,Not Verified,16th October 2024,,Family Leisure,Economy Class,Gatwick to Colombo via Doha,August 2024,2/10,2.0,4.0,3.0,3.0,3.0,2,
Wonderful experience,Sue Doffay,France,15th October 2024,Not Verified,15th October 2024,,Solo Leisure,Economy Class,Nice to Johannesburg via Doha,October 2024,9/10,5.0,5.0,4.0,4.0,4.0,5,
pleased with the overall comfort and service,A Ahmed,United Kingdom,15th October 2024,Trip Verified,15th October 2024,Boeing 787-8 / A320,Boeing 787-8 / A320,Economy Class,Gatwick to Salalah via Doha,October 2024,9/10,5.0,5.0,5.0,3.0,5.0,5,
My food was appalling,A Ahmed,United Kingdom,15th October 2024,Trip Verified,15th October 2024,A320 / Boeing 777-300ER,A320 / Boeing 777-300ER,Economy Class,Salalah to London via Doha,October 2024,5/10,1.0,2.0,1.0,,3.0,5,
My food was disgusting,P Talpahti,Finland,14th October 2024,Trip Verified,14th October 2024,,Business,Economy Class,Helsinki to Johannesburg via Doha,October 2024,5/10,1.0,2.0,2.0,4.0,4.0,2,
no cordoned off section for Business Class,E Keele,Malaysia,14th October 2024,Trip Verified,14th October 2024,,Business,Business Class,Barcelona to Kuala Lumpur via Doha,October 2024,2/10,5.0,5.0,3.0,5.0,1.0,2,
no compensation will be paid,D Norton,Australia,13th October 2024,Trip Verified,13th October 2024,,Couple Leisure,Economy Class,Doha to Singapore,October 2024,2/10,4.0,2.0,3.0,3.0,1.0,2,
really enjoyed the flight,Ladislav Habart,Thailand,7th October 2024,Trip Verified,7th October 2024,Boeing 787,Boeing 787,Economy Class,Doha to Prague,October 2024,10/10,5.0,4.0,4.0,4.0,5.0,5,
happy with the way this trip was handled,Ladislav Habart,Thailand,7th October 2024,Trip Verified,7th October 2024,A380,A380,Economy Class,Bangkok to Doha,October 2024,10/10,5.0,5.0,4.0,4.0,3.0,5,
air crew were particularly helpful,Reneeta DSilva,New Zealand,23rd September 2024,Trip Verified,23rd September 2024,A350,A350,Economy Class,Rome to Auckland via Doha,September 2024,10/10,5.0,5.0,5.0,5.0,5.0,5,
changed their luggage policy,Shakeel Syed,United States,22nd September 2024,Trip Verified,22nd September 2024,,Solo Leisure,Economy Class,Karachi to Chicago via Doha,September 2024,1/10,3.0,2.0,2.0,2.0,1.0,1,
only get an aisle seat at the airport,Svetlana Ceban,Romania,22nd September 2024,Not Verified,22nd September 2024,,Solo Leisure,Economy Class,Beijing to Doha,September 2024,4/10,2.0,5.0,4.0,4.0,2.0,2,
app is an utterly appalling user experience,C Harland,United Kingdom,22nd September 2024,Trip Verified,22nd September 2024,,Couple Leisure,Economy Class,London to Kuala Lumpur via Doha,September 2024,3/10,3.0,2.0,3.0,5.0,1.0,3,
professional & pleasant experience,Fatema Kamal,Bahrain,21st September 2024,Not Verified,21st September 2024,,Family Leisure,Economy Class,Doha to Kuala Lumpur  ,July 2024,10/10,3.0,5.0,4.0,5.0,5.0,5,
flight experience was splendid,Farooq Shah,Saudi Arabia,18th September 2024,Trip Verified,18th September 2024,Boeing 777-300ER,Boeing 777-300ER,Economy Class,Riyadh to Male via doha,September 2024,10/10,5.0,5.0,5.0,4.0,5.0,5,
Flight was cramped,S Irving ,Australia,18th September 2024,Trip Verified,18th September 2024,,Family Leisure,Economy Class,Adelaide to Frankfurt ,September 2024,1/10,1.0,3.0,3.0,2.0,1.0,2,
I find the legroom lacking,Amy Cooper,United Kingdom,16th September 2024,Trip Verified,16th September 2024,A350-900,A350-900,Economy Class,Edinburgh to Kuala Lumpur via Doha,September 2024,4/10,1.0,3.0,2.0,,1.0,1,
requested cash compensation,J Meyre,United States,15th September 2024,Trip Verified,15th September 2024,A350-900,A350-900,Economy Class,Nairobi to San Francisco via Doha,August 2024,3/10,4.0,3.0,3.0,4.0,1.0,3,
moved us to different seats,N Webb,Australia,14th September 2024,Trip Verified,14th September 2024,,Family Leisure,Economy Class,Perth to Dubai via Doha,September 2024,1/10,,,,,2.0,2,
Food was in a small portion,Md Daud Ismail,Malaysia,10th September 2024,Trip Verified,10th September 2024,Boeing 777-300er,Boeing 777-300er,Economy Class,Kuala Lumpur to Doha,September 2024,5/10,5.0,3.0,2.0,3.0,5.0,2,
Service was excellent,H Abid,United Kingdom,10th September 2024,Not Verified,10th September 2024,,Couple Leisure,Economy Class,Jeddah to Manchester via Doha,September 2024,10/10,5.0,5.0,5.0,5.0,5.0,5,
food was in a small portion,Md Daud Ismail,Malaysia,10th September 2024,Trip Verified,10th September 2024,Boeing 787-8,Boeing 787-8,Economy Class,Doha to Gatwick,September 2024,3/10,1.0,2.0,3.0,3.0,5.0,1,
1 meal service on a 7 hour flight,Jan Colson,United Kingdom,9th September 2024,Trip Verified,9th September 2024,Boeing 787,Boeing 787,Economy Class,Oslo to Sharjah via Doha,August 2024,3/10,4.0,5.0,1.0,,4.0,4,
departed from a bus gate,Michael Schade,Germany,8th September 2024,Trip Verified,8th September 2024,Boeing 777,Boeing 777,Economy Class,Dubai to Bangkok via Doha,September 2024,6/10,5.0,5.0,4.0,4.0,3.0,2,
Food poor in quality,Michael Schade,Germany,6th September 2024,Trip Verified,6th September 2024,Boeing 777/A350-1000,Boeing 777/A350-1000,Economy Class,Bangkok to Dubai via Doha,September 2024,4/10,2.0,2.0,1.0,5.0,3.0,2,
One of the best airlines,P Dassene,United Arab Emirates,1st September 2024,Trip Verified,1st September 2024,Boeing 777,Boeing 777,Business Class,Dubai to Paris via Doha,August 2024,9/10,5.0,5.0,3.0,5.0,5.0,5,
Qatar Airways was flawless,Rajan Parrikar,Iceland,29th August 2024,Trip Verified,29th August 2024,Boeing 787-8,Boeing 787-8,Business Class,Goal toDoha,August 2024,10/10,5.0,5.0,4.0,,5.0,4,
cabin staff were fantastic,Alwaleed Althani,Qatar,27th August 2024,Trip Verified,27th August 2024,A380-800,A380-800,First Class,Sydney to Doha,April 2024,10/10,5.0,5.0,5.0,4.0,5.0,4,
a pleasure to be on board,Anne Jenner,Australia,26th August 2024,Trip Verified,26th August 2024,Boeing 777-800er,Boeing 777-800er,Business Class,Melbourne to Athens via Doha,July 2024,10/10,5.0,5.0,5.0,5.0,5.0,5,
emails have been ignored,T Wilson,Hong Kong,25th August 2024,Not Verified,25th August 2024,,Solo Leisure,Economy Class,Doha to Birmingham ,August 2024,3/10,4.0,5.0,5.0,5.0,1.0,3,
cabin staff were amazing,Andrew Morgan,United Kingdom,20th August 2024,Trip Verified,20th August 2024,,Business,Business Class,Kolkata to London via Doha,August 2024,10/10,5.0,5.0,5.0,5.0,5.0,5,
help us find our missing luggages,L Alami,United Arab Emirates,19th August 2024,Trip Verified,19th August 2024,,Family Leisure,Economy Class,Singapore to Dubai,August 2024,1/10,1.0,1.0,1.0,2.0,1.0,1,
seats not together,M Marsaham,Qatar,16th August 2024,Trip Verified,16th August 2024,A350,A350,Economy Class,Rome to Doha,August 2024,2/10,2.0,1.0,2.0,2.0,2.0,1,
waiting for a response to my complaint,P Darson,United Kingdom,12th August 2024,Trip Verified,12th August 2024,Boeing 787,Boeing 787,Economy Class,Dubai to Manchester via Doha,July 2024,1/10,1.0,2.0,1.0,1.0,1.0,1,
inconsistency in service quality,E Barsem,United Kingdom,12th August 2024,Trip Verified,12th August 2024,,Family Leisure,Economy Class,Dubai to Manchester via Doha,August 2024,3/10,1.0,1.0,1.0,4.0,2.0,1,
you will be disappointed,Robert Anuro,United States,8th August 2024,Trip Verified,8th August 2024,B777,B777,Economy Class,Washington to Nairobi via Doha,August 2024,2/10,1.0,2.0,2.0,2.0,1.0,1,
far from satisfactory,Alessandro Di Meo,Australia,6th August 2024,Trip Verified,6th August 2024,,Solo Leisure,Business Class,Adelaide to Barcelona via Doha,June 2024,2/10,5.0,4.0,1.0,3.0,1.0,1,
Customer service at Doha was very poor,Astrid Toegimin,Netherlands,5th August 2024,Not Verified,5th August 2024,Boeing 777,Boeing 777,Economy Class,Jakarta to Amsterdam via Doha,August 2024,4/10,3.0,4.0,4.0,3.0,1.0,2,
had an aircraft change,Russell Teasdale,United Kingdom,4th August 2024,Not Verified,4th August 2024,Boeing 777,Boeing 777,Business Class,Nairobi to Madrid via Doha,August 2024,3/10,1.0,4.0,3.0,1.0,3.0,1,
delayed for 8 hours,Jay Shah,India,1st August 2024,Trip Verified,1st August 2024,,Couple Leisure,Economy Class,San Francisco to Ahmedabad via Doha,August 2024,4/10,3.0,3.0,3.0,1.0,2.0,2,
Really poor experience,C Marwan,United Arab Emirates,30th July 2024,Trip Verified,30th July 2024,,Solo Leisure,Economy Class,Dublin to Dubai via Doha,July 2024,3/10,3.0,1.0,,,1.0,2,
Service was great,Carolina Barrenechea,South Africa,26th July 2024,Not Verified,26th July 2024,,Couple Leisure,Economy Class,Madrid to Johannesburg via Doha,July 2024,7/10,4.0,5.0,5.0,,5.0,5,
exceeded the weight,Enrique Puente,Spain,22nd July 2024,Trip Verified,22nd July 2024,,Couple Leisure,Economy Class,Madrid to Doha,July 2024,3/10,3.0,3.0,3.0,3.0,2.0,3,
give you whatever seats they want,Andrew Lehotzky,United States,20th July 2024,Trip Verified,20th July 2024,,Couple Leisure,Economy Class,Kilimanjaro to London via Doha,June 2024,1/10,1.0,1.0,1.0,1.0,1.0,1,
Terrific business class seating,Billy D Baker,United States,18th July 2024,Trip Verified,18th July 2024,,Solo Leisure,Business Class,Bangkok to Doha,July 2024,10/10,5.0,5.0,5.0,5.0,5.0,5,
did a wonderful job,Billy Baker,United Kingdom,18th July 2024,Trip Verified,18th July 2024,Boeing 787,Boeing 787,Business Class,Frankfurt to Doha,July 2024,10/10,5.0,5.0,5.0,5.0,5.0,5,
I can't even say how grateful I am,Armine Hovsepyan,Armenia,18th July 2024,Trip Verified,18th July 2024,Boeing 777-300ER,Boeing 777-300ER,Economy Class,Beijing to Yerevan via Doha,July 2024,10/10,5.0,5.0,5.0,5.0,5.0,5,
Service was expectedly world class,Rajan Parrikar,Iceland,13th July 2024,Trip Verified,13th July 2024,Boeing 787-8,Boeing 787-8,Business Class,Doha to Goa,July 2024,10/10,5.0,5.0,3.0,,5.0,4,
a high level of comfort,Rajan Parrikar,Iceland,13th July 2024,Trip Verified,13th July 2024,Boeing 787-9,Boeing 787-9,Business Class,Copenhagen to Doha,July 2024,10/10,5.0,5.0,3.0,,5.0,4,
overall it was a good flight,Emilio Chrisostomou,Australia,13th July 2024,Not Verified,13th July 2024,A380,A380,Economy Class,Perth to Paris via Doha,June 2024,10/10,3.0,5.0,4.0,5.0,4.0,5,
worst possible check in Singapore,Ranjan Ramchandani,Singapore,11th July 2024,Not Verified,11th July 2024,,Family Leisure,Business Class,Singapore to Washington via Doha,May 2024,5/10,3.0,5.0,4.0,3.0,1.0,3,
no snack before landing,M Haider,Netherlands,11th July 2024,Trip Verified,11th July 2024,Boeing 787,Boeing 787,Economy Class,Doha to Bangkok,June 2024,2/10,1.0,3.0,1.0,4.0,3.0,1,
extremely helpful,V Vatsalya,United States,11th July 2024,Trip Verified,11th July 2024,,Business,Economy Class,Boston to Delhi via Doha,July 2024,10/10,,,,,,5,
deeply disappointing experience,R Halsawan,United States,10th July 2024,Trip Verified,10th July 2024,,Couple Leisure,Economy Class,Doha to Houston,July 2024,1/10,1.0,,,,1.0,1,
kept my business class upgrade,E Beale,Australia,8th July 2024,Trip Verified,8th July 2024,,Couple Leisure,Economy Class,Adelaide to Milan via Doha,August 2024,2/10,,,,,,2,
their exceptional service,Uzma Rana,United Kingdom,7th July 2024,Trip Verified,7th July 2024,Boeing 777-300ER,Boeing 777-300ER,Business Class,Doha to Heathrow,July 2024,10/10,4.0,5.0,5.0,5.0,5.0,5,
excellent personal attitude,Maciej Rasmus,Poland,5th July 2024,Trip Verified,5th July 2024,A380,A380,Economy Class,Perth to Dammam via Doha,July 2024,10/10,5.0,5.0,5.0,5.0,5.0,5,
thoroughly enjoy flying Qatar Airways,R Largeni,Kenya,5th July 2024,Trip Verified,5th July 2024,Boeing 777-300Er,Boeing 777-300Er,Business Class,Nairobi to Barcelona via Doha,June 2024,7/10,5.0,5.0,3.0,5.0,5.0,4,
The cabin service was perfect,Alwaleed Althani,Qatar,4th July 2024,Trip Verified,4th July 2024,A380-800,A380-800,First Class,Doha to Sydney,June 2024,10/10,5.0,5.0,4.0,5.0,5.0,4,
Qatar Airways is my first option,Herman Troubleyn,Belgium,1st July 2024,Not Verified,1st July 2024,A380 / Boeing 787,A380 / Boeing 787,Economy Class,Bangkok to Brussels via Doha,June 2024,10/10,5.0,5.0,4.0,5.0,5.0,4,
aren’t anything special,Richard Laycock,United Kingdom,29th June 2024,Trip Verified,29th June 2024,,Solo Leisure,Economy Class,Hanoi to Manchester via Doha,March 2024,6/10,3.0,2.0,1.0,4.0,5.0,2,
increase Avios required for upgrades,S Hartaye,Norway,27th June 2024,Trip Verified,27th June 2024,Boeing 787,Boeing 787,Business Class,Doha to Oslo,June 2024,2/10,3.0,4.0,,,2.0,1,
poor standard of food,Michael Schade,Germany,26th June 2024,Trip Verified,26th June 2024,Boeing 787-9,Boeing 787-9,Economy Class,Munich to Doha,June 2024,3/10,3.0,4.0,1.0,4.0,4.0,1,
Had a very good flight,Alimah Lawrie,Singapore,23rd June 2024,Not Verified,23rd June 2024,,Family Leisure,Business Class,Singapore to Edinburgh via Doha,June 2024,8/10,5.0,5.0,5.0,5.0,5.0,4,
request for a refund,Susan Trehy,Portugal,15th June 2024,Trip Verified,15th June 2024,,Couple Leisure,Economy Class,Madrid to Bangkok via Doha,March 2024,1/10,1.0,1.0,1.0,3.0,1.0,1,
always a pleasure to fly with Qatar,Erich Lichtscheidl,Austria,14th June 2024,Not Verified,14th June 2024,Boeing 777-300ER and Boeing 787-9,Boeing 777-300ER and Boeing 787-9,Business Class,Hong Kong to Vienna via Doha,June 2024,9/10,5.0,5.0,5.0,5.0,5.0,5,
assume I was not served the right meal,L Goh,Singapore,11th June 2024,Trip Verified,11th June 2024,,Solo Leisure,Economy Class,Singapore to Doha,May 2024,1/10,4.0,1.0,1.0,3.0,4.0,2,
Kudos to great service,S Hassin,Qatar,11th June 2024,Trip Verified,11th June 2024,Boeing 777-300,Boeing 777-300,First Class,Doha to Beirut,June 2024,10/10,5.0,5.0,4.0,,4.0,4,
ordered meal wasn’t on board,Michael Schade,Germany,8th June 2024,Trip Verified,8th June 2024,Boeing 787-9,Boeing 787-9,Business Class,Doha to Munich,June 2024,3/10,4.0,5.0,1.0,4.0,3.0,1,
Flight was smooth and uneventful,Michael Schade,Germany,8th June 2024,Trip Verified,8th June 2024,A380,A380,Economy Class,Bangkok to Doha,June 2024,7/10,4.0,5.0,3.0,5.0,5.0,3,
unnecessary delay,Malek Alameh,Qatar,6th June 2024,Trip Verified,6th June 2024,,Solo Leisure,Economy Class,Doha to Beirut,June 2024,3/10,1.0,1.0,1.0,,1.0,1,
not able to provide the same food,J Geyre,Canada,5th June 2024,Trip Verified,5th June 2024,,Family Leisure,Economy Class,Doha to Montreal,February 2024,1/10,1.0,1.0,1.0,1.0,2.0,1,
the 12.55 flight was left,Sarwan Sktani,Iraq,1st June 2024,Trip Verified,1st June 2024,,Business,Economy Class,Doha to Erbil,June 2024,1/10,2.0,5.0,4.0,3.0,1.0,2,
seat was narrower than usual,Thomas Chia,Singapore,1st June 2024,Trip Verified,1st June 2024,Boeing 777,Boeing 777,Economy Class,Singapore to Nice via Doha,May 2024,1/10,1.0,5.0,3.0,3.0,4.0,3,
change flights to week later,M Sharp,Australia,31st May 2024,Trip Verified,31st May 2024,,Family Leisure,Economy Class,Sydney to Dublin via Doha,May 2024,1/10,,,,,1.0,1,
they lost my luggage,Adriaen Luijks,Netherlands,31st May 2024,Trip Verified,31st May 2024,,Family Leisure,Economy Class,Amsterdam to Ho Chi Minh City via Doha,October 2023,1/10,4.0,4.0,4.0,4.0,3.0,1,
I can highly recommend,E Caredi ,United Kingdom,30th May 2024,Trip Verified,30th May 2024,Boeing 787-9,Boeing 787-9,Economy Class,Doha to Manchester,February 2024,10/10,5.0,5.0,4.0,5.0,5.0,5,
excellent service onboard,E Caredi,United Kingdom,30th May 2024,Trip Verified,30th May 2024,Boeing 787-8,Boeing 787-8,Economy Class,Port Harcourt  to Doha ,March 2024,10/10,4.0,5.0,4.0,5.0,4.0,5,
1 hour stuck inside a very hot plane,Sal Rodrigues,Poland,30th May 2024,Trip Verified,30th May 2024,Boeing 787,Boeing 787,Economy Class,Goa to Warsaw via Doha,May 2024,1/10,1.0,4.0,2.0,1.0,1.0,1,
lost my 7-year-old daughter's luggage and golf clubs,E Harsten,Cambodia,30th May 2024,Trip Verified,30th May 2024,A350,A350,Economy Class,Singapore to Edinburgh via Doha,May 2024,1/10,1.0,4.0,2.0,,1.0,3,
reached out to seek compensation,T Keane,Cayman Islands,30th May 2024,Trip Verified,30th May 2024,,Couple Leisure,Economy Class,Miami to Davao via Doha,April 2024,1/10,1.0,1.0,2.0,,1.0,1,
all expectations met,Peter Pomeranze,United States,29th May 2024,Trip Verified,29th May 2024,A350-900,A350-900,Business Class,Jakarta to Doha,May 2024,9/10,5.0,4.0,5.0,5.0,4.0,5,
Food nothing to write home about,B Morley,United Kingdom,29th May 2024,Trip Verified,29th May 2024,,Solo Leisure,Business Class,Doha to Cebu,June 2023,6/10,5.0,5.0,3.0,4.0,4.0,3,
crew are really attentive,Mikaela Loridana,Romania,29th May 2024,Not Verified,29th May 2024,A320,A320,Business Class,Bucharest to Doha,April 2024,10/10,5.0,5.0,5.0,5.0,5.0,5,
cabin staff was gossiping loudly,Alwaleed Althani,Qatar,28th May 2024,Trip Verified,28th May 2024,A350-900,A350-900,Business Class,Doha to Jiohannesburg,May 2024,7/10,5.0,3.0,2.0,3.0,5.0,4,
Overall a good trip,G Meares,Lebanon,27th May 2024,Trip Verified,27th May 2024,A350-1000,A350-1000,Economy Class,Auckland to Beirut via Doha,May 2024,7/10,4.0,4.0,4.0,3.0,4.0,4,
downgrade from QSuites,E Wren,United Kingdom,27th May 2024,Trip Verified,27th May 2024,Boeing 777,Boeing 777,Business Class,Doha to Kuala lumpur ,May 2024,1/10,2.0,5.0,3.0,1.0,1.0,1,
an excellent airline,John Duffus,Thailand,27th May 2024,Trip Verified,27th May 2024,A350/777-300,A350/777-300,Business Class,Edinburgh to Bangkok via Doha,May 2024,10/10,5.0,5.0,4.0,,5.0,4,
definitely choose Qatar Airways again,T Macaule,Ireland,25th May 2024,Trip Verified,25th May 2024,,Couple Leisure,Economy Class,Dublin to Perth via Doha,May 2024,9/10,5.0,5.0,5.0,5.0,5.0,4,
Nothing to fault,Ross Clark,United Kingdom,21st May 2024,Not Verified,21st May 2024,A350/A380,A350/A380,Economy Class,Edinburgh to Perth via Doha,May 2024,8/10,3.0,5.0,4.0,4.0,4.0,3,
extremely disappointed,C Hardya,United Arab Emirates,20th May 2024,Trip Verified,20th May 2024,,Family Leisure,Economy Class,Osaka to Dubai via Doha,April 2024,1/10,1.0,4.0,1.0,3.0,1.0,1,
aircraft will not have Qsuites,K Halim,United Arab Emirates,18th May 2024,Trip Verified,18th May 2024,Boeing 787,Boeing 787,Business Class,Doha to Kansai,May 2024,2/10,3.0,3.0,3.0,3.0,1.0,1,
staff are helpful and friendly,Shirley van der Merwe,South Africa,17th May 2024,Not Verified,17th May 2024,A350-1000,A350-1000,Economy Class,Auckland to Johannesburg via Port Elizabeth,May 2024,9/10,3.0,5.0,4.0,5.0,4.0,5,
Cannot fault the service,Peter Standen,Vietnam,11th May 2024,Not Verified,11th May 2024,"Dreamliner, Boeing 777","Dreamliner, Boeing 777",Economy Class,Birmingham to Ho Chi Minh City via Doha,May 2024,9/10,4.0,5.0,2.0,4.0,5.0,4,
unfriendly and rude to me,P Karalati,Canada,7th May 2024,Trip Verified,7th May 2024,,Solo Leisure,Economy Class,Bangalore to Chicago via Doha,March 2024,2/10,2.0,2.0,2.0,,3.0,1,
zero empathy and customer service,Maryam Tajilrou,Canada,7th May 2024,Trip Verified,7th May 2024,,Solo Leisure,Economy Class,Vancouver to Tehran via Seattle and Doha,May 2024,1/10,,,,,1.0,1,
late in serving my meal,E Hassil,France,5th May 2024,Trip Verified,5th May 2024,,Business,Business Class,Hong Kong to Doha,May 2024,2/10,4.0,3.0,2.0,3.0,2.0,2,
really went above and beyond,H Nerazi,United States,4th May 2024,Trip Verified,4th May 2024,,Solo Leisure,Economy Class,Seattle to Jeddah via Doha,March 2024,10/10,5.0,5.0,5.0,4.0,5.0,5,
Very good service onboard,Elias Abdallah,Australia,1st May 2024,Trip Verified,1st May 2024,,Solo Leisure,Economy Class,Melbourne to Dublin via Doha,April 2024,8/10,4.0,5.0,5.0,5.0,4.0,4,
the service was impeccable,Philomena Kilcline,Australia,26th April 2024,Trip Verified,26th April 2024,,Solo Leisure,Economy Class,London Heathrow to Perth via Doha,April 2024,10/10,5.0,5.0,5.0,5.0,5.0,5,
did not include lounge access,N Carltan,Australia,26th April 2024,Trip Verified,26th April 2024,,Couple Leisure,Business Class,Istanbul to Doha,March 2024,3/10,3.0,4.0,3.0,5.0,1.0,2,
old business class seats,Alwaleed Althani,Qatar,25th April 2024,Trip Verified,25th April 2024,A350-900,A350-900,Business Class,Johannesburg to Doha,April 2024,5/10,4.0,4.0,1.0,3.0,4.0,2,
vegan meal option impressed me,B Harsen,Cyprus,24th April 2024,Trip Verified,24th April 2024,"A320, Boeing 787","A320, Boeing 787",Economy Class,Larnaca to Colombo via Doha,February 2024,5/10,2.0,4.0,5.0,4.0,4.0,3,
service was fantastic,Alwaleed Althani,Qatar,17th April 2024,Trip Verified,17th April 2024,Boeing 788,Boeing 788,Business Class,Doha to Durban,April 2024,10/10,4.0,5.0,5.0,5.0,5.0,4,
did not entitle me to lounge access,R Mayes,Australia,17th April 2024,Trip Verified,17th April 2024,,Business,Business Class,Gatwick to Sydney via Doha,April 2024,1/10,3.0,1.0,4.0,2.0,1.0,1,
Flight attendants are polite,Yu-Hsiu Chang,Taiwan,15th April 2024,Not Verified,15th April 2024,A350-900 and Boeing 777-300ER,A350-900 and Boeing 777-300ER,Economy Class,Singapore to Athens via Doha,April 2024,9/10,5.0,5.0,5.0,,5.0,5,
long wait for buses,Hassan Halaoui,Kuwait,13th April 2024,Trip Verified,13th April 2024,,Solo Leisure,Economy Class,Phuket to Kuwait via Doha,April 2024,10/10,5.0,5.0,5.0,5.0,5.0,4,
Overall a good flight,Michael Schade,Germany,10th April 2024,Trip Verified,10th April 2024,Boeing 777-300ER,Boeing 777-300ER,Business Class,Frankfurt to Doha,April 2024,8/10,3.0,5.0,3.0,5.0,5.0,3,
did make up for our disappointment,Chris Walsh,United Kingdom,9th April 2024,Trip Verified,9th April 2024,A350,A350,Business Class,Manchester to Doha,April 2024,6/10,3.0,2.0,3.0,2.0,4.0,4,
an enjoyable experience,L Colvin,Kuwait,8th April 2024,Trip Verified,8th April 2024,,Solo Leisure,Economy Class,Rome to Kuwait via Doha,March 2024,9/10,5.0,5.0,5.0,4.0,5.0,5,
compensate us for half of the bags value,M Melcon,Netherlands,5th April 2024,Trip Verified,5th April 2024,,Couple Leisure,Economy Class,Amsterdam to Phnom Penh via Doha,February 2024,2/10,4.0,4.0,4.0,4.0,1.0,1,
not enough food for the 6h flight,Michael Schade,Germany,3rd April 2024,Trip Verified,3rd April 2024,Boeing 787-8,Boeing 787-8,Economy Class,Munich to Doha,March 2024,7/10,3.0,4.0,1.0,5.0,5.0,2,
a great flight,Mike Flynn,United Kingdom,3rd April 2024,Trip Verified,3rd April 2024,A350,A350,Business Class,Doha to London Heathrow,March 2024,9/10,5.0,5.0,5.0,4.0,5.0,5,
What a disappointment,Mike Flynn,United Kingdom,3rd April 2024,Trip Verified,3rd April 2024,A330,A330,Business Class,Colombo to Doha,March 2024,7/10,2.0,5.0,4.0,4.0,4.0,2,
happy to fly with Qatar again,F Turner,United Kingdom,1st April 2024,Trip Verified,1st April 2024,,Couple Leisure,Economy Class,Manchester to Kuala Lumpur via Doha,March 2024,10/10,5.0,5.0,5.0,4.0,5.0,5,
expectedly outstanding,Rajan Parrikar,Iceland,1st April 2024,Trip Verified,1st April 2024,Boeing 787-8,Boeing 787-8,Business Class,Goa to Doha,February 2024,10/10,5.0,5.0,4.0,,5.0,4,
always received fantastic service,Harri Rissanen,Finland,1st April 2024,Trip Verified,1st April 2024,,Solo Leisure,Business Class,Bangkok to Doha,March 2024,10/10,5.0,5.0,5.0,5.0,5.0,5,
blame each other for the delay,Tom Carr,United Kingdom,1st April 2024,Trip Verified,1st April 2024,,Couple Leisure,Economy Class,Mumbai to London via Doha,February 2024,1/10,3.0,1.0,,,1.0,1,
Left my mobile phone on flight,P Barrett,United Kingdom,1st April 2024,Trip Verified,1st April 2024,,Couple Leisure,Economy Class,Manchester to Doha,March 2024,1/10,3.0,3.0,2.0,4.0,3.0,1,
American Airlines is lowering the standard,K Hadijar,United States,31st March 2024,Trip Verified,31st March 2024,,Couple Leisure,Economy Class,Doha to Philadelphia,March 2024,6/10,4.0,1.0,2.0,2.0,5.0,4,
QSuite was exceptional,Jim McMahon,Australia,31st March 2024,Trip Verified,31st March 2024,Boeing 777-ER,Boeing 777-ER,Business Class,"Manchester, UK to Doha, Qatar",March 2024,8/10,5.0,5.0,5.0,3.0,5.0,5,
I claimed for the delay,Mohammed Gother,United Kingdom,28th March 2024,Not Verified,28th March 2024,Boeing 787 / 777,Boeing 787 / 777,Business Class,Manchester to Kuala Lumpur via Doha,February 2024,6/10,2.0,5.0,3.0,3.0,5.0,5,
the footrest is too narrow,Michael Schade,Germany,28th March 2024,Trip Verified,28th March 2024,Boeing 787-99,Boeing 787-99,Business Class,Doha to Frankfurt,March 2024,5/10,3.0,1.0,3.0,5.0,4.0,3,
Everything was perfect,Nicolas Rabazzani,France,27th March 2024,Trip Verified,27th March 2024,Boeing 777,Boeing 777,Business Class,Doha to Paris,March 2024,10/10,5.0,5.0,5.0,5.0,5.0,5,
Overall a very good flight,Michael Schade,Germany,26th March 2024,Trip Verified,26th March 2024,A332,A332,Business Class,Colombo to Doha,March 2024,9/10,5.0,5.0,3.0,4.0,5.0,4,
was never addressed by name,S Landers,United Kingdom,22nd March 2024,Trip Verified,22nd March 2024,A350,A350,Business Class,Doha to London,January 2024,6/10,5.0,3.0,5.0,5.0,3.0,2,
service great as always,Michael Schade,Germany,19th March 2024,Trip Verified,19th March 2024,Boeing 788,Boeing 788,Business Class,Doha to Colombo,March 2024,6/10,4.0,5.0,1.0,4.0,4.0,3,
Would fly with them again,E Calensca,Australia,19th March 2024,Trip Verified,19th March 2024,Boeing 777,Boeing 777,Economy Class,Doha to Melbourne,February 2024,9/10,4.0,5.0,5.0,4.0,5.0,5,
flights were steady enough,Richard Laycock,United Kingdom,18th March 2024,Trip Verified,18th March 2024,Boeing 777-300,Boeing 777-300,Economy Class,Manchester to Bangkok via Doha,March 2024,6/10,3.0,4.0,2.0,3.0,4.0,2,
Will recommend to others,Harvinder Bakhtawar,Germany,13th March 2024,Not Verified,13th March 2024,,Family Leisure,Economy Class,Munich to Kuala Lumpur via Doha,February 2024,9/10,4.0,5.0,5.0,5.0,5.0,5,
just one meal on this flight,S Maschel,Netherlands,13th March 2024,Trip Verified,13th March 2024,Boeing 789,Boeing 789,Economy Class,Doha to Frankfurt,March 2024,2/10,2.0,2.0,1.0,5.0,4.0,1,
given completely different seats,Daniela Pachova,Bulgaria,10th March 2024,Trip Verified,10th March 2024,,Couple Leisure,Economy Class,Bangkok to Sofia via Doha,March 2024,3/10,2.0,3.0,,,2.0,2,
Very happy with Qatar Airways,Juliet Mowbray,Sweden,9th March 2024,Not Verified,9th March 2024,,Couple Leisure,Economy Class,Zanzibar to Doha,March 2024,8/10,4.0,4.0,5.0,4.0,5.0,4,
Service and catering very good,Michael Schade,Germany,9th March 2024,Trip Verified,9th March 2024,Boeing 777ER,Boeing 777ER,Business Class,Bangkok to Doha,March 2024,8/10,5.0,5.0,5.0,2.0,5.0,4,
marred by inconveniences,Mary Le,United Kingdom,2nd March 2024,Not Verified,2nd March 2024,,Solo Leisure,Economy Class,Tokyo to London Heathrow via Doha,March 2024,1/10,1.0,2.0,2.0,1.0,1.0,1,
seat wouldn't stay up,Brian English,Canada,29th February 2024,Trip Verified,29th February 2024,,Couple Leisure,Business Class,Doha to Montreal,February 2024,1/10,1.0,1.0,,2.0,1.0,1,
no attempt to address our complaint,Wayne Burgess,Australia,29th February 2024,Trip Verified,29th February 2024,A380,A380,Economy Class,Doha to Perth,November 2023,1/10,2.0,3.0,2.0,2.0,1.0,1,
I hope they update the A380,Alwaleed Althani,Qatar,25th February 2024,Trip Verified,25th February 2024,A380-800,A380-800,First Class,Doha to London Heathrow ,February 2024,10/10,5.0,5.0,4.0,3.0,5.0,4,
I’d rate them maybe 7/10,W Warnock,United Kingdom,22nd February 2024,Trip Verified,22nd February 2024,A350,A350,Business Class,Auckland to Doha,February 2024,7/10,3.0,3.0,4.0,4.0,4.0,4,
remarkable experience,Qandeel Ahtasham,United Kingdom,20th February 2024,Trip Verified,20th February 2024,A380,A380,Business Class,Doha to London,February 2024,10/10,5.0,5.0,5.0,5.0,5.0,5,
incredible service,N Foster,United States,20th February 2024,Not Verified,20th February 2024,A350-1000,A350-1000,Economy Class,New Delhi to San Francisco ,February 2024,10/10,5.0,5.0,5.0,5.0,4.0,5,
not the extraordinary experience,C Barker,Germany,16th February 2024,Trip Verified,16th February 2024,Boeing 787-9 / A330-300,Boeing 787-9 / A330-300,Economy Class,Dusseldorf to Kilimanjaro via Doha,January 2024,7/10,5.0,4.0,3.0,5.0,4.0,5,
can’t get it any better,B Darnel,Germany,15th February 2024,Trip Verified,15th February 2024,Boeing 787 / 777,Boeing 787 / 777,Business Class,Frankfurt to Melbourne via Doha,February 2024,10/10,5.0,5.0,5.0,5.0,4.0,5,
refuse to fully reimburse me,L Han,United States,14th February 2024,Trip Verified,14th February 2024,,Solo Leisure,Business Class,New York to Johannesburg via Doha,November 2023,4/10,3.0,5.0,4.0,4.0,1.0,3,
Inflight entertainment was top notch,M Leasen,United States,12th February 2024,Trip Verified,12th February 2024,,Solo Leisure,Economy Class,Chicago to Dubai via Doha,January 2024,6/10,3.0,3.0,5.0,4.0,1.0,2,
definitely recommend them,C Mansouri,Qatar,3rd February 2024,Trip Verified,3rd February 2024,,Couple Leisure,Economy Class,Nice to Doha,January 2024,10/10,5.0,5.0,5.0,5.0,5.0,5,
No other airline comes anywhere close,R Turnley,Australia,3rd February 2024,Trip Verified,3rd February 2024,Boeing 777-300,Boeing 777-300,Business Class,Doha to Adelaide,January 2024,7/10,5.0,5.0,5.0,4.0,3.0,5,
it was not the standard expected,Peter Dyson,United Kingdom,27th January 2024,Trip Verified,27th January 2024,Boeing 777,Boeing 777,Business Class,Penang to Doha via Phuket,January 2024,1/10,5.0,1.0,1.0,4.0,5.0,4,
Bags didn’t came on time,Dipal Patel,United States,26th January 2024,Not Verified,26th January 2024,,Family Leisure,Economy Class,Ahmedabad to Detroit via Doha,January 2024,1/10,1.0,1.0,1.0,,1.0,1,
no covered canopy on the stairs,P Craig,Australia,25th January 2024,Trip Verified,25th January 2024,,Solo Leisure,Economy Class,Tbilisi to Doha,December 2023,2/10,3.0,4.0,4.0,1.0,1.0,1,
cabin crews are friendly and professional,Karen Chan,Singapore,22nd January 2024,Trip Verified,22nd January 2024,A350-900/1000,A350-900/1000,Economy Class,Spain to Singapore via Doha,January 2024,8/10,5.0,5.0,4.0,5.0,5.0,4,
genuine warmth and hospitality,David Owen,Australia,18th January 2024,Trip Verified,18th January 2024,A380,A380,First Class,London to Perth via Doha,January 2024,10/10,5.0,5.0,5.0,5.0,5.0,4,
Four excellent flights,G Meares,Lebanon,17th January 2024,Trip Verified,17th January 2024,A350-1000,A350-1000,Economy Class,Beirut to Auckland via Doha,January 2024,8/10,4.0,5.0,4.0,4.0,4.0,4,
lack of empathy,Aled Davies,United Kingdom,15th January 2024,Trip Verified,15th January 2024,,Business,Economy Class,Gatwick to Erbil via Doha,January 2024,1/10,1.0,1.0,,,1.0,1,
offered me a ridiculous compensation,A Qarani,United Kingdom,14th January 2024,Trip Verified,14th January 2024,,Business,Business Class,Bali to London via Doha,January 2024,1/10,1.0,3.0,2.0,1.0,1.0,1,
Flawless onboard service,Rajan Parrikar,Iceland,13th January 2024,Trip Verified,13th January 2024,Boeing 787-8,Boeing 787-8,Business Class,Doha to Goa,January 2024,10/10,5.0,5.0,3.0,4.0,5.0,4,
lived up to its reputation,Rajan Parrikar,Iceland,13th January 2024,Trip Verified,13th January 2024,Boeing 787-9 ,Boeing 787-9 ,Business Class,Copenhagen to Doha ,January 2024,10/10,5.0,5.0,3.0,4.0,4.0,4,
received a below average,Nazir Ahmed,United Kingdom,12th January 2024,Trip Verified,12th January 2024,,Solo Leisure,Economy Class,Doha to Brussels,January 2024,1/10,2.0,1.0,1.0,,3.0,1,
Flight to Doha was good,F Carsen,United States,12th January 2024,Trip Verified,12th January 2024,A350,A350,Business Class,Dallas Ft Worth to Doha ,January 2024,8/10,5.0,3.0,5.0,5.0,2.0,4,
found the cabin crew very professional,Clive Sayers,Australia,11th January 2024,Trip Verified,11th January 2024,,Solo Leisure,Business Class,Manchester to Adelaide via Doha,January 2024,10/10,5.0,5.0,5.0,4.0,4.0,4,
extraordinary efficiency and professionality,Theo Anastasakis,Greece,11th January 2024,Trip Verified,11th January 2024,A350 / Boeing 787,A350 / Boeing 787,Economy Class,Athens to Kolkata via Doha,December 2023,8/10,3.0,5.0,5.0,,3.0,4,
staff were absolutely wonderful,Line Maria Flege,Denmark,9th January 2024,Trip Verified,9th January 2024,,Couple Leisure,Economy Class,Ho Chi Minh to Doha,January 2024,10/10,4.0,5.0,5.0,5.0,5.0,5,
great catering and service,Michael Schade,Germany,7th January 2024,Trip Verified,7th January 2024,Boeing 789 / 773,Boeing 789 / 773,Business Class,Düsseldorf to Bangkok via Doha,December 2023,5/10,5.0,4.0,4.0,4.0,1.0,2,
attempts to obtain a partial refund were ignored,Francesco Leonardi,Switzerland,5th January 2024,Trip Verified,5th January 2024,Boeing 777-300,Boeing 777-300,Business Class,Doha to Bangkok,December 2023,1/10,1.0,3.0,3.0,1.0,3.0,1,
crew was enthusiastic and helpful,Michael Schade,Germany,20th December 2023,Trip Verified,20th December 2023,Boeing 787-9,Boeing 787-9,Economy Class,Doha to Frankfurt,December 2023,9/10,5.0,5.0,4.0,5.0,4.0,4,
seats narrow and uncomfortable,M Haeles,Belgium,20th December 2023,Trip Verified,20th December 2023,Boeing 773,Boeing 773,Economy Class,Bangkok to Doha,December 2023,6/10,2.0,3.0,3.0,2.0,4.0,3,
Service was excellent,Lyn Smithies,Australia,19th December 2023,Not Verified,19th December 2023,A380,A380,Economy Class,Doha to Sydney,November 2023,9/10,5.0,5.0,4.0,5.0,4.0,5,
I would expect a part refund,M Miron,United Kingdom,18th December 2023,Trip Verified,18th December 2023,,Solo Leisure,Economy Class,Ho Chi Minh City to Manchester via Doha,December 2023,1/10,1.0,1.0,1.0,1.0,1.0,1,
Overall excellent experience,Beata Assaad,Kuwait,17th December 2023,Trip Verified,17th December 2023,Boeing 787,Boeing 787,Economy Class,Kuwait to Warsaw via Doha,December 2023,10/10,4.0,5.0,5.0,5.0,5.0,5,
all time most pleasant flight,Mohamed Alkowari,Bahrain,13th December 2023,Trip Verified,13th December 2023,,Solo Leisure,Economy Class,Dubai to Tokyo via Doha,November 2023,10/10,5.0,5.0,5.0,5.0,5.0,5,
a level of service second to none,Dev Raghav Handa,United Arab Emirates,11th December 2023,Not Verified,11th December 2023,A350,A350,Business Class,Dubai to Delhi via Doha,November 2023,10/10,3.0,5.0,4.0,4.0,5.0,5,
I will be using Qatar Airways in future,Craig Cutts,United Kingdom,9th December 2023,Trip Verified,9th December 2023,A380 / 777-300ER / A350,A380 / 777-300ER / A350,Economy Class,London to Kuala Lumpur via Doha,December 2023,9/10,4.0,5.0,5.0,5.0,5.0,4,
Very nice flights with Qatar Airways,Cesare Recalcati,Italy,4th December 2023,Trip Verified,4th December 2023,A350 / Boeing 777,A350 / Boeing 777,Economy Class,Milan to Salalah via Doha,December 2023,9/10,4.0,5.0,4.0,3.0,2.0,5,
seats were really uncomfortable,C Dawson,Australia,29th November 2023,Trip Verified,29th November 2023,Boeing 777-300ER,Boeing 777-300ER,Economy Class,Brisbane to Amsterdam via Doha,October 2023,6/10,2.0,4.0,5.0,5.0,4.0,4,
I should have checked my luggage,C Hallam,South Africa,25th November 2023,Trip Verified,25th November 2023,,Business,Economy Class,Doha to Johannesburg,November 2023,3/10,2.0,3.0,3.0,3.0,1.0,2,
we had to repack twice,D Murlen,Switzerland,24th November 2023,Trip Verified,24th November 2023,,Couple Leisure,Economy Class,Mahé to Doha,November 2023,6/10,3.0,4.0,4.0,4.0,1.0,3,
Seats are too narrow,R Rutgers,Netherlands,24th November 2023,Trip Verified,24th November 2023,,Family Leisure,Economy Class,Lusaka to Doha,November 2023,2/10,1.0,3.0,2.0,3.0,1.0,1,
The food was sub par,James Goldie,United Arab Emirates,19th November 2023,Trip Verified,19th November 2023,Boeing 777-300 er,Boeing 777-300 er,Business Class,Istanbul to Dubai via Doha,November 2023,3/10,2.0,1.0,1.0,1.0,3.0,4,
Both flights were excellent,S Barker,United Kingdom,18th November 2023,Trip Verified,18th November 2023,A350 / Boeing 787,A350 / Boeing 787,Economy Class,Melbourne to Manchester via Doha,October 2023,8/10,4.0,5.0,4.0,4.0,5.0,5,
My grievances were ignored,Kiasha Pettigrew,United States,16th November 2023,Trip Verified,16th November 2023,,Solo Leisure,Economy Class,New York to Tbilisi via Doha,October 2023,1/10,1.0,2.0,,,1.0,1,
crew level has come down,Sahil Goel,United States,11th November 2023,Trip Verified,11th November 2023,,Couple Leisure,Business Class,Seattle to Delhi via Doha,November 2023,5/10,5.0,2.0,2.0,3.0,3.0,3,
seats were narrow and uncomfortable,S Halden,Belgium,11th November 2023,Trip Verified,11th November 2023,Boeing 787,Boeing 787,Economy Class,Brussels to Doha,November 2023,2/10,2.0,3.0,1.0,4.0,4.0,1,
my favorite airline at the moment,RM Sinnott,Australia,7th November 2023,Not Verified,7th November 2023,A380 / Boeing 787,A380 / Boeing 787,Economy Class,Perth to Lyon via Doha,November 2023,10/10,4.0,5.0,5.0,4.0,5.0,5,
Food could be improved,D Marsen,Sweden,6th November 2023,Trip Verified,6th November 2023,A350-1000,A350-1000,Business Class,Denpasar to Doha ,November 2023,9/10,5.0,5.0,4.0,5.0,4.0,4,
comfort and quality all top,D Marsen,Sweden,6th November 2023,Trip Verified,6th November 2023,Boeing 787-8,Boeing 787-8,Business Class,Doha to Denpasar ,October 2023,9/10,5.0,5.0,4.0,5.0,4.0,4,
an excelent trip,D Marsen,Sweden,6th November 2023,Trip Verified,6th November 2023,Boeing 787-9,Boeing 787-9,Business Class,Stockholm to Doha ,October 2023,9/10,5.0,5.0,4.0,5.0,4.0,4,
flight attendant Erica was amazing,Tarig Eltigani,United States,2nd November 2023,Trip Verified,2nd November 2023,A350,A350,Economy Class,Doha to Washington,November 2023,10/10,5.0,5.0,5.0,5.0,5.0,5,
paid out the initial compulsory delayed compensation,S Parker,United Kingdom,2nd November 2023,Trip Verified,2nd November 2023,,Business,Business Class,London to Luanda via Doha,June 2023,1/10,3.0,4.0,1.0,1.0,1.0,1,
there were no transfer counters,Anders Pedersen,Denmark,31st October 2023,Trip Verified,31st October 2023,A350-900Q,A350-900Q,Economy Class,Riyadh to Doha,October 2023,6/10,3.0,3.0,2.0,2.0,1.0,4,
A350 is good and comfortable,Charles Price,France,30th October 2023,Trip Verified,30th October 2023,A350 / Boeing 787,A350 / Boeing 787,Economy Class,Zurich to Lusaka via Doha,October 2023,5/10,4.0,2.0,2.0,4.0,2.0,2,
friendly cabin staff service,M Gatari,United Kingdom,29th October 2023,Trip Verified,29th October 2023,,Solo Leisure,Economy Class,Singapore to Milan via Doha,October 2023,8/10,5.0,5.0,5.0,5.0,5.0,5,
Qatar delivers top notch at times,Anders Pedersen,Denmark,28th October 2023,Trip Verified,28th October 2023,B777-300,B777-300,Economy Class,doh to kwi,October 2023,10/10,4.0,5.0,5.0,4.0,5.0,4,
Thank you for the great experience,Richard Ofiera,Germany,27th October 2023,Not Verified,27th October 2023,Boeing 787-9,Boeing 787-9,Economy Class,Oslo to Doha,October 2023,9/10,4.0,5.0,5.0,5.0,4.0,5,
Overall nice experience,Alok Mishra,Nepal,27th October 2023,Trip Verified,27th October 2023,A330-300 /  Boeing 777-200Lr,A330-300 /  Boeing 777-200Lr,First Class,Kathmandu to Sao Paulo via Doha,October 2023,9/10,4.0,5.0,5.0,4.0,4.0,4,
airline has nice seats,Mustafa Manzoor,United States,26th October 2023,Not Verified,26th October 2023,,Family Leisure,Economy Class,Doha to Chicago,October 2023,10/10,5.0,5.0,5.0,5.0,5.0,5,
issues on the ground,Michael Schade,Germany,25th October 2023,Trip Verified,25th October 2023,A380 / Boeing 789,A380 / Boeing 789,Business Class,Bangkok to Brussels via Doha,October 2023,5/10,4.0,5.0,4.0,4.0,1.0,2,
the cabin crew was super nice,S Han,China,21st October 2023,Trip Verified,21st October 2023,,Solo Leisure,Economy Class,Doha to Seattle,October 2023,10/10,5.0,5.0,5.0,5.0,5.0,5,
Another great experience,Gina Monguia,France,16th October 2023,Trip Verified,16th October 2023,,Solo Leisure,Economy Class,Paris to Melbourne via Doha ,October 2023,10/10,5.0,5.0,4.0,5.0,5.0,4,
absolutely lovely experience,A Halshan,Kuwait,11th October 2023,Trip Verified,11th October 2023,,Couple Leisure,Business Class,Vienna to Kuwait via Doha,October 2023,10/10,5.0,5.0,5.0,4.0,4.0,4,
Toilets were a mess,P Pearson,United Kingdom,11th October 2023,Trip Verified,11th October 2023,A330,A330,Economy Class,Colombo to Doha,October 2023,7/10,3.0,5.0,5.0,2.0,3.0,4,
IFE is exceptional,P Pearson,United Kingdom,11th October 2023,Trip Verified,11th October 2023,Boeing 777ER,Boeing 777ER,Economy Class,Doha to London Heathrow,October 2023,10/10,5.0,5.0,5.0,5.0,4.0,4,
"Offered me 10,000 avios as compensation",N Putul,Australia,10th October 2023,Trip Verified,10th October 2023,A350-1000,A350-1000,Business Class,Doha to Singapore,September 2023,1/10,1.0,1.0,3.0,5.0,,1,
spoiled by the ground staff at Doha,Tony Halliwell,United Arab Emirates,7th October 2023,Trip Verified,7th October 2023,A380,A380,Business Class,London Heathrow to Dubai via Doha,October 2023,8/10,4.0,5.0,5.0,4.0,2.0,4,
Excellent experience let down by delays,Tony Halliwell,United Arab Emirates,7th October 2023,Trip Verified,7th October 2023,Boeing 787-8,Boeing 787-8,Business Class,Dubai to Gatwick via Doha,September 2023,7/10,4.0,4.0,3.0,,5.0,4,
five star customer service,K Mansour,United Kingdom,6th October 2023,Trip Verified,6th October 2023,A350-1000,A350-1000,Economy Class,London Heathrow to Denpasar Bali via Doha,October 2023,10/10,4.0,5.0,4.0,4.0,4.0,4,
missing bag apparently was traced in AMS,Philip Armstrong,South Africa,5th October 2023,Trip Verified,5th October 2023,,Couple Leisure,Economy Class,Amsterdam to Cape Town via Doha,September 2023,1/10,,4.0,3.0,3.0,1.0,1,
things went fairly smooth,Ladislav Habart,Thailand,4th October 2023,Trip Verified,4th October 2023,Boeing 777,Boeing 777,Economy Class,Bangkok to Doha,October 2023,9/10,3.0,5.0,5.0,4.0,5.0,4,
seating was simply just too small,C Hardy,Australia,3rd October 2023,Trip Verified,3rd October 2023,Boeing 777-300er,Boeing 777-300er,Economy Class,Manchester to Brisbane via Doha,September 2023,1/10,1.0,1.0,,,1.0,1,
exceptional service,Vahid Jahangiri,United States,3rd October 2023,Trip Verified,3rd October 2023,A350 / Boeing 787,A350 / Boeing 787,Economy Class,Washington to Kathmanda via Doha,September 2023,10/10,5.0,5.0,5.0,5.0,5.0,5,
most disappointing was the food,M Cambarda,France,3rd October 2023,Trip Verified,3rd October 2023,,Business,Economy Class,Paris to Muscat via Doha,September 2023,3/10,1.0,4.0,1.0,3.0,3.0,3,
exceptional service,O Myrick,United States,2nd October 2023,Not Verified,2nd October 2023,,Family Leisure,Economy Class,Doha to Bangkok,October 2023,10/10,4.0,5.0,5.0,4.0,5.0,5,
Garuda Business lounge that was really awful,G Mayle,Australia,1st October 2023,Trip Verified,1st October 2023,,Couple Leisure,Business Class,Jakarta to Athens via Doha,September 2023,4/10,3.0,3.0,3.0,1.0,1.0,1,
they use a small aircraft,Mohamed Redha Al Lawati,Oman,30th September 2023,Trip Verified,30th September 2023,A320,A320,Economy Class,Vienna to Muscat via Doha,September 2023,3/10,1.0,3.0,3.0,1.0,4.0,3,
the leg room felt a little tighter,D Morton,Czech Republic,30th September 2023,Trip Verified,30th September 2023,A380-800,A380-800,Economy Class,Bangkok to Vienna via Doha,September 2023,8/10,5.0,5.0,4.0,3.0,4.0,5,
the need to take buses,Albert Tay,Singapore,30th September 2023,Not Verified,30th September 2023,,Business,Business Class,Singapore to Rome via Doha,September 2023,6/10,4.0,4.0,4.0,3.0,2.0,3,
didn't acknowledge or greet me,H Nair,Bahrain,27th September 2023,Trip Verified,27th September 2023,,Solo Leisure,Economy Class,Doha to Bahrain,September 2023,1/10,1.0,1.0,1.0,,1.0,2,
helped us tremendously,T Ding,Austria,23rd September 2023,Trip Verified,23rd September 2023,,Couple Leisure,Economy Class,Vienna to Singapore via Doha,September 2023,10/10,5.0,5.0,,,5.0,5,
First Class lounge in Doha is amazing,Alwaleed Althani,Qatar,23rd September 2023,Trip Verified,23rd September 2023,Boeing 737-8MAX,Boeing 737-8MAX,First Class,Doha to Kuwait,September 2023,7/10,3.0,5.0,2.0,,5.0,2,
experience couldn’t have been better,Anna Makris,Australia,23rd September 2023,Not Verified,23rd September 2023,,Couple Leisure,Economy Class,Athens to Melbourne via Doha,September 2023,9/10,5.0,5.0,4.0,4.0,5.0,4,
fast service and good offerings,Michael Schade,Germany,23rd September 2023,Trip Verified,23rd September 2023,Boeing 738 max / B773 ER,Boeing 738 max / B773 ER,Economy Class,Abu Dhabi to Bangkok via Doha,September 2023,6/10,3.0,5.0,2.0,4.0,4.0,1,
we never got a refund,D Laguitton,United Kingdom,22nd September 2023,Trip Verified,22nd September 2023,,Family Leisure,Economy Class,Doha to Colombo,July 2023,1/10,2.0,1.0,2.0,,1.0,3,
lost the connection flight,Y Horden,Uganda,22nd September 2023,Trip Verified,22nd September 2023,,Business,Economy Class,Entebbe to Vienna via Doha,September 2023,5/10,4.0,5.0,3.0,5.0,4.0,3,
The service was amazing,M Haleem,Germany,22nd September 2023,Trip Verified,22nd September 2023,,Solo Leisure,Economy Class,Doha to Frankfurt,September 2023,10/10,5.0,5.0,5.0,5.0,5.0,5,
very average flights,Michael Schade,Germany,20th September 2023,Trip Verified,20th September 2023,Boeing 773ER / 738 Max,Boeing 773ER / 738 Max,Economy Class,Bangkok to Abu Dhabi via Doha,September 2023,5/10,3.0,5.0,1.0,4.0,4.0,2,
Staff and aircraft were fantastic,George Nicholas Rutter,New Zealand,20th September 2023,Trip Verified,20th September 2023,,Business,Business Class,Doha to Auckland ,September 2023,10/10,5.0,4.0,5.0,4.0,4.0,4,
my seat was not in an exit row,C Mayre,United States,19th September 2023,Trip Verified,19th September 2023,,Solo Leisure,Economy Class,Doha to Istanbul,September 2023,1/10,1.0,,,,1.0,1,
Brilliant service as always,Moeen Omar,South Africa,18th September 2023,Trip Verified,18th September 2023,,Family Leisure,Economy Class,Johannesburg to Barcelona via Doha,September 2023,10/10,5.0,5.0,5.0,4.0,5.0,5,
changed our plane to one that didn't have Qsuites,J Meares,Australia,18th September 2023,Trip Verified,18th September 2023,A380 / Boeing 777 / 787-9 ,A380 / Boeing 777 / 787-9 ,Business Class,Sydney to Athens via Doha,August 2023,2/10,4.0,4.0,3.0,2.0,1.0,3,
Incredible from start to finish,A Derrick,Australia,18th September 2023,Not Verified,18th September 2023,,Business,Business Class,Brisbane to Paris via Doha,August 2023,10/10,5.0,5.0,5.0,5.0,5.0,5,
not able to select seat,D Tewari,United States,15th September 2023,Not Verified,15th September 2023,Boeing 777-300ER,Boeing 777-300ER,Economy Class,Philadelphia to Delhi via Doha,September 2023,3/10,,,,,,2,
"highly polished, professional service",J Mayes,Lebanon,14th September 2023,Trip Verified,14th September 2023,Boeing 777-300ER,Boeing 777-300ER,Business Class,Beirut to Tokyo via Doha,September 2023,10/10,4.0,5.0,5.0,4.0,5.0,4,
not able complete the food service,V Mann,Germany,14th September 2023,Trip Verified,14th September 2023,Boeing 787,Boeing 787,Economy Class,Mumbai to Frankfurt via Doha,September 2023,2/10,2.0,1.0,1.0,2.0,2.0,1,
This is truly a 5 star airline,K Martin,Australia,13th September 2023,Trip Verified,13th September 2023,Boeing 777,Boeing 777,Business Class,Doha to Tokyo,August 2023,10/10,5.0,5.0,5.0,5.0,5.0,5,
another fantastic experience,N Kasouri,United Kingdom,13th September 2023,Trip Verified,13th September 2023,A350-900,A350-900,Economy Class,London Heathrow to Doha,September 2023,10/10,4.0,5.0,4.0,4.0,5.0,4,
Seat comfort on 787 absolute zero,E Paulsen,Thailand,12th September 2023,Trip Verified,12th September 2023,Boeing 787,Boeing 787,Economy Class,Bangkok to Gatwick via Doha,September 2023,1/10,1.0,4.0,3.0,3.0,3.0,2,
waiting for some invoices for more than a year,C Kadyka,Poland,12th September 2023,Trip Verified,12th September 2023,A380 / A330 / B777,A380 / A330 / B777,Business Class,Warsaw to Phuket via Doha,May 2023,7/10,4.0,4.0,5.0,4.0,5.0,3,
Food was terrible,Richard Laycock,United Kingdom,10th September 2023,Trip Verified,10th September 2023,A380,A380,Economy Class,Bangkok to Edinburgh via Doha,August 2023,4/10,3.0,1.0,1.0,5.0,5.0,2,
food on these flights was really tasty,Richard Laycock,United Kingdom,10th September 2023,Trip Verified,10th September 2023,Boeing 787-8,Boeing 787-8,Economy Class,Edinburgh to Bangkok via Doha,August 2023,8/10,3.0,4.0,4.0,5.0,3.0,4,
Indigo was absolutely horrible,T Morton,United Kingdom,9th September 2023,Trip Verified,9th September 2023,,Family Leisure,Economy Class,London to Kochi via Doha,August 2023,1/10,2.0,3.0,2.0,2.0,1.0,1,
I highly recommend Qatar Airways,Michelle Rollason,Australia,9th September 2023,Trip Verified,9th September 2023,A380,A380,Business Class,Sydney to Rome via Doha,July 2023,10/10,5.0,5.0,5.0,5.0,5.0,5,
everything was just amazing,Ayesha Amjad,Pakistan,7th September 2023,Trip Verified,7th September 2023,,Family Leisure,Economy Class,Islamabad to London via Doha,September 2023,10/10,5.0,5.0,4.0,5.0,5.0,5,
service throughout was exceptional,Rajapaksa Minimuthu Rajapaksa,Sri Lanka,6th September 2023,Trip Verified,6th September 2023,,Business,Economy Class,Geneva to Colombo via Doha,September 2023,9/10,4.0,5.0,5.0,5.0,5.0,5,
I was given a middle seat,Adrien Rousseau,New Zealand,5th September 2023,Trip Verified,5th September 2023,A350,A350,Economy Class,Auckland to London via Doha,September 2023,5/10,2.0,4.0,2.0,5.0,4.0,2,
Will not use them again,M Garten,United Kingdom,4th September 2023,Trip Verified,4th September 2023,,Solo Leisure,Economy Class,Bangkok to London via Doha,September 2023,5/10,2.0,5.0,3.0,2.0,3.0,2,
the personal service was fantastic,Alwaleed Althani,Qatar,3rd September 2023,Trip Verified,3rd September 2023,A380,A380,First Class,London to Doha,September 2023,9/10,5.0,5.0,5.0,1.0,1.0,4,
I asked for a low salt menu,M Masi,Iran,29th August 2023,Trip Verified,29th August 2023,,Solo Leisure,Economy Class,Montreal to Tehran via Doha,August 2023,8/10,4.0,2.0,1.0,4.0,3.0,4,
seat was quite uncomfortable,SR Shetty,India,29th August 2023,Not Verified,29th August 2023,Boeing 777-300ER,Boeing 777-300ER,Economy Class,Chicago to Doha,August 2023,4/10,3.0,3.0,4.0,3.0,2.0,2,
a wonderful experience,S R Shetty,India,29th August 2023,Not Verified,29th August 2023,Boeing 777-300ER,Boeing 777-300ER,Business Class,Doha to Mumbai,August 2023,8/10,5.0,5.0,5.0,4.0,4.0,5,
very good business class product,R Maxwell,United States,26th August 2023,Not Verified,26th August 2023,Boeing 777 / 787,Boeing 777 / 787,Business Class,Dallas to Johannesburg via Doha,August 2023,7/10,4.0,3.0,5.0,4.0,2.0,3,
upgrade was only for the segment,T Marelli,France,26th August 2023,Trip Verified,26th August 2023,,Family Leisure,Business Class,Singapore to Zurich via Doha,August 2023,1/10,4.0,3.0,2.0,4.0,1.0,1,
Al Safwa lounge food has improved,Michael Schade,Germany,24th August 2023,Trip Verified,24th August 2023,A350-900 / Boeing 777-300,A350-900 / Boeing 777-300,Business Class,Zurich to Bangkok via Doha,August 2023,4/10,3.0,5.0,4.0,4.0,2.0,1,
experienced such bad service,S Morten,Germany,22nd August 2023,Trip Verified,22nd August 2023,,Couple Leisure,Economy Class,Bangkok to Berlin via Doha,July 2023,4/10,4.0,1.0,4.0,5.0,1.0,4,
highlights the exemplary service,Vinod Kamalam Surendran,United States,21st August 2023,Trip Verified,21st August 2023,,Solo Leisure,Economy Class,Doha to New York JFK ,August 2023,8/10,4.0,5.0,4.0,5.0,4.0,5,
Excellent service provided,Matteo Bertoni,Italy,20th August 2023,Trip Verified,20th August 2023,A350-900 / Boeing 787-8,A350-900 / Boeing 787-8,Business Class,Milan to Windhoek via Doha,August 2023,10/10,5.0,5.0,5.0,4.0,4.0,5,
Both my meals were inedible,Christopher Geerdts,South Africa,19th August 2023,Trip Verified,19th August 2023,,Couple Leisure,Economy Class,Doha to Cape Town,August 2023,1/10,1.0,3.0,2.0,,1.0,1,
Qsuite was exceptional,Ilham Fadila,Indonesia,17th August 2023,Trip Verified,17th August 2023,Boeing 777-300ER,Boeing 777-300ER,Business Class,Jakarta to Philadelphia via Doha,August 2023,8/10,5.0,5.0,5.0,5.0,4.0,5,
Excellent service as always,B Gordon,Australia,16th August 2023,Trip Verified,16th August 2023,A380 / A350,A380 / A350,Economy Class,Perth to Riyadh via Doha,August 2023,10/10,5.0,5.0,4.0,,5.0,5,
tedious bus-gating in Doha,Anders Pedersen,Vietnam,15th August 2023,Trip Verified,15th August 2023,Boeing 787-9 / A350-9,Boeing 787-9 / A350-9,Economy Class,Hanoi to Johannesburg via Dohs,August 2023,8/10,4.0,5.0,4.0,5.0,4.0,4,
The internet was the worst,N Harten,Netherlands,12th August 2023,Trip Verified,12th August 2023,A350 / Boeing 787,A350 / Boeing 787,Economy Class,Maputo to Denpasar via Doha,July 2023,3/10,2.0,3.0,3.0,3.0,3.0,2,
delay of 90 minutes,E Dasirin,Belgium,7th August 2023,Trip Verified,7th August 2023,,Family Leisure,Economy Class,Frankfurt to Perth via Doha,July 2023,7/10,4.0,4.0,4.0,4.0,4.0,3,
Boeing 787 is a small aircraft,A Nicholls,Australia,7th August 2023,Trip Verified,7th August 2023,Boeing 787,Boeing 787,Economy Class,Rome to Denpasar via Doha,July 2023,2/10,1.0,5.0,2.0,2.0,3.0,1,
were denied lounge access,J Hadissim,Kenya,2nd August 2023,Trip Verified,2nd August 2023,,Business,Business Class,Jarkata to Doha,August 2023,8/10,5.0,4.0,4.0,4.0,3.0,2,
Absolutely memorable trip,Natalja Litvinova,Romania,1st August 2023,Trip Verified,1st August 2023,A350,A350,Business Class,Bucharest to Singapore via Doha,July 2023,10/10,5.0,5.0,5.0,5.0,5.0,5,
Food was amazing,Hossameldin Marzouk,Poland,30th July 2023,Trip Verified,30th July 2023,,Business,First Class,Doha to Warsaw,November 2022,10/10,5.0,5.0,5.0,5.0,5.0,5,
Service on board was good,Ine Joosten,Belgium,29th July 2023,Trip Verified,29th July 2023,,Family Leisure,Economy Class,Phuket to Brussels via Doha,July 2023,9/10,4.0,4.0,3.0,5.0,4.0,5,
the original series which is  a few years old,Jeroen Mutsaars,United Kingdom,27th July 2023,Trip Verified,27th July 2023,Boeing 777,Boeing 777,Business Class,Manchester to Jakarta via Doha,July 2023,2/10,1.0,1.0,1.0,1.0,1.0,1,
downgraded to the old seating,Michael Schade,Germany,26th July 2023,Trip Verified,26th July 2023,Boeing 787/A359,Boeing 787/A359,Business Class,Bangkok to Zurich via Doha,July 2023,3/10,2.0,5.0,5.0,5.0,5.0,1,
wait 5 hours for the next available flight,Ryan Furlong,Ireland,26th July 2023,Trip Verified,26th July 2023,,Solo Leisure,Economy Class,Dublin to Dubai via Doha,July 2023,1/10,1.0,1.0,1.0,,1.0,1,
Qatar airways is the best airline,K Emeli,Nigeria,26th July 2023,Trip Verified,26th July 2023,,Solo Leisure,Economy Class,London to Lagos via Doha,July 2023,9/10,5.0,5.0,5.0,5.0,5.0,5,
cheap and no-frill experience,S Leeson,United Kingdom,21st July 2023,Trip Verified,21st July 2023,,Family Leisure,Economy Class,London to Cochin via Doha,July 2023,1/10,3.0,1.0,1.0,1.0,1.0,1,
best service provided,Edlin Anthony Ang,Philippines,20th July 2023,Trip Verified,20th July 2023,Boeing 777-300,Boeing 777-300,Economy Class,Manila to Montreal via Doha,July 2023,10/10,5.0,5.0,5.0,5.0,5.0,5,
IFE system did not work,W Parlumo,United States,19th July 2023,Trip Verified,19th July 2023,A350,A350,Business Class,New York to Doha,July 2023,1/10,4.0,4.0,1.0,1.0,4.0,1,
Flights always on time,Petrus Smith,South Africa,16th July 2023,Trip Verified,16th July 2023,,Business,Premium Economy,Johannesburg to Baghdad via Doha,July 2023,10/10,4.0,5.0,4.0,4.0,5.0,5,
made me feel unwelcome,S Meed,South Africa,16th July 2023,Trip Verified,16th July 2023,,Family Leisure,Economy Class,Johannesburg to Bali via Doha,July 2023,2/10,2.0,1.0,3.0,4.0,1.0,3,
Qatar Airways is the best way to go,Chipo Maenzanise,United Kingdom,14th July 2023,Trip Verified,14th July 2023,,Solo Leisure,Economy Class,Harare to London via Doha,July 2023,8/10,4.0,5.0,3.0,5.0,4.0,4,
The seat was uncomfortable,S Haseet,India,13th July 2023,Trip Verified,13th July 2023,Boeing 777-300,Boeing 777-300,Economy Class,Mumbai to Chicago via Doha,July 2023,2/10,2.0,3.0,5.0,3.0,3.0,1,
stuck at the airport this whole time,T Mayle,United States,12th July 2023,Trip Verified,12th July 2023,,Solo Leisure,Economy Class,Philadelphia to Doha,June 2023,1/10,1.0,1.0,,,1.0,1,
Friendly helpful staff,M Barten,New Zealand,10th July 2023,Trip Verified,10th July 2023,A350,A350,Business Class,Doha to Cape Town,July 2023,8/10,5.0,5.0,5.0,4.0,5.0,4,
Didn't give access to a lounge,B Allen,United Arab Emirates,4th July 2023,Trip Verified,4th July 2023,,Solo Leisure,Economy Class,Abu Dhabi to Manchester via Doha,July 2023,1/10,4.0,1.0,5.0,,1.0,1,
turned out to be exactly as advertised,Jason Ma,Hong Kong,1st July 2023,Trip Verified,1st July 2023,A350,A350,Business Class,New York JFK to Doha,June 2023,9/10,5.0,5.0,5.0,4.0,5.0,5,
food was disgusting,Kashfia Haque,United States,23rd June 2023,Not Verified,23rd June 2023,,Family Leisure,Economy Class,Boston to Dhaka via Doha,February 2023,3/10,1.0,3.0,1.0,1.0,2.0,3,
"Flights uneventful,",Michael Schade,Germany,21st June 2023,Trip Verified,21st June 2023,773/773 (ex. CX),773/773 (ex. CX),Economy Class,Frankfurt to Bangkok via Doha,June 2023,5/10,1.0,3.0,2.0,1.0,4.0,2,
Flight was okay,H Hummaira ,United States,21st June 2023,Trip Verified,21st June 2023,,Solo Leisure,Economy Class,Los Angeles to Lagos via Doha,January 2023,3/10,4.0,5.0,3.0,4.0,4.0,3,
rather use a different airline,Atilla Birer,Romania,16th June 2023,Trip Verified,16th June 2023,,Business,Economy Class,Abu Dhabi to Bucharest via Doha,June 2023,1/10,1.0,2.0,4.0,4.0,1.0,1,
put his seat in full recline position,Sebastien Gendron,France,15th June 2023,Trip Verified,15th June 2023,,Family Leisure,Economy Class,Paris to Jakarta via Doha,June 2023,6/10,1.0,4.0,4.0,4.0,3.0,3,
was well pampered,Anders Pedersen,Vietnam,15th June 2023,Trip Verified,15th June 2023,Boeing 787-8,Boeing 787-8,Economy Class,Doha to Hanoi,June 2023,8/10,4.0,4.0,4.0,5.0,5.0,3,
Will keep flying Qatar,S Barton,Netherlands,14th June 2023,Trip Verified,14th June 2023,Boeing 777 300ER,Boeing 777 300ER,Economy Class,Amsterdam to Phuket via Doha,June 2023,9/10,4.0,4.0,4.0,4.0,5.0,5,
my seat was uncomfortable,A Kamareem,Qatar,14th June 2023,Trip Verified,14th June 2023,A330-300,A330-300,Economy Class,Madrid to Doha ,June 2023,5/10,1.0,5.0,4.0,1.0,3.0,3,
customer service was super courteous,Maryam Daneshvaran,United States,14th June 2023,Not Verified,14th June 2023,,Couple Leisure,Economy Class,Tehran to Dallas via Doha,June 2023,8/10,5.0,5.0,2.0,2.0,5.0,5,
Exceptional service,M Kralik,Bulgaria,9th June 2023,Trip Verified,9th June 2023,A320,A320,Business Class,Sofia to Dubai via Doha,June 2023,10/10,5.0,5.0,5.0,4.0,5.0,5,
utmost satisfaction and appreciation,Ravisankar Konnakkottu,New Zealand,7th June 2023,Trip Verified,7th June 2023,,Solo Leisure,Economy Class,Auckland to Doha,May 2023,10/10,5.0,5.0,5.0,4.0,5.0,5,
rather underwhelming experience,C Scheale,Germany,7th June 2023,Trip Verified,7th June 2023,Boeing 777-300 / 787-8,Boeing 777-300 / 787-8,Economy Class,Bangkok to Frankfurt via Doha,June 2023,5/10,3.0,5.0,2.0,5.0,4.0,1,
difficult to deal with customer service,Francisca Arancibia-Duran,Australia,6th June 2023,Not Verified,6th June 2023,,Couple Leisure,Economy Class,Athens to Sydney via Doha,June 2023,4/10,2.0,3.0,2.0,2.0,3.0,2,
appreciate the good and warm services,Rizaldy Ilaya,Philippines,3rd June 2023,Trip Verified,3rd June 2023,,Solo Leisure,Economy Class,Lagos to Manila via Doha,June 2023,9/10,4.0,5.0,5.0,4.0,5.0,4,
switched us from suites,W Peale,United States,27th May 2023,Trip Verified,27th May 2023,Boeing 777-300ER,Boeing 777-300ER,Business Class,Doha to Ord,May 2023,6/10,2.0,5.0,5.0,4.0,1.0,2,
Great seats in business class,Joanna Michael dit Miguel,United Kingdom,24th May 2023,Trip Verified,24th May 2023,Boeing 777,Boeing 777,Business Class,London to Abu Dhabi via Doha,May 2023,3/10,4.0,4.0,3.0,5.0,3.0,1,
they put me in exit row center,R Geares,United States,24th May 2023,Trip Verified,24th May 2023,Boeing 777-300ER,Boeing 777-300ER,Economy Class,Doha to Chicago,May 2023,4/10,3.0,3.0,3.0,4.0,2.0,2,
had a very good experience,M Hakan Dagtas,Philippines,22nd May 2023,Trip Verified,22nd May 2023,Boeing 777-200 LR,Boeing 777-200 LR,Business Class,Manila to Istanbul via Doha,May 2023,9/10,5.0,5.0,5.0,5.0,4.0,4,
